0 verbose cli /usr/local/bin/node /usr/local/bin/npm
1 info using npm@10.5.0
2 info using node@v20.12.2
3 timing npm:load:whichnode Completed in 0ms
4 timing config:load:defaults Completed in 1ms
5 timing config:load:file:/usr/local/lib/node_modules/npm/npmrc Completed in 1ms
6 timing config:load:builtin Completed in 1ms
7 timing config:load:cli Completed in 1ms
8 timing config:load:env Completed in 0ms
9 timing config:load:project Completed in 1ms
10 timing config:load:file:/root/.npmrc Completed in 3ms
11 timing config:load:user Completed in 3ms
12 timing config:load:file:/usr/local/etc/npmrc Completed in 0ms
13 timing config:load:global Completed in 0ms
14 timing config:load:setEnvs Completed in 0ms
15 timing config:load Completed in 7ms
16 timing npm:load:configload Completed in 7ms
17 timing config:load:flatten Completed in 1ms
18 timing npm:load:mkdirpcache Completed in 1ms
19 timing npm:load:mkdirplogs Completed in 0ms
20 verbose title npm install
21 verbose argv "install"
22 timing npm:load:setTitle Completed in 0ms
23 timing npm:load:display Completed in 1ms
24 verbose logfile logs-max:10 dir:/root/.npm/_logs/2026-03-29T19_00_43_222Z-
25 verbose logfile /root/.npm/_logs/2026-03-29T19_00_43_222Z-debug-0.log
26 timing npm:load:logFile Completed in 4ms
27 timing npm:load:timers Completed in 0ms
28 timing npm:load:configScope Completed in 0ms
29 timing npm:load Completed in 20ms
30 timing arborist:ctor Completed in 0ms
31 silly logfile done cleaning log files
32 timing idealTree:init Completed in 243ms
33 timing idealTree:userRequests Completed in 0ms
34 silly idealTree buildDeps
35 timing idealTree:#root Completed in 0ms
36 timing idealTree:buildDeps Completed in 1ms
37 timing idealTree:fixDepFlags Completed in 1ms
38 timing idealTree Completed in 254ms
39 timing reify:loadTrees Completed in 264ms
40 timing reify:diffTrees Completed in 8ms
41 silly reify moves {}
42 timing reify:retireShallow Completed in 1ms
43 http fetch GET 200 https://registry.npmjs.org/npm 601ms
44 timing reify:createSparse Completed in 371ms
45 timing reify:loadBundles Completed in 0ms
46 silly audit bulk request {
46 silly audit   '@aashutoshrathi/word-wrap': [ '1.2.6' ],
46 silly audit   '@ampproject/remapping': [ '2.3.0' ],
46 silly audit   '@babel/code-frame': [ '7.24.2' ],
46 silly audit   '@babel/compat-data': [ '7.24.4' ],
46 silly audit   '@babel/core': [ '7.24.4' ],
46 silly audit   semver: [ '6.3.1', '7.6.0' ],
46 silly audit   '@babel/generator': [ '7.24.4' ],
46 silly audit   '@babel/helper-compilation-targets': [ '7.23.6' ],
46 silly audit   '@babel/helper-environment-visitor': [ '7.22.20' ],
46 silly audit   '@babel/helper-function-name': [ '7.23.0' ],
46 silly audit   '@babel/helper-hoist-variables': [ '7.22.5' ],
46 silly audit   '@babel/helper-module-imports': [ '7.24.3' ],
46 silly audit   '@babel/helper-module-transforms': [ '7.23.3' ],
46 silly audit   '@babel/helper-plugin-utils': [ '7.24.0' ],
46 silly audit   '@babel/helper-simple-access': [ '7.22.5' ],
46 silly audit   '@babel/helper-split-export-declaration': [ '7.22.6' ],
46 silly audit   '@babel/helper-string-parser': [ '7.24.1' ],
46 silly audit   '@babel/helper-validator-identifier': [ '7.22.20' ],
46 silly audit   '@babel/helper-validator-option': [ '7.23.5' ],
46 silly audit   '@babel/helpers': [ '7.24.4' ],
46 silly audit   '@babel/highlight': [ '7.24.2' ],
46 silly audit   'ansi-styles': [ '3.2.1', '4.3.0', '5.2.0', '6.1.0' ],
46 silly audit   chalk: [ '2.4.2', '5.0.1', '4.1.2', '5.3.0' ],
46 silly audit   'color-convert': [ '1.9.3', '2.0.1' ],
46 silly audit   'color-name': [ '1.1.3', '1.1.4' ],
46 silly audit   'has-flag': [ '3.0.0', '4.0.0' ],
46 silly audit   'supports-color': [ '5.5.0', '8.1.1', '7.2.0' ],
46 silly audit   '@babel/parser': [ '7.24.4' ],
46 silly audit   '@babel/plugin-syntax-async-generators': [ '7.8.4' ],
46 silly audit   '@babel/plugin-syntax-bigint': [ '7.8.3' ],
46 silly audit   '@babel/plugin-syntax-class-properties': [ '7.12.13' ],
46 silly audit   '@babel/plugin-syntax-import-meta': [ '7.10.4' ],
46 silly audit   '@babel/plugin-syntax-json-strings': [ '7.8.3' ],
46 silly audit   '@babel/plugin-syntax-jsx': [ '7.24.1' ],
46 silly audit   '@babel/plugin-syntax-logical-assignment-operators': [ '7.10.4' ],
46 silly audit   '@babel/plugin-syntax-nullish-coalescing-operator': [ '7.8.3' ],
46 silly audit   '@babel/plugin-syntax-numeric-separator': [ '7.10.4' ],
46 silly audit   '@babel/plugin-syntax-object-rest-spread': [ '7.8.3' ],
46 silly audit   '@babel/plugin-syntax-optional-catch-binding': [ '7.8.3' ],
46 silly audit   '@babel/plugin-syntax-optional-chaining': [ '7.8.3' ],
46 silly audit   '@babel/plugin-syntax-top-level-await': [ '7.14.5' ],
46 silly audit   '@babel/plugin-syntax-typescript': [ '7.24.1' ],
46 silly audit   '@babel/runtime': [ '7.24.4' ],
46 silly audit   '@babel/template': [ '7.24.0' ],
46 silly audit   '@babel/traverse': [ '7.24.1' ],
46 silly audit   globals: [ '11.12.0', '14.0.0', '13.24.0', '15.0.0' ],
46 silly audit   '@babel/types': [ '7.24.0' ],
46 silly audit   '@bcoe/v8-coverage': [ '0.2.3' ],
46 silly audit   '@colors/colors': [ '1.5.0' ],
46 silly audit   '@discoveryjs/json-ext': [ '0.5.7' ],
46 silly audit   '@eslint-community/eslint-utils': [ '4.4.0' ],
46 silly audit   '@eslint-community/regexpp': [ '4.10.0' ],
46 silly audit   '@eslint/eslintrc': [ '3.0.2', '2.1.4' ],
46 silly audit   '@eslint/js': [ '9.1.1', '8.57.0' ],
46 silly audit   '@fastify/accept-negotiator': [ '1.0.0' ],
46 silly audit   '@fastify/ajv-compiler': [ '3.5.0' ],
46 silly audit   ajv: [ '8.12.0', '6.12.6', '8.11.0' ],
46 silly audit   'json-schema-traverse': [ '1.0.0', '0.4.1' ],
46 silly audit   '@fastify/cookie': [ '9.3.1' ],
46 silly audit   'fastify-plugin': [ '4.5.1', '4.2.0', '2.3.4', '3.0.1' ],
46 silly audit   '@fastify/deepmerge': [ '1.3.0' ],
46 silly audit   '@fastify/error': [ '3.4.1' ],
46 silly audit   '@fastify/fast-json-stringify-compiler': [ '4.3.0' ],
46 silly audit   '@fastify/flash': [ '5.1.0' ],
46 silly audit   '@fastify/formbody': [ '7.4.0' ],
46 silly audit   '@fastify/merge-json-schemas': [ '0.1.1' ],
46 silly audit   '@fastify/secure-session': [ '7.5.1' ],
46 silly audit   '@fastify/send': [ '2.1.0' ],
46 silly audit   '@fastify/sensible': [ '5.5.0' ],
46 silly audit   '@fastify/static': [ '7.0.3' ],
46 silly audit   '@fastify/view': [ '9.0.0' ],
46 silly audit   '@gar/promisify': [ '1.1.3' ],
46 silly audit   '@humanwhocodes/config-array': [ '0.11.14' ],
46 silly audit   '@humanwhocodes/module-importer': [ '1.0.1' ],
46 silly audit   '@humanwhocodes/object-schema': [ '2.0.3' ],
46 silly audit   '@isaacs/cliui': [ '8.0.2' ],
46 silly audit   'ansi-regex': [ '6.0.1', '5.0.1' ],
46 silly audit   'emoji-regex': [ '9.2.2', '8.0.0' ],
46 silly audit   'string-width': [ '5.1.2', '4.2.3' ],
46 silly audit   'strip-ansi': [ '7.1.0', '7.0.1', '6.0.1' ],
46 silly audit   '@istanbuljs/load-nyc-config': [ '1.1.0' ],
46 silly audit   argparse: [ '1.0.10', '2.0.1' ],
46 silly audit   'find-up': [ '4.1.0', '5.0.0', '3.0.0' ],
46 silly audit   'js-yaml': [ '3.14.1', '4.1.0' ],
46 silly audit   'locate-path': [ '5.0.0', '6.0.0', '3.0.0' ],
46 silly audit   'p-limit': [ '2.3.0', '3.1.0' ],
46 silly audit   'p-locate': [ '4.1.0', '5.0.0', '3.0.0' ],
46 silly audit   '@istanbuljs/schema': [ '0.1.3' ],
46 silly audit   '@jest/console': [ '29.7.0' ],
46 silly audit   '@jest/core': [ '29.7.0' ],
46 silly audit   '@jest/environment': [ '29.7.0' ],
46 silly audit   '@jest/expect': [ '29.7.0' ],
46 silly audit   '@jest/expect-utils': [ '29.7.0' ],
46 silly audit   '@jest/fake-timers': [ '29.7.0' ],
46 silly audit   '@jest/globals': [ '29.7.0' ],
46 silly audit   '@jest/reporters': [ '29.7.0' ],
46 silly audit   glob: [ '7.2.3', '10.3.12', '8.1.0' ],
46 silly audit   '@jest/schemas': [ '29.6.3' ],
46 silly audit   '@jest/source-map': [ '29.6.3' ],
46 silly audit   '@jest/test-result': [ '29.7.0' ],
46 silly audit   '@jest/test-sequencer': [ '29.7.0' ],
46 silly audit   '@jest/transform': [ '29.7.0' ],
46 silly audit   '@jest/types': [ '29.6.3' ],
46 silly audit   '@jridgewell/gen-mapping': [ '0.3.5' ],
46 silly audit   '@jridgewell/resolve-uri': [ '3.1.2' ],
46 silly audit   '@jridgewell/set-array': [ '1.2.1' ],
46 silly audit   '@jridgewell/source-map': [ '0.3.6' ],
46 silly audit   '@jridgewell/sourcemap-codec': [ '1.4.15' ],
46 silly audit   '@jridgewell/trace-mapping': [ '0.3.25' ],
46 silly audit   '@lukeed/ms': [ '2.0.2' ],
46 silly audit   '@nodelib/fs.scandir': [ '2.1.5' ],
46 silly audit   '@nodelib/fs.stat': [ '2.0.5' ],
46 silly audit   '@nodelib/fs.walk': [ '1.2.8' ],
46 silly audit   '@npmcli/fs': [ '3.1.0', '2.1.2', '1.1.1' ],
46 silly audit   '@npmcli/git': [ '4.1.0' ],
46 silly audit   'lru-cache': [ '7.18.3', '5.1.1', '10.2.0', '6.0.0' ],
46 silly audit   which: [ '3.0.1', '2.0.2' ],
46 silly audit   '@npmcli/installed-package-contents': [ '2.0.2' ],
46 silly audit   '@npmcli/move-file': [ '2.0.1', '1.1.2' ],
46 silly audit   '@npmcli/node-gyp': [ '3.0.0' ],
46 silly audit   '@npmcli/promise-spawn': [ '6.0.2' ],
46 silly audit   '@npmcli/run-script': [ '6.0.2' ],
46 silly audit   '@one-ini/wasm': [ '0.1.1' ],
46 silly audit   '@pkgjs/parseargs': [ '0.11.0' ],
46 silly audit   '@pnpm/network.ca-file': [ '1.0.1' ],
46 silly audit   '@pnpm/npm-conf': [ '1.0.5' ],
46 silly audit   '@popperjs/core': [ '2.11.8' ],
46 silly audit   '@rails/ujs': [ '7.1.3-2' ],
46 silly audit   '@sigstore/bundle': [ '1.1.0' ],
46 silly audit   '@sigstore/protobuf-specs': [ '0.2.1' ],
46 silly audit   '@sigstore/sign': [ '1.0.0' ],
46 silly audit   '@sigstore/tuf': [ '1.0.3' ],
46 silly audit   '@sinclair/typebox': [ '0.27.8' ],
46 silly audit   '@sindresorhus/is': [ '5.3.0' ],
46 silly audit   '@sinonjs/commons': [ '3.0.1' ],
46 silly audit   '@sinonjs/fake-timers': [ '10.3.0' ],
46 silly audit   '@szmarczak/http-timer': [ '5.0.1' ],
46 silly audit   '@tootallnate/once': [ '2.0.0', '1.1.2' ],
46 silly audit   '@tufjs/canonical-json': [ '1.0.0' ],
46 silly audit   '@tufjs/models': [ '1.0.4' ],
46 silly audit   'brace-expansion': [ '2.0.1', '1.1.11' ],
46 silly audit   minimatch: [ '9.0.4', '9.0.1', '5.1.6', '3.1.2' ],
46 silly audit   '@types/babel__core': [ '7.20.5' ],
46 silly audit   '@types/babel__generator': [ '7.6.8' ],
46 silly audit   '@types/babel__template': [ '7.4.4' ],
46 silly audit   '@types/babel__traverse': [ '7.20.5' ],
46 silly audit   '@types/cacheable-request': [ '6.0.2' ],
46 silly audit   '@types/debug': [ '4.1.12' ],
46 silly audit   '@types/eslint': [ '8.4.6' ],
46 silly audit   '@types/eslint-scope': [ '3.7.4' ],
46 silly audit   '@types/estree': [ '1.0.5' ],
46 silly audit   '@types/graceful-fs': [ '4.1.9' ],
46 silly audit   '@types/http-cache-semantics': [ '4.0.1' ],
46 silly audit   '@types/istanbul-lib-coverage': [ '2.0.6' ],
46 silly audit   '@types/istanbul-lib-report': [ '3.0.3' ],
46 silly audit   '@types/istanbul-reports': [ '3.0.4' ],
46 silly audit   '@types/jest': [ '29.5.12' ],
46 silly audit   '@types/json-schema': [ '7.0.11' ],
46 silly audit   '@types/json5': [ '0.0.29' ],
46 silly audit   '@types/keyv': [ '3.1.4' ],
46 silly audit   '@types/ms': [ '0.7.34' ],
46 silly audit   '@types/node': [ '20.12.7' ],
46 silly audit   '@types/responselike': [ '1.0.0' ],
46 silly audit   '@types/semver-utils': [ '1.1.3' ],
46 silly audit   '@types/stack-trace': [ '0.0.29' ],
46 silly audit   '@types/stack-utils': [ '2.0.3' ],
46 silly audit   '@types/validator': [ '13.11.9' ],
46 silly audit   '@types/yargs': [ '17.0.32' ],
46 silly audit   '@types/yargs-parser': [ '21.0.3' ],
46 silly audit   '@ungap/structured-clone': [ '1.2.0' ],
46 silly audit   '@vscode/sqlite3': [ '5.1.2' ],
46 silly audit   '@webassemblyjs/ast': [ '1.12.1' ],
46 silly audit   '@webassemblyjs/floating-point-hex-parser': [ '1.11.6' ],
46 silly audit   '@webassemblyjs/helper-api-error': [ '1.11.6' ],
46 silly audit   '@webassemblyjs/helper-buffer': [ '1.12.1' ],
46 silly audit   '@webassemblyjs/helper-numbers': [ '1.11.6' ],
46 silly audit   '@webassemblyjs/helper-wasm-bytecode': [ '1.11.6' ],
46 silly audit   '@webassemblyjs/helper-wasm-section': [ '1.12.1' ],
46 silly audit   '@webassemblyjs/ieee754': [ '1.11.6' ],
46 silly audit   '@webassemblyjs/leb128': [ '1.11.6' ],
46 silly audit   '@webassemblyjs/utf8': [ '1.11.6' ],
46 silly audit   '@webassemblyjs/wasm-edit': [ '1.12.1' ],
46 silly audit   '@webassemblyjs/wasm-gen': [ '1.12.1' ],
46 silly audit   '@webassemblyjs/wasm-opt': [ '1.12.1' ],
46 silly audit   '@webassemblyjs/wasm-parser': [ '1.12.1' ],
46 silly audit   '@webassemblyjs/wast-printer': [ '1.12.1' ],
46 silly audit   '@webpack-cli/configtest': [ '2.1.1' ],
46 silly audit   '@webpack-cli/info': [ '2.0.2' ],
46 silly audit   '@webpack-cli/serve': [ '2.0.5' ],
46 silly audit   '@xtuc/ieee754': [ '1.2.0' ],
46 silly audit   '@xtuc/long': [ '4.2.2' ],
46 silly audit   abbrev: [ '1.1.1', '2.0.0' ],
46 silly audit   'abort-controller': [ '3.0.0' ],
46 silly audit   'abstract-logging': [ '2.0.1' ],
46 silly audit   acorn: [ '8.11.3', '7.4.1' ],
46 silly audit   'acorn-import-assertions': [ '1.9.0' ],
46 silly audit   'acorn-jsx': [ '5.3.2' ],
46 silly audit   'agent-base': [ '6.0.2' ],
46 silly audit   agentkeepalive: [ '4.2.1' ],
46 silly audit   depd: [ '1.1.2', '2.0.0' ],
46 silly audit   'aggregate-error': [ '3.1.0' ],
46 silly audit   'ajv-formats': [ '2.1.1', '3.0.1' ],
46 silly audit   'ajv-keywords': [ '3.5.2', '5.1.0' ],
46 silly audit   'ansi-align': [ '3.0.1' ],
46 silly audit   'ansi-escapes': [ '4.3.2' ],
46 silly audit   'type-fest': [ '0.21.3', '2.19.0', '1.4.0', '0.20.2' ],
46 silly audit   anymatch: [ '3.1.2' ],
46 silly audit   aproba: [ '2.0.0' ],
46 silly audit   archy: [ '1.0.0' ],
46 silly audit   'are-we-there-yet': [ '3.0.1' ],
46 silly audit   'array-buffer-byte-length': [ '1.0.1' ],
46 silly audit   'array-includes': [ '3.1.8' ],
46 silly audit   'array-union': [ '2.1.0' ],
46 silly audit   'array.prototype.findlastindex': [ '1.2.5' ],
46 silly audit   'array.prototype.flat': [ '1.3.2' ],
46 silly audit   'array.prototype.flatmap': [ '1.3.2' ],
46 silly audit   'arraybuffer.prototype.slice': [ '1.0.3' ],
46 silly audit   asap: [ '2.0.6' ],
46 silly audit   'assert-never': [ '1.2.1' ],
46 silly audit   'at-least-node': [ '1.0.0' ],
46 silly audit   'atomic-sleep': [ '1.0.0' ],
46 silly audit   'available-typed-arrays': [ '1.0.7' ],
46 silly audit   avvio: [ '8.3.0' ],
46 silly audit   'babel-jest': [ '29.7.0' ],
46 silly audit   'babel-plugin-istanbul': [ '6.1.1' ],
46 silly audit   'istanbul-lib-instrument': [ '5.2.1', '6.0.2' ],
46 silly audit   'babel-plugin-jest-hoist': [ '29.6.3' ],
46 silly audit   'babel-preset-current-node-syntax': [ '1.0.1' ],
46 silly audit   'babel-preset-jest': [ '29.6.3' ],
46 silly audit   'babel-walk': [ '3.0.0-canary-5' ],
46 silly audit   'balanced-match': [ '1.0.2' ],
46 silly audit   'base64-js': [ '1.5.1' ],
46 silly audit   'better-sqlite3': [ '8.7.0' ],
46 silly audit   'binary-extensions': [ '2.2.0' ],
46 silly audit   bindings: [ '1.5.0' ],
46 silly audit   bl: [ '4.1.0' ],
46 silly audit   bluebird: [ '3.7.2' ],
46 silly audit   bootstrap: [ '5.3.3' ],
46 silly audit   boxen: [ '7.0.0' ],
46 silly audit   camelcase: [ '7.0.0', '5.3.1', '6.3.0' ],
46 silly audit   braces: [ '3.0.2' ],
46 silly audit   browserslist: [ '4.23.0' ],
46 silly audit   bser: [ '2.1.1' ],
46 silly audit   buffer: [ '5.7.1', '6.0.3' ],
46 silly audit   'buffer-from': [ '1.1.2' ],
46 silly audit   builtins: [ '5.1.0' ],
46 silly audit   cacache: [ '17.1.4', '16.1.3', '15.3.0' ],
46 silly audit   'fs-minipass': [ '3.0.3', '2.1.0' ],
46 silly audit   minipass: [ '7.0.4', '5.0.0', '3.3.4' ],
46 silly audit   'unique-filename': [ '3.0.0', '2.0.1', '1.1.1' ],
46 silly audit   'unique-slug': [ '4.0.0', '3.0.0', '2.0.2' ],
46 silly audit   'cacheable-lookup': [ '6.1.0' ],
46 silly audit   'cacheable-request': [ '7.0.2' ],
46 silly audit   'get-stream': [ '5.2.0', '6.0.1' ],
46 silly audit   'lowercase-keys': [ '2.0.0', '3.0.0' ],
46 silly audit   'call-bind': [ '1.0.7' ],
46 silly audit   callsites: [ '3.1.0' ],
46 silly audit   'caniuse-lite': [ '1.0.30001612' ],
46 silly audit   'char-regex': [ '1.0.2' ],
46 silly audit   'character-parser': [ '2.2.0' ],
46 silly audit   chokidar: [ '3.5.3' ],
46 silly audit   'glob-parent': [ '5.1.2', '6.0.2' ],
46 silly audit   chownr: [ '2.0.0', '1.1.4' ],
46 silly audit   'chrome-trace-event': [ '1.0.3' ],
46 silly audit   'ci-info': [ '3.3.2' ],
46 silly audit   'cjs-module-lexer': [ '1.2.3' ],
46 silly audit   'clean-stack': [ '2.2.0' ],
46 silly audit   'cli-boxes': [ '3.0.0' ],
46 silly audit   'cli-color': [ '2.0.4' ],
46 silly audit   'cli-table3': [ '0.6.4' ],
46 silly audit   cliui: [ '8.0.1', '7.0.4' ],
46 silly audit   'wrap-ansi': [ '7.0.0', '8.1.0' ],
46 silly audit   'clone-deep': [ '4.0.1' ],
46 silly audit   'clone-response': [ '1.0.3' ],
46 silly audit   'close-with-grace': [ '1.1.0' ],
46 silly audit   co: [ '4.6.0' ],
46 silly audit   'collect-v8-coverage': [ '1.0.2' ],
46 silly audit   'color-support': [ '1.1.3' ],
46 silly audit   colorette: [ '2.0.19' ],
46 silly audit   commander: [ '10.0.1', '2.20.3' ],
46 silly audit   commist: [ '3.0.0' ],
46 silly audit   'concat-map': [ '0.0.1' ],
46 silly audit   concurrently: [ '8.2.2' ],
46 silly audit   'config-chain': [ '1.1.13' ],
46 silly audit   ini: [ '1.3.8', '2.0.0', '4.1.2' ],
46 silly audit   configstore: [ '6.0.0' ],
46 silly audit   'write-file-atomic': [ '3.0.3', '4.0.2' ],
46 silly audit   'confusing-browser-globals': [ '1.0.11' ],
46 silly audit   'console-control-strings': [ '1.1.0' ],
46 silly audit   constantinople: [ '4.0.1' ],
46 silly audit   'content-disposition': [ '0.5.4' ],
46 silly audit   'convert-source-map': [ '2.0.0' ],
46 silly audit   cookie: [ '0.6.0', '0.4.2' ],
46 silly audit   'cookie-signature': [ '1.2.1' ],
46 silly audit   'create-jest': [ '29.7.0' ],
46 silly audit   'cross-spawn': [ '7.0.3' ],
46 silly audit   'crypto-random-string': [ '4.0.0' ],
46 silly audit   'css-loader': [ '7.1.1' ],
46 silly audit   cssesc: [ '3.0.0' ],
46 silly audit   d: [ '1.0.2' ],
46 silly audit   'data-view-buffer': [ '1.0.1' ],
46 silly audit   'data-view-byte-length': [ '1.0.1' ],
46 silly audit   'data-view-byte-offset': [ '1.0.0' ],
46 silly audit   'date-fns': [ '2.30.0' ],
46 silly audit   dateformat: [ '4.6.3' ],
46 silly audit   'db-errors': [ '0.2.3' ],
46 silly audit   debug: [ '4.3.4', '3.2.7' ],
46 silly audit   ms: [ '2.1.2', '2.1.3' ],
46 silly audit   'decompress-response': [ '6.0.0' ],
46 silly audit   'mimic-response': [ '3.1.0', '1.0.1' ],
46 silly audit   dedent: [ '1.5.3' ],
46 silly audit   'deep-extend': [ '0.6.0' ],
46 silly audit   'deep-is': [ '0.1.4' ],
46 silly audit   deepmerge: [ '4.3.1' ],
46 silly audit   'defer-to-connect': [ '2.0.1' ],
46 silly audit   'define-data-property': [ '1.1.4' ],
46 silly audit   'define-properties': [ '1.2.1' ],
46 silly audit   delegates: [ '1.0.0' ],
46 silly audit   'detect-libc': [ '2.0.3' ],
46 silly audit   'detect-newline': [ '3.1.0' ],
46 silly audit   'diff-sequences': [ '29.6.3' ],
46 silly audit   'dir-glob': [ '3.0.1' ],
46 silly audit   doctrine: [ '3.0.0', '2.1.0' ],
46 silly audit   doctypes: [ '1.1.0' ],
46 silly audit   'dot-prop': [ '6.0.1' ],
46 silly audit   dotenv: [ '16.4.5' ],
46 silly audit   dottie: [ '2.0.6' ],
46 silly audit   eastasianwidth: [ '0.2.0' ],
46 silly audit   editorconfig: [ '1.0.4' ],
46 silly audit   'electron-to-chromium': [ '1.4.746' ],
46 silly audit   emittery: [ '0.13.1' ],
46 silly audit   encoding: [ '0.1.13' ],
46 silly audit   'end-of-stream': [ '1.4.4' ],
46 silly audit   'enhanced-resolve': [ '5.16.0' ],
46 silly audit   entities: [ '3.0.1' ],
46 silly audit   'env-paths': [ '2.2.1' ],
46 silly audit   envinfo: [ '7.12.0' ],
46 silly audit   'err-code': [ '2.0.3' ],
46 silly audit   'error-ex': [ '1.3.2' ],
46 silly audit   'es-abstract': [ '1.23.3' ],
46 silly audit   'es-define-property': [ '1.0.0' ],
46 silly audit   'es-errors': [ '1.3.0' ],
46 silly audit   'es-module-lexer': [ '1.5.0' ],
46 silly audit   'es-object-atoms': [ '1.0.0' ],
46 silly audit   'es-set-tostringtag': [ '2.0.3' ],
46 silly audit   'es-shim-unscopables': [ '1.0.2' ],
46 silly audit   'es-to-primitive': [ '1.2.1' ],
46 silly audit   'es5-ext': [ '0.10.64' ],
46 silly audit   'es6-iterator': [ '2.0.3' ],
46 silly audit   'es6-symbol': [ '3.1.4' ],
46 silly audit   'es6-weak-map': [ '2.0.3' ],
46 silly audit   escalade: [ '3.1.1' ],
46 silly audit   'escape-goat': [ '4.0.0' ],
46 silly audit   'escape-html': [ '1.0.3' ],
46 silly audit   'escape-string-regexp': [ '1.0.5', '4.0.0', '2.0.0' ],
46 silly audit   eslint: [ '8.57.0' ],
46 silly audit   'eslint-config-airbnb-base': [ '15.0.0' ],
46 silly audit   'eslint-import-resolver-node': [ '0.3.9' ],
46 silly audit   'eslint-module-utils': [ '2.8.1' ],
46 silly audit   'eslint-plugin-import': [ '2.29.1' ],
46 silly audit   'eslint-scope': [ '7.2.2', '5.1.1' ],
46 silly audit   'eslint-visitor-keys': [ '3.4.3', '4.0.0' ],
46 silly audit   espree: [ '9.6.1', '10.0.1' ],
46 silly audit   esm: [ '3.2.25' ],
46 silly audit   esniff: [ '2.0.1' ],
46 silly audit   esprima: [ '4.0.1' ],
46 silly audit   esquery: [ '1.5.0' ],
46 silly audit   esrecurse: [ '4.3.0' ],
46 silly audit   estraverse: [ '5.3.0', '4.3.0' ],
46 silly audit   esutils: [ '2.0.3' ],
46 silly audit   'event-emitter': [ '0.3.5' ],
46 silly audit   'event-target-shim': [ '5.0.1' ],
46 silly audit   events: [ '3.3.0' ],
46 silly audit   execa: [ '5.1.1' ],
46 silly audit   exit: [ '0.1.2' ],
46 silly audit   'expand-template': [ '2.0.3' ],
46 silly audit   expect: [ '29.7.0' ],
46 silly audit   'exponential-backoff': [ '3.1.1' ],
46 silly audit   ext: [ '1.7.0' ],
46 silly audit   'fast-content-type-parse': [ '1.1.0' ],
46 silly audit   'fast-copy': [ '3.0.2' ],
46 silly audit   'fast-decode-uri-component': [ '1.0.1' ],
46 silly audit   'fast-deep-equal': [ '3.1.3' ],
46 silly audit   'fast-glob': [ '3.2.11' ],
46 silly audit   'fast-json-stable-stringify': [ '2.1.0' ],
46 silly audit   'fast-json-stringify': [ '5.14.1' ],
46 silly audit   'fast-levenshtein': [ '2.0.6' ],
46 silly audit   'fast-memoize': [ '2.5.2' ],
46 silly audit   'fast-querystring': [ '1.0.0' ],
46 silly audit   'fast-redact': [ '3.5.0' ],
46 silly audit   'fast-safe-stringify': [ '2.1.1' ],
46 silly audit   'fast-uri': [ '2.3.0' ],
46 silly audit   'fastest-levenshtein': [ '1.0.16' ],
46 silly audit   fastify: [ '4.26.2' ],
46 silly audit   'fastify-cli': [ '6.1.1' ],
46 silly audit   'pino-pretty': [ '10.3.1', '11.0.0' ],
46 silly audit   'help-me': [ '5.0.0', '4.2.0' ],
46 silly audit   'readable-stream': [ '4.5.2', '3.6.2' ],
46 silly audit   'fastify-error-page': [ '4.0.0' ],
46 silly audit   'fastify-method-override': [ '1.5.10' ],
46 silly audit   'fastify-objectionjs': [ '2.0.1' ],
46 silly audit   knex: [ '2.5.1', '3.1.0' ],
46 silly audit   'pg-connection-string': [ '2.6.1', '2.6.2', '2.6.4' ],
46 silly audit   'fastify-reverse-routes': [ '3.0.0' ],
46 silly audit   fastq: [ '1.17.1' ],
46 silly audit   'fb-watchman': [ '2.0.2' ],
46 silly audit   'file-entry-cache': [ '6.0.1' ],
46 silly audit   'file-uri-to-path': [ '1.0.0' ],
46 silly audit   'fill-range': [ '7.0.1' ],
46 silly audit   'find-my-way': [ '8.1.0' ],
46 silly audit   'flat-cache': [ '3.2.0' ],
46 silly audit   flatted: [ '3.3.1' ],
46 silly audit   'for-each': [ '0.3.3' ],
46 silly audit   'foreground-child': [ '3.1.1' ],
46 silly audit   'signal-exit': [ '4.1.0', '3.0.7' ],
46 silly audit   'form-data-encoder': [ '2.1.0' ],
46 silly audit   forwarded: [ '0.2.0' ],
46 silly audit   'fp-and-or': [ '0.1.4' ],
46 silly audit   'fs-constants': [ '1.0.0' ],
46 silly audit   'fs-extra': [ '9.1.0' ],
46 silly audit   'fs.realpath': [ '1.0.0' ],
46 silly audit   fsevents: [ '2.3.2' ],
46 silly audit   'function-bind': [ '1.1.2' ],
46 silly audit   'function.prototype.name': [ '1.1.6' ],
46 silly audit   'functions-have-names': [ '1.2.3' ],
46 silly audit   gauge: [ '4.0.4' ],
46 silly audit   generify: [ '4.2.0' ],
46 silly audit   gensync: [ '1.0.0-beta.2' ],
46 silly audit   'get-caller-file': [ '2.0.5' ],
46 silly audit   'get-intrinsic': [ '1.2.4' ],
46 silly audit   'get-package-type': [ '0.1.0' ],
46 silly audit   'get-stdin': [ '8.0.0' ],
46 silly audit   'get-symbol-description': [ '1.0.2' ],
46 silly audit   getopts: [ '2.3.0' ],
46 silly audit   'github-from-package': [ '0.0.0' ],
46 silly audit   'glob-to-regexp': [ '0.4.1' ],
46 silly audit   'global-dirs': [ '3.0.0' ],
46 silly audit   globalthis: [ '1.0.3' ],
46 silly audit   globby: [ '11.1.0' ],
46 silly audit   gopd: [ '1.0.1' ],
46 silly audit   got: [ '12.3.1' ],
46 silly audit   'graceful-fs': [ '4.2.10', '4.2.11' ],
46 silly audit   graphemer: [ '1.4.0' ],
46 silly audit   'has-bigints': [ '1.0.2' ],
46 silly audit   'has-property-descriptors': [ '1.0.2' ],
46 silly audit   'has-proto': [ '1.0.3' ],
46 silly audit   'has-symbols': [ '1.0.3' ],
46 silly audit   'has-tostringtag': [ '1.0.2' ],
46 silly audit   'has-unicode': [ '2.0.1' ],
46 silly audit   'has-yarn': [ '3.0.0' ],
46 silly audit   hashlru: [ '2.3.0' ],
46 silly audit   hasown: [ '2.0.2' ],
46 silly audit   'hosted-git-info': [ '5.2.1', '6.1.1' ],
46 silly audit   'html-escaper': [ '2.0.2' ],
46 silly audit   'http-cache-semantics': [ '4.1.1' ],
46 silly audit   'http-errors': [ '2.0.0' ],
46 silly audit   'http-proxy-agent': [ '5.0.0', '4.0.1' ],
46 silly audit   'http2-wrapper': [ '2.1.11' ],
46 silly audit   'https-proxy-agent': [ '5.0.1' ],
46 silly audit   'human-signals': [ '2.1.0' ],
46 silly audit   'humanize-ms': [ '1.2.1' ],
46 silly audit   i18next: [ '23.11.2' ],
46 silly audit   'iconv-lite': [ '0.6.3' ],
46 silly audit   'icss-utils': [ '5.1.0' ],
46 silly audit   ieee754: [ '1.2.1' ],
46 silly audit   ignore: [ '5.2.0' ],
46 silly audit   'ignore-walk': [ '6.0.4' ],
46 silly audit   'import-fresh': [ '3.3.0' ],
46 silly audit   'resolve-from': [ '4.0.0', '5.0.0' ],
46 silly audit   'import-lazy': [ '4.0.0' ],
46 silly audit   'import-local': [ '3.1.0' ],
46 silly audit   imurmurhash: [ '0.1.4' ],
46 silly audit   'indent-string': [ '4.0.0' ],
46 silly audit   'infer-owner': [ '1.0.4' ],
46 silly audit   inflection: [ '1.13.4' ],
46 silly audit   inflight: [ '1.0.6' ],
46 silly audit   inherits: [ '2.0.4' ],
46 silly audit   'internal-slot': [ '1.0.7' ],
46 silly audit   interpret: [ '2.2.0', '3.1.1' ],
46 silly audit   ip: [ '2.0.0' ],
46 silly audit   'ipaddr.js': [ '1.9.1' ],
46 silly audit   'is-array-buffer': [ '3.0.4' ],
46 silly audit   'is-arrayish': [ '0.2.1' ],
46 silly audit   'is-bigint': [ '1.0.4' ],
46 silly audit   'is-binary-path': [ '2.1.0' ],
46 silly audit   'is-boolean-object': [ '1.1.2' ],
46 silly audit   'is-callable': [ '1.2.7' ],
46 silly audit   'is-ci': [ '3.0.1' ],
46 silly audit   'is-core-module': [ '2.13.1' ],
46 silly audit   'is-data-view': [ '1.0.1' ],
46 silly audit   'is-date-object': [ '1.0.5' ],
46 silly audit   'is-docker': [ '2.2.1' ],
46 silly audit   'is-expression': [ '4.0.0' ],
46 silly audit   'is-extglob': [ '2.1.1' ],
46 silly audit   'is-fullwidth-code-point': [ '3.0.0' ],
46 silly audit   'is-generator-fn': [ '2.1.0' ],
46 silly audit   'is-glob': [ '4.0.3' ],
46 silly audit   'is-installed-globally': [ '0.4.0' ],
46 silly audit   'is-lambda': [ '1.0.1' ],
46 silly audit   'is-negative-zero': [ '2.0.3' ],
46 silly audit   'is-npm': [ '6.0.0' ],
46 silly audit   'is-number': [ '7.0.0' ],
46 silly audit   'is-number-object': [ '1.0.7' ],
46 silly audit   'is-obj': [ '2.0.0' ],
46 silly audit   'is-path-inside': [ '3.0.3' ],
46 silly audit   'is-plain-object': [ '2.0.4' ],
46 silly audit   'is-promise': [ '2.2.2' ],
46 silly audit   'is-regex': [ '1.1.4' ],
46 silly audit   'is-shared-array-buffer': [ '1.0.3' ],
46 silly audit   'is-stream': [ '2.0.1' ],
46 silly audit   'is-string': [ '1.0.7' ],
46 silly audit   'is-symbol': [ '1.0.4' ],
46 silly audit   'is-typed-array': [ '1.1.13' ],
46 silly audit   'is-typedarray': [ '1.0.0' ],
46 silly audit   'is-weakref': [ '1.0.2' ],
46 silly audit   'is-yarn-global': [ '0.4.0' ],
46 silly audit   isarray: [ '2.0.5' ],
46 silly audit   isbinaryfile: [ '4.0.10' ],
46 silly audit   isexe: [ '2.0.0' ],
46 silly audit   isobject: [ '3.0.1' ],
46 silly audit   'istanbul-lib-coverage': [ '3.2.2' ],
46 silly audit   'istanbul-lib-report': [ '3.0.1' ],
46 silly audit   'istanbul-lib-source-maps': [ '4.0.1' ],
46 silly audit   'istanbul-reports': [ '3.1.7' ],
46 silly audit   jackspeak: [ '2.3.6' ],
46 silly audit   jest: [ '29.7.0' ],
46 silly audit   'jest-changed-files': [ '29.7.0' ],
46 silly audit   'jest-circus': [ '29.7.0' ],
46 silly audit   'jest-cli': [ '29.7.0' ],
46 silly audit   'jest-config': [ '29.7.0' ],
46 silly audit   'jest-diff': [ '29.7.0' ],
46 silly audit   'jest-docblock': [ '29.7.0' ],
46 silly audit   'jest-each': [ '29.7.0' ],
46 silly audit   'jest-environment-node': [ '29.7.0' ],
46 silly audit   'jest-get-type': [ '29.6.3' ],
46 silly audit   'jest-haste-map': [ '29.7.0' ],
46 silly audit   'jest-leak-detector': [ '29.7.0' ],
46 silly audit   'jest-matcher-utils': [ '29.7.0' ],
46 silly audit   'jest-message-util': [ '29.7.0' ],
46 silly audit   'jest-mock': [ '29.7.0' ],
46 silly audit   'jest-pnp-resolver': [ '1.2.3' ],
46 silly audit   'jest-regex-util': [ '29.6.3' ],
46 silly audit   'jest-resolve': [ '29.7.0' ],
46 silly audit   'jest-resolve-dependencies': [ '29.7.0' ],
46 silly audit   'jest-runner': [ '29.7.0' ],
46 silly audit   'jest-runtime': [ '29.7.0' ],
46 silly audit   'jest-snapshot': [ '29.7.0' ],
46 silly audit   'jest-util': [ '29.7.0' ],
46 silly audit   'jest-validate': [ '29.7.0' ],
46 silly audit   'jest-watcher': [ '29.7.0' ],
46 silly audit   'jest-worker': [ '29.7.0', '27.5.1' ],
46 silly audit   jju: [ '1.4.0' ],
46 silly audit   joycon: [ '3.1.1' ],
46 silly audit   jquery: [ '3.7.1' ],
46 silly audit   'js-beautify': [ '1.15.1' ],
46 silly audit   nopt: [ '7.2.0', '6.0.0', '5.0.0' ],
46 silly audit   'js-cookie': [ '3.0.5' ],
46 silly audit   'js-stringify': [ '1.0.2' ],
46 silly audit   'js-tokens': [ '4.0.0' ],
46 silly audit   jsesc: [ '2.5.2' ],
46 silly audit   'json-buffer': [ '3.0.1' ],
46 silly audit   'json-parse-even-better-errors': [ '2.3.1', '3.0.1' ],
46 silly audit   'json-parse-helpfulerror': [ '1.0.3' ],
46 silly audit   'json-schema-ref-resolver': [ '1.0.1' ],
46 silly audit   'json-stable-stringify-without-jsonify': [ '1.0.1' ],
46 silly audit   json5: [ '2.2.3', '1.0.2' ],
46 silly audit   jsonfile: [ '6.1.0' ],
46 silly audit   jsonlines: [ '0.1.1' ],
46 silly audit   jsonparse: [ '1.3.1' ],
46 silly audit   jstransformer: [ '1.0.0' ],
46 silly audit   'jstransformer-markdown-it': [ '3.0.0' ],
46 silly audit   keyv: [ '4.5.4' ],
46 silly audit   'kind-of': [ '6.0.3' ],
46 silly audit   kleur: [ '3.0.3', '4.1.5' ],
46 silly audit   'latest-version': [ '7.0.0' ],
46 silly audit   leven: [ '3.1.0' ],
46 silly audit   levn: [ '0.4.1' ],
46 silly audit   'light-my-request': [ '5.13.0' ],
46 silly audit   'lines-and-columns': [ '1.2.4' ],
46 silly audit   'linkify-it': [ '4.0.1' ],
46 silly audit   'loader-runner': [ '4.3.0' ],
46 silly audit   lodash: [ '4.17.21' ],
46 silly audit   'lodash.castarray': [ '4.4.0' ],
46 silly audit   'lodash.compact': [ '3.0.1' ],
46 silly audit   'lodash.isempty': [ '4.4.0' ],
46 silly audit   'lodash.merge': [ '4.6.2' ],
46 silly audit   yallist: [ '3.1.1', '4.0.0' ],
46 silly audit   'lru-queue': [ '0.1.0' ],
46 silly audit   'make-dir': [ '4.0.0' ],
46 silly audit   'make-fetch-happen': [ '11.1.1', '10.2.1', '9.1.0' ],
46 silly audit   'make-promises-safe': [ '5.1.0' ],
46 silly audit   makeerror: [ '1.0.12' ],
46 silly audit   'markdown-it': [ '13.0.2' ],
46 silly audit   mdurl: [ '1.0.1' ],
46 silly audit   'media-typer': [ '0.3.0' ],
46 silly audit   memoizee: [ '0.4.15' ],
46 silly audit   'merge-stream': [ '2.0.0' ],
46 silly audit   merge2: [ '1.4.1' ],
46 silly audit   micromatch: [ '4.0.5' ],
46 silly audit   mime: [ '3.0.0' ],
46 silly audit   'mime-db': [ '1.52.0' ],
46 silly audit   'mime-types': [ '2.1.35' ],
46 silly audit   'mimic-fn': [ '2.1.0' ],
46 silly audit   'mini-css-extract-plugin': [ '2.9.0' ],
46 silly audit   minimist: [ '1.2.6' ],
46 silly audit   'minipass-collect': [ '1.0.2' ],
46 silly audit   'minipass-fetch': [ '3.0.4', '2.1.2', '1.4.1' ],
46 silly audit   'minipass-flush': [ '1.0.5' ],
46 silly audit   'minipass-json-stream': [ '1.0.1' ],
46 silly audit   'minipass-pipeline': [ '1.2.4' ],
46 silly audit   'minipass-sized': [ '1.0.3' ],
46 silly audit   minizlib: [ '2.1.2' ],
46 silly audit   mkdirp: [ '1.0.4' ],
46 silly audit   'mkdirp-classic': [ '0.5.3' ],
46 silly audit   moment: [ '2.30.1' ],
46 silly audit   'moment-timezone': [ '0.5.45' ],
46 silly audit   mustache: [ '4.2.0' ],
46 silly audit   nanoid: [ '3.3.7' ],
46 silly audit   'napi-build-utils': [ '1.0.2' ],
46 silly audit   'natural-compare': [ '1.4.0' ],
46 silly audit   negotiator: [ '0.6.3' ],
46 silly audit   'neo-async': [ '2.6.2' ],
46 silly audit   'next-tick': [ '1.1.0' ],
46 silly audit   'node-abi': [ '3.60.0' ],
46 silly audit   'node-addon-api': [ '4.3.0', '7.1.0' ],
46 silly audit   'node-gyp': [ '9.4.1', '8.4.1' ],
46 silly audit   'node-gyp-build': [ '4.8.0' ],
46 silly audit   ssri: [ '9.0.1', '8.0.1', '10.0.5' ],
46 silly audit   'node-int64': [ '0.4.0' ],
46 silly audit   'node-releases': [ '2.0.14' ],
46 silly audit   'normalize-package-data': [ '5.0.0' ],
46 silly audit   'normalize-path': [ '3.0.0' ],
46 silly audit   'normalize-url': [ '6.1.0' ],
46 silly audit   'npm-bundled': [ '3.0.0' ],
46 silly audit   'npm-check-updates': [ '16.14.18' ],
46 silly audit   rimraf: [ '5.0.5', '3.0.2' ],
46 silly audit   'source-map-support': [ '0.5.21', '0.5.13' ],
46 silly audit   'strip-json-comments': [ '5.0.1', '2.0.1', '3.1.1' ],
46 silly audit   'npm-install-checks': [ '6.3.0' ],
46 silly audit   'npm-normalize-package-bin': [ '3.0.1' ],
46 silly audit   'npm-package-arg': [ '10.1.0' ],
46 silly audit   'npm-packlist': [ '7.0.4' ],
46 silly audit   'npm-pick-manifest': [ '8.0.2' ],
46 silly audit   'npm-registry-fetch': [ '14.0.5' ],
46 silly audit   'npm-run-path': [ '4.0.1' ],
46 silly audit   npmlog: [ '6.0.2' ],
46 silly audit   'object-assign': [ '4.1.1' ],
46 silly audit   'object-inspect': [ '1.13.1' ],
46 silly audit   'object-keys': [ '1.1.1' ],
46 silly audit   'object.assign': [ '4.1.5' ],
46 silly audit   'object.entries': [ '1.1.8' ],
46 silly audit   'object.fromentries': [ '2.0.8' ],
46 silly audit   'object.groupby': [ '1.0.3' ],
46 silly audit   'object.values': [ '1.2.0' ],
46 silly audit   objection: [ '3.1.4' ],
46 silly audit   'objection-unique': [ '1.2.2' ],
46 silly audit   'on-exit-leak-free': [ '2.1.2' ],
46 silly audit   once: [ '1.4.0' ],
46 silly audit   onetime: [ '5.1.2' ],
46 silly audit   optionator: [ '0.9.3' ],
46 silly audit   'p-cancelable': [ '3.0.0' ],
46 silly audit   'p-map': [ '4.0.0' ],
46 silly audit   'p-try': [ '2.2.0' ],
46 silly audit   'package-json': [ '8.1.0' ],
46 silly audit   pacote: [ '15.2.0' ],
46 silly audit   'parent-module': [ '1.0.1' ],
46 silly audit   'parse-github-url': [ '1.0.2' ],
46 silly audit   'parse-json': [ '5.2.0' ],
46 silly audit   'path-exists': [ '4.0.0', '3.0.0' ],
46 silly audit   'path-is-absolute': [ '1.0.1' ],
46 silly audit   'path-key': [ '3.1.1' ],
46 silly audit   'path-parse': [ '1.0.7' ],
46 silly audit   'path-scurry': [ '1.10.2' ],
46 silly audit   'path-to-regexp': [ '6.2.1' ],
46 silly audit   'path-type': [ '4.0.0' ],
46 silly audit   pg: [ '8.11.5' ],
46 silly audit   'pg-cloudflare': [ '1.1.1' ],
46 silly audit   'pg-int8': [ '1.0.1' ],
46 silly audit   'pg-pool': [ '3.6.2' ],
46 silly audit   'pg-protocol': [ '1.6.1' ],
46 silly audit   'pg-types': [ '2.2.0' ],
46 silly audit   pgpass: [ '1.0.5' ],
46 silly audit   split2: [ '4.2.0', '3.2.2' ],
46 silly audit   picocolors: [ '1.0.0' ],
46 silly audit   picomatch: [ '2.3.1' ],
46 silly audit   pino: [ '8.20.0' ],
46 silly audit   'pino-abstract-transport': [ '1.2.0' ],
46 silly audit   'pino-std-serializers': [ '6.2.2' ],
46 silly audit   pirates: [ '4.0.6' ],
46 silly audit   'pkg-dir': [ '4.2.0' ],
46 silly audit   'pkg-up': [ '3.1.0' ],
46 silly audit   'possible-typed-array-names': [ '1.0.0' ],
46 silly audit   postcss: [ '8.4.38' ],
46 silly audit   'postcss-modules-extract-imports': [ '3.1.0' ],
46 silly audit   'postcss-modules-local-by-default': [ '4.0.5' ],
46 silly audit   'postcss-modules-scope': [ '3.2.0' ],
46 silly audit   'postcss-modules-values': [ '4.0.0' ],
46 silly audit   'postcss-selector-parser': [ '6.0.16' ],
46 silly audit   'postcss-value-parser': [ '4.2.0' ],
46 silly audit   'postgres-array': [ '2.0.0' ],
46 silly audit   'postgres-bytea': [ '1.0.0' ],
46 silly audit   'postgres-date': [ '1.0.7' ],
46 silly audit   'postgres-interval': [ '1.2.0' ],
46 silly audit   'prebuild-install': [ '7.1.2' ],
46 silly audit   'prelude-ls': [ '1.2.1' ],
46 silly audit   'pretty-format': [ '29.7.0' ],
46 silly audit   'proc-log': [ '3.0.0' ],
46 silly audit   process: [ '0.11.10' ],
46 silly audit   'process-warning': [ '3.0.0' ],
46 silly audit   progress: [ '2.0.3' ],
46 silly audit   promise: [ '7.3.1' ],
46 silly audit   'promise-inflight': [ '1.0.1' ],
46 silly audit   'promise-retry': [ '2.0.1' ],
46 silly audit   prompts: [ '2.4.2' ],
46 silly audit   'prompts-ncu': [ '3.0.0' ],
46 silly audit   'proto-list': [ '1.2.4' ],
46 silly audit   'proxy-addr': [ '2.0.7' ],
46 silly audit   pug: [ '3.0.2' ],
46 silly audit   'pug-attrs': [ '3.0.0' ],
46 silly audit   'pug-code-gen': [ '3.0.2' ],
46 silly audit   'pug-error': [ '2.0.0' ],
46 silly audit   'pug-filters': [ '4.0.0' ],
46 silly audit   'pug-lexer': [ '5.0.1' ],
46 silly audit   'pug-linker': [ '4.0.0' ],
46 silly audit   'pug-load': [ '3.0.0' ],
46 silly audit   'pug-parser': [ '6.0.0' ],
46 silly audit   'pug-runtime': [ '3.0.1' ],
46 silly audit   'pug-strip-comments': [ '2.0.0' ],
46 silly audit   'pug-walk': [ '2.0.0' ],
46 silly audit   pump: [ '3.0.0' ],
46 silly audit   punycode: [ '2.1.1' ],
46 silly audit   pupa: [ '3.1.0' ],
46 silly audit   'pure-rand': [ '6.1.0' ],
46 silly audit   qs: [ '6.12.1' ],
46 silly audit   'queue-microtask': [ '1.2.3' ],
46 silly audit   'quick-format-unescaped': [ '4.0.4' ],
46 silly audit   'quick-lru': [ '5.1.1' ],
46 silly audit   randombytes: [ '2.1.0' ],
46 silly audit   rc: [ '1.2.8' ],
46 silly audit   'rc-config-loader': [ '4.1.3' ],
46 silly audit   'react-is': [ '18.2.0' ],
46 silly audit   'read-package-json': [ '6.0.4' ],
46 silly audit   'read-package-json-fast': [ '3.0.2' ],
46 silly audit   readdirp: [ '3.6.0' ],
46 silly audit   'real-require': [ '0.2.0' ],
46 silly audit   rechoir: [ '0.8.0' ],
46 silly audit   'regenerator-runtime': [ '0.14.1' ],
46 silly audit   'regexp.prototype.flags': [ '1.5.2' ],
46 silly audit   'registry-auth-token': [ '5.0.1' ],
46 silly audit   'registry-url': [ '6.0.1' ],
46 silly audit   'remote-git-tags': [ '3.0.0' ],
46 silly audit   'require-directory': [ '2.1.1' ],
46 silly audit   'require-from-string': [ '2.0.2' ],
46 silly audit   resolve: [ '1.22.8' ],
46 silly audit   'resolve-alpn': [ '1.2.1' ],
46 silly audit   'resolve-cwd': [ '3.0.0' ],
46 silly audit   'resolve.exports': [ '2.0.2' ],
46 silly audit   responselike: [ '2.0.1' ],
46 silly audit   ret: [ '0.2.2' ],
46 silly audit   retry: [ '0.12.0' ],
46 silly audit   'retry-as-promised': [ '7.0.4' ],
46 silly audit   reusify: [ '1.0.4' ],
46 silly audit   rfdc: [ '1.3.1' ],
46 silly audit   'run-parallel': [ '1.2.0' ],
46 silly audit   rxjs: [ '7.8.1' ],
46 silly audit   'safe-array-concat': [ '1.1.2' ],
46 silly audit   'safe-buffer': [ '5.2.1' ],
46 silly audit   'safe-regex-test': [ '1.0.3' ],
46 silly audit   'safe-regex2': [ '2.0.0' ],
46 silly audit   'safe-stable-stringify': [ '2.4.3' ],
46 silly audit   'safer-buffer': [ '2.1.2' ],
46 silly audit   'schema-utils': [ '4.0.0', '3.3.0' ],
46 silly audit   'secure-json-parse': [ '2.7.0' ],
46 silly audit   'semver-diff': [ '4.0.0' ],
46 silly audit   'semver-utils': [ '1.1.4' ],
46 silly audit   sequelize: [ '6.37.3' ],
46 silly audit   'sequelize-cli': [ '6.6.2' ],
46 silly audit   yargs: [ '16.2.0', '17.7.2' ],
46 silly audit   'yargs-parser': [ '20.2.9', '21.1.1' ],
46 silly audit   'sequelize-pool': [ '7.1.0' ],
46 silly audit   'serialize-javascript': [ '6.0.2' ],
46 silly audit   'set-blocking': [ '2.0.0' ],
46 silly audit   'set-cookie-parser': [ '2.6.0' ],
46 silly audit   'set-function-length': [ '1.2.2' ],
46 silly audit   'set-function-name': [ '2.0.2' ],
46 silly audit   setprototypeof: [ '1.2.0' ],
46 silly audit   'shallow-clone': [ '3.0.1' ],
46 silly audit   'shebang-command': [ '2.0.0' ],
46 silly audit   'shebang-regex': [ '3.0.0' ],
46 silly audit   'shell-quote': [ '1.8.1' ],
46 silly audit   'side-channel': [ '1.0.6' ],
46 silly audit   sigstore: [ '1.9.0' ],
46 silly audit   'simple-concat': [ '1.0.1' ],
46 silly audit   'simple-get': [ '4.0.1' ],
46 silly audit   sisteransi: [ '1.0.5' ],
46 silly audit   slash: [ '3.0.0' ],
46 silly audit   'smart-buffer': [ '4.2.0' ],
46 silly audit   socks: [ '2.7.0' ],
46 silly audit   'socks-proxy-agent': [ '7.0.0', '6.2.1' ],
46 silly audit   'sodium-native': [ '4.1.1' ],
46 silly audit   'sonic-boom': [ '3.8.1' ],
46 silly audit   'source-map': [ '0.6.1' ],
46 silly audit   'source-map-js': [ '1.2.0' ],
46 silly audit   'spawn-command': [ '0.0.2' ],
46 silly audit   'spawn-please': [ '2.0.2' ],
46 silly audit   'spdx-correct': [ '3.2.0' ],
46 silly audit   'spdx-exceptions': [ '2.5.0' ],
46 silly audit   'spdx-expression-parse': [ '3.0.1' ],
46 silly audit   'spdx-license-ids': [ '3.0.17' ],
46 silly audit   'sprintf-js': [ '1.0.3' ],
46 silly audit   sqlite3: [ '5.1.7' ],
46 silly audit   'stack-trace': [ '0.0.10' ],
46 silly audit   'stack-utils': [ '2.0.6' ],
46 silly audit   statuses: [ '2.0.1' ],
46 silly audit   string_decoder: [ '1.3.0' ],
46 silly audit   'string-length': [ '4.0.2' ],
46 silly audit   'string.prototype.trim': [ '1.2.9' ],
46 silly audit   'string.prototype.trimend': [ '1.0.8' ],
46 silly audit   'string.prototype.trimstart': [ '1.0.8' ],
46 silly audit   'strip-bom': [ '4.0.0', '3.0.0' ],
46 silly audit   'strip-final-newline': [ '2.0.0' ],
46 silly audit   'style-loader': [ '4.0.0' ],
46 silly audit   'supports-preserve-symlinks-flag': [ '1.0.0' ],
46 silly audit   tapable: [ '2.2.1' ],
46 silly audit   tar: [ '6.1.11' ],
46 silly audit   'tar-fs': [ '2.1.1' ],
46 silly audit   'tar-stream': [ '2.2.0' ],
46 silly audit   tarn: [ '3.0.2' ],
46 silly audit   terser: [ '5.30.4' ],
46 silly audit   'terser-webpack-plugin': [ '5.3.10' ],
46 silly audit   'test-exclude': [ '6.0.0' ],
46 silly audit   'text-table': [ '0.2.0' ],
46 silly audit   'thread-stream': [ '2.6.0' ],
46 silly audit   tildify: [ '2.0.0' ],
46 silly audit   'timers-ext': [ '0.1.7' ],
46 silly audit   tmpl: [ '1.0.5' ],
46 silly audit   'to-fast-properties': [ '2.0.0' ],
46 silly audit   'to-regex-range': [ '5.0.1' ],
46 silly audit   'toad-cache': [ '3.7.0' ],
46 silly audit   toidentifier: [ '1.0.1' ],
46 silly audit   'token-stream': [ '1.0.0' ],
46 silly audit   'toposort-class': [ '1.0.1' ],
46 silly audit   'tree-kill': [ '1.2.2' ],
46 silly audit   'tsconfig-paths': [ '3.15.0' ],
46 silly audit   tslib: [ '2.6.2' ],
46 silly audit   'tuf-js': [ '1.1.7' ],
46 silly audit   'tunnel-agent': [ '0.6.0' ],
46 silly audit   type: [ '2.7.2' ],
46 silly audit   'type-check': [ '0.4.0' ],
46 silly audit   'type-detect': [ '4.0.8' ],
46 silly audit   'type-is': [ '1.6.18' ],
46 silly audit   'typed-array-buffer': [ '1.0.2' ],
46 silly audit   'typed-array-byte-length': [ '1.0.1' ],
46 silly audit   'typed-array-byte-offset': [ '1.0.2' ],
46 silly audit   'typed-array-length': [ '1.0.6' ],
46 silly audit   'typedarray-to-buffer': [ '3.1.5' ],
46 silly audit   'uc.micro': [ '1.0.6' ],
46 silly audit   umzug: [ '2.3.0' ],
46 silly audit   'unbox-primitive': [ '1.0.2' ],
46 silly audit   'undici-types': [ '5.26.5' ],
46 silly audit   'unique-string': [ '3.0.0' ],
46 silly audit   universalify: [ '2.0.1' ],
46 silly audit   untildify: [ '4.0.0' ],
46 silly audit   'update-browserslist-db': [ '1.0.13' ],
46 silly audit   'update-notifier': [ '6.0.2' ],
46 silly audit   'uri-js': [ '4.4.1' ],
46 silly audit   'util-deprecate': [ '1.0.2' ],
46 silly audit   uuid: [ '8.3.2' ],
46 silly audit   'v8-to-istanbul': [ '9.2.0' ],
46 silly audit   'validate-npm-package-license': [ '3.0.4' ],
46 silly audit   'validate-npm-package-name': [ '5.0.0' ],
46 silly audit   validator: [ '13.11.0' ],
46 silly audit   vary: [ '1.1.2' ],
46 silly audit   'void-elements': [ '3.1.0' ],
46 silly audit   walker: [ '1.0.8' ],
46 silly audit   watchpack: [ '2.4.1' ],
46 silly audit   webpack: [ '5.91.0' ],
46 silly audit   'webpack-cli': [ '5.1.4' ],
46 silly audit   'webpack-merge': [ '5.8.0' ],
46 silly audit   'webpack-sources': [ '3.2.3' ],
46 silly audit   'which-boxed-primitive': [ '1.0.2' ],
46 silly audit   'which-typed-array': [ '1.1.15' ],
46 silly audit   'wide-align': [ '1.1.5' ],
46 silly audit   'widest-line': [ '4.0.1' ],
46 silly audit   wildcard: [ '2.0.0' ],
46 silly audit   with: [ '7.0.2' ],
46 silly audit   wkx: [ '0.5.0' ],
46 silly audit   wrappy: [ '1.0.2' ],
46 silly audit   'xdg-basedir': [ '5.1.0' ],
46 silly audit   xtend: [ '4.0.2' ],
46 silly audit   y18n: [ '5.0.8' ],
46 silly audit   'yocto-queue': [ '0.1.0' ],
46 silly audit   youch: [ '2.2.2' ]
46 silly audit }
47 verbose reify failed optional dependency /root/node_modules/fsevents
48 silly reify mark deleted [ '/root/node_modules/fsevents' ]
49 timing reifyNode:node_modules/fsevents Completed in 96ms
50 silly tarball no local data for yargs-parser@https://registry.npmjs.org/yargs-parser/-/yargs-parser-21.1.1.tgz. Extracting by manifest.
51 silly tarball no local data for yocto-queue@https://registry.npmjs.org/yocto-queue/-/yocto-queue-0.1.0.tgz. Extracting by manifest.
52 silly tarball no local data for yallist@https://registry.npmjs.org/yallist/-/yallist-4.0.0.tgz. Extracting by manifest.
53 silly tarball no local data for write-file-atomic@https://registry.npmjs.org/write-file-atomic/-/write-file-atomic-4.0.2.tgz. Extracting by manifest.
54 silly tarball no local data for wrap-ansi@https://registry.npmjs.org/wrap-ansi/-/wrap-ansi-8.1.0.tgz. Extracting by manifest.
55 silly tarball no local data for wrap-ansi-cjs@https://registry.npmjs.org/wrap-ansi/-/wrap-ansi-7.0.0.tgz. Extracting by manifest.
56 silly tarball no local data for wrappy@https://registry.npmjs.org/wrappy/-/wrappy-1.0.2.tgz. Extracting by manifest.
57 silly tarball no local data for wkx@https://registry.npmjs.org/wkx/-/wkx-0.5.0.tgz. Extracting by manifest.
58 silly tarball no local data for with@https://registry.npmjs.org/with/-/with-7.0.2.tgz. Extracting by manifest.
59 silly tarball no local data for wildcard@https://registry.npmjs.org/wildcard/-/wildcard-2.0.0.tgz. Extracting by manifest.
60 silly tarball no local data for wide-align@https://registry.npmjs.org/wide-align/-/wide-align-1.1.5.tgz. Extracting by manifest.
61 silly tarball no local data for which-typed-array@https://registry.npmjs.org/which-typed-array/-/which-typed-array-1.1.15.tgz. Extracting by manifest.
62 silly tarball no local data for which@https://registry.npmjs.org/which/-/which-2.0.2.tgz. Extracting by manifest.
63 silly tarball no local data for webpack-sources@https://registry.npmjs.org/webpack-sources/-/webpack-sources-3.2.3.tgz. Extracting by manifest.
64 silly tarball no local data for webpack@https://registry.npmjs.org/webpack/-/webpack-5.91.0.tgz. Extracting by manifest.
65 silly tarball no local data for which-boxed-primitive@https://registry.npmjs.org/which-boxed-primitive/-/which-boxed-primitive-1.0.2.tgz. Extracting by manifest.
66 silly tarball no local data for webpack-cli@https://registry.npmjs.org/webpack-cli/-/webpack-cli-5.1.4.tgz. Extracting by manifest.
67 silly tarball no local data for webpack-merge@https://registry.npmjs.org/webpack-merge/-/webpack-merge-5.8.0.tgz. Extracting by manifest.
68 silly tarball no local data for walker@https://registry.npmjs.org/walker/-/walker-1.0.8.tgz. Extracting by manifest.
69 silly tarball no local data for watchpack@https://registry.npmjs.org/watchpack/-/watchpack-2.4.1.tgz. Extracting by manifest.
70 silly tarball no local data for vary@https://registry.npmjs.org/vary/-/vary-1.1.2.tgz. Extracting by manifest.
71 silly tarball no local data for validator@https://registry.npmjs.org/validator/-/validator-13.11.0.tgz. Extracting by manifest.
72 silly tarball no local data for void-elements@https://registry.npmjs.org/void-elements/-/void-elements-3.1.0.tgz. Extracting by manifest.
73 silly tarball no local data for validate-npm-package-name@https://registry.npmjs.org/validate-npm-package-name/-/validate-npm-package-name-5.0.0.tgz. Extracting by manifest.
74 silly tarball no local data for xdg-basedir@https://registry.npmjs.org/xdg-basedir/-/xdg-basedir-5.1.0.tgz. Extracting by manifest.
75 silly tarball no local data for util-deprecate@https://registry.npmjs.org/util-deprecate/-/util-deprecate-1.0.2.tgz. Extracting by manifest.
76 silly tarball no local data for uuid@https://registry.npmjs.org/uuid/-/uuid-8.3.2.tgz. Extracting by manifest.
77 silly tarball no local data for uri-js@https://registry.npmjs.org/uri-js/-/uri-js-4.4.1.tgz. Extracting by manifest.
78 silly tarball no local data for v8-to-istanbul@https://registry.npmjs.org/v8-to-istanbul/-/v8-to-istanbul-9.2.0.tgz. Extracting by manifest.
79 silly tarball no local data for validate-npm-package-license@https://registry.npmjs.org/validate-npm-package-license/-/validate-npm-package-license-3.0.4.tgz. Extracting by manifest.
80 silly tarball no local data for update-browserslist-db@https://registry.npmjs.org/update-browserslist-db/-/update-browserslist-db-1.0.13.tgz. Extracting by manifest.
81 silly tarball no local data for untildify@https://registry.npmjs.org/untildify/-/untildify-4.0.0.tgz. Extracting by manifest.
82 silly tarball no local data for universalify@https://registry.npmjs.org/universalify/-/universalify-2.0.1.tgz. Extracting by manifest.
83 silly tarball no local data for unique-string@https://registry.npmjs.org/unique-string/-/unique-string-3.0.0.tgz. Extracting by manifest.
84 silly tarball no local data for widest-line@https://registry.npmjs.org/widest-line/-/widest-line-4.0.1.tgz. Extracting by manifest.
85 silly tarball no local data for undici-types@https://registry.npmjs.org/undici-types/-/undici-types-5.26.5.tgz. Extracting by manifest.
86 silly tarball no local data for unique-filename@https://registry.npmjs.org/unique-filename/-/unique-filename-1.1.1.tgz. Extracting by manifest.
87 silly tarball no local data for umzug@https://registry.npmjs.org/umzug/-/umzug-2.3.0.tgz. Extracting by manifest.
88 silly tarball no local data for unbox-primitive@https://registry.npmjs.org/unbox-primitive/-/unbox-primitive-1.0.2.tgz. Extracting by manifest.
89 silly tarball no local data for typedarray-to-buffer@https://registry.npmjs.org/typedarray-to-buffer/-/typedarray-to-buffer-3.1.5.tgz. Extracting by manifest.
90 silly tarball no local data for uc.micro@https://registry.npmjs.org/uc.micro/-/uc.micro-1.0.6.tgz. Extracting by manifest.
91 silly tarball no local data for typed-array-length@https://registry.npmjs.org/typed-array-length/-/typed-array-length-1.0.6.tgz. Extracting by manifest.
92 silly tarball no local data for typed-array-byte-offset@https://registry.npmjs.org/typed-array-byte-offset/-/typed-array-byte-offset-1.0.2.tgz. Extracting by manifest.
93 silly tarball no local data for typed-array-byte-length@https://registry.npmjs.org/typed-array-byte-length/-/typed-array-byte-length-1.0.1.tgz. Extracting by manifest.
94 silly tarball no local data for unique-slug@https://registry.npmjs.org/unique-slug/-/unique-slug-2.0.2.tgz. Extracting by manifest.
95 silly tarball no local data for type-is@https://registry.npmjs.org/type-is/-/type-is-1.6.18.tgz. Extracting by manifest.
96 silly tarball no local data for type-fest@https://registry.npmjs.org/type-fest/-/type-fest-0.20.2.tgz. Extracting by manifest.
97 silly tarball no local data for type-check@https://registry.npmjs.org/type-check/-/type-check-0.4.0.tgz. Extracting by manifest.
98 silly tarball no local data for type-detect@https://registry.npmjs.org/type-detect/-/type-detect-4.0.8.tgz. Extracting by manifest.
99 silly tarball no local data for type@https://registry.npmjs.org/type/-/type-2.7.2.tgz. Extracting by manifest.
100 silly tarball no local data for tsconfig-paths@https://registry.npmjs.org/tsconfig-paths/-/tsconfig-paths-3.15.0.tgz. Extracting by manifest.
101 silly tarball no local data for tunnel-agent@https://registry.npmjs.org/tunnel-agent/-/tunnel-agent-0.6.0.tgz. Extracting by manifest.
102 silly tarball no local data for tuf-js@https://registry.npmjs.org/tuf-js/-/tuf-js-1.1.7.tgz. Extracting by manifest.
103 silly tarball no local data for tslib@https://registry.npmjs.org/tslib/-/tslib-2.6.2.tgz. Extracting by manifest.
104 silly tarball no local data for yargs@https://registry.npmjs.org/yargs/-/yargs-17.7.2.tgz. Extracting by manifest.
105 silly tarball no local data for toidentifier@https://registry.npmjs.org/toidentifier/-/toidentifier-1.0.1.tgz. Extracting by manifest.
106 silly tarball no local data for toposort-class@https://registry.npmjs.org/toposort-class/-/toposort-class-1.0.1.tgz. Extracting by manifest.
107 silly tarball no local data for token-stream@https://registry.npmjs.org/token-stream/-/token-stream-1.0.0.tgz. Extracting by manifest.
108 silly tarball no local data for toad-cache@https://registry.npmjs.org/toad-cache/-/toad-cache-3.7.0.tgz. Extracting by manifest.
109 silly tarball no local data for tmpl@https://registry.npmjs.org/tmpl/-/tmpl-1.0.5.tgz. Extracting by manifest.
110 silly tarball no local data for tree-kill@https://registry.npmjs.org/tree-kill/-/tree-kill-1.2.2.tgz. Extracting by manifest.
111 silly tarball no local data for to-regex-range@https://registry.npmjs.org/to-regex-range/-/to-regex-range-5.0.1.tgz. Extracting by manifest.
112 silly tarball no local data for tildify@https://registry.npmjs.org/tildify/-/tildify-2.0.0.tgz. Extracting by manifest.
113 silly tarball no local data for timers-ext@https://registry.npmjs.org/timers-ext/-/timers-ext-0.1.7.tgz. Extracting by manifest.
114 silly tarball no local data for thread-stream@https://registry.npmjs.org/thread-stream/-/thread-stream-2.6.0.tgz. Extracting by manifest.
115 silly tarball no local data for test-exclude@https://registry.npmjs.org/test-exclude/-/test-exclude-6.0.0.tgz. Extracting by manifest.
116 silly tarball no local data for to-fast-properties@https://registry.npmjs.org/to-fast-properties/-/to-fast-properties-2.0.0.tgz. Extracting by manifest.
117 silly tarball no local data for text-table@https://registry.npmjs.org/text-table/-/text-table-0.2.0.tgz. Extracting by manifest.
118 silly tarball no local data for terser-webpack-plugin@https://registry.npmjs.org/terser-webpack-plugin/-/terser-webpack-plugin-5.3.10.tgz. Extracting by manifest.
119 silly tarball no local data for typed-array-buffer@https://registry.npmjs.org/typed-array-buffer/-/typed-array-buffer-1.0.2.tgz. Extracting by manifest.
120 silly tarball no local data for terser@https://registry.npmjs.org/terser/-/terser-5.30.4.tgz. Extracting by manifest.
121 silly tarball no local data for tar@https://registry.npmjs.org/tar/-/tar-6.1.11.tgz. Extracting by manifest.
122 silly tarball no local data for tarn@https://registry.npmjs.org/tarn/-/tarn-3.0.2.tgz. Extracting by manifest.
123 silly tarball no local data for supports-preserve-symlinks-flag@https://registry.npmjs.org/supports-preserve-symlinks-flag/-/supports-preserve-symlinks-flag-1.0.0.tgz. Extracting by manifest.
124 silly tarball no local data for tar-stream@https://registry.npmjs.org/tar-stream/-/tar-stream-2.2.0.tgz. Extracting by manifest.
125 silly tarball no local data for supports-color@https://registry.npmjs.org/supports-color/-/supports-color-7.2.0.tgz. Extracting by manifest.
126 silly tarball no local data for strip-final-newline@https://registry.npmjs.org/strip-final-newline/-/strip-final-newline-2.0.0.tgz. Extracting by manifest.
127 silly tarball no local data for strip-bom@https://registry.npmjs.org/strip-bom/-/strip-bom-4.0.0.tgz. Extracting by manifest.
128 silly tarball no local data for strip-json-comments@https://registry.npmjs.org/strip-json-comments/-/strip-json-comments-3.1.1.tgz. Extracting by manifest.
129 silly tarball no local data for style-loader@https://registry.npmjs.org/style-loader/-/style-loader-4.0.0.tgz. Extracting by manifest.
130 silly tarball no local data for strip-ansi@https://registry.npmjs.org/strip-ansi/-/strip-ansi-6.0.1.tgz. Extracting by manifest.
131 silly tarball no local data for tar-fs@https://registry.npmjs.org/tar-fs/-/tar-fs-2.1.1.tgz. Extracting by manifest.
132 silly tarball no local data for strip-ansi-cjs@https://registry.npmjs.org/strip-ansi/-/strip-ansi-6.0.1.tgz. Extracting by manifest.
133 silly tarball no local data for string.prototype.trim@https://registry.npmjs.org/string.prototype.trim/-/string.prototype.trim-1.2.9.tgz. Extracting by manifest.
134 silly tarball no local data for string.prototype.trimend@https://registry.npmjs.org/string.prototype.trimend/-/string.prototype.trimend-1.0.8.tgz. Extracting by manifest.
135 silly tarball no local data for string-width-cjs@https://registry.npmjs.org/string-width/-/string-width-4.2.3.tgz. Extracting by manifest.
136 silly tarball no local data for string-width@https://registry.npmjs.org/string-width/-/string-width-4.2.3.tgz. Extracting by manifest.
137 silly tarball no local data for string_decoder@https://registry.npmjs.org/string_decoder/-/string_decoder-1.3.0.tgz. Extracting by manifest.
138 silly tarball no local data for string-length@https://registry.npmjs.org/string-length/-/string-length-4.0.2.tgz. Extracting by manifest.
139 silly tarball no local data for sqlite3@https://registry.npmjs.org/sqlite3/-/sqlite3-5.1.7.tgz. Extracting by manifest.
140 silly tarball no local data for statuses@https://registry.npmjs.org/statuses/-/statuses-2.0.1.tgz. Extracting by manifest.
141 silly tarball no local data for stack-trace@https://registry.npmjs.org/stack-trace/-/stack-trace-0.0.10.tgz. Extracting by manifest.
142 silly tarball no local data for stack-utils@https://registry.npmjs.org/stack-utils/-/stack-utils-2.0.6.tgz. Extracting by manifest.
143 silly tarball no local data for sprintf-js@https://registry.npmjs.org/sprintf-js/-/sprintf-js-1.0.3.tgz. Extracting by manifest.
144 silly tarball no local data for ssri@https://registry.npmjs.org/ssri/-/ssri-10.0.5.tgz. Extracting by manifest.
145 silly tarball no local data for split2@https://registry.npmjs.org/split2/-/split2-3.2.2.tgz. Extracting by manifest.
146 silly tarball no local data for spdx-license-ids@https://registry.npmjs.org/spdx-license-ids/-/spdx-license-ids-3.0.17.tgz. Extracting by manifest.
147 silly tarball no local data for spdx-expression-parse@https://registry.npmjs.org/spdx-expression-parse/-/spdx-expression-parse-3.0.1.tgz. Extracting by manifest.
148 silly tarball no local data for spdx-exceptions@https://registry.npmjs.org/spdx-exceptions/-/spdx-exceptions-2.5.0.tgz. Extracting by manifest.
149 silly tarball no local data for youch@https://registry.npmjs.org/youch/-/youch-2.2.2.tgz. Extracting by manifest.
150 silly tarball no local data for tapable@https://registry.npmjs.org/tapable/-/tapable-2.2.1.tgz. Extracting by manifest.
151 silly tarball no local data for source-map-js@https://registry.npmjs.org/source-map-js/-/source-map-js-1.2.0.tgz. Extracting by manifest.
152 silly tarball no local data for xtend@https://registry.npmjs.org/xtend/-/xtend-4.0.2.tgz. Extracting by manifest.
153 silly tarball no local data for sodium-native@https://registry.npmjs.org/sodium-native/-/sodium-native-4.1.1.tgz. Extracting by manifest.
154 silly tarball no local data for y18n@https://registry.npmjs.org/y18n/-/y18n-5.0.8.tgz. Extracting by manifest.
155 silly tarball no local data for source-map@https://registry.npmjs.org/source-map/-/source-map-0.6.1.tgz. Extracting by manifest.
156 silly tarball no local data for sonic-boom@https://registry.npmjs.org/sonic-boom/-/sonic-boom-3.8.1.tgz. Extracting by manifest.
157 silly tarball no local data for socks-proxy-agent@https://registry.npmjs.org/socks-proxy-agent/-/socks-proxy-agent-7.0.0.tgz. Extracting by manifest.
158 silly tarball no local data for socks@https://registry.npmjs.org/socks/-/socks-2.7.0.tgz. Extracting by manifest.
159 silly tarball no local data for spdx-correct@https://registry.npmjs.org/spdx-correct/-/spdx-correct-3.2.0.tgz. Extracting by manifest.
160 silly tarball no local data for smart-buffer@https://registry.npmjs.org/smart-buffer/-/smart-buffer-4.2.0.tgz. Extracting by manifest.
161 silly tarball no local data for sisteransi@https://registry.npmjs.org/sisteransi/-/sisteransi-1.0.5.tgz. Extracting by manifest.
162 silly tarball no local data for simple-get@https://registry.npmjs.org/simple-get/-/simple-get-4.0.1.tgz. Extracting by manifest.
163 silly tarball no local data for update-notifier@https://registry.npmjs.org/update-notifier/-/update-notifier-6.0.2.tgz. Extracting by manifest.
164 silly tarball no local data for sigstore@https://registry.npmjs.org/sigstore/-/sigstore-1.9.0.tgz. Extracting by manifest.
165 silly tarball no local data for signal-exit@https://registry.npmjs.org/signal-exit/-/signal-exit-3.0.7.tgz. Extracting by manifest.
166 silly tarball no local data for shell-quote@https://registry.npmjs.org/shell-quote/-/shell-quote-1.8.1.tgz. Extracting by manifest.
167 silly tarball no local data for shebang-regex@https://registry.npmjs.org/shebang-regex/-/shebang-regex-3.0.0.tgz. Extracting by manifest.
168 silly tarball no local data for side-channel@https://registry.npmjs.org/side-channel/-/side-channel-1.0.6.tgz. Extracting by manifest.
169 silly tarball no local data for shebang-command@https://registry.npmjs.org/shebang-command/-/shebang-command-2.0.0.tgz. Extracting by manifest.
170 silly tarball no local data for setprototypeof@https://registry.npmjs.org/setprototypeof/-/setprototypeof-1.2.0.tgz. Extracting by manifest.
171 silly tarball no local data for simple-concat@https://registry.npmjs.org/simple-concat/-/simple-concat-1.0.1.tgz. Extracting by manifest.
172 silly tarball no local data for set-function-length@https://registry.npmjs.org/set-function-length/-/set-function-length-1.2.2.tgz. Extracting by manifest.
173 silly tarball no local data for set-function-name@https://registry.npmjs.org/set-function-name/-/set-function-name-2.0.2.tgz. Extracting by manifest.
174 silly tarball no local data for set-blocking@https://registry.npmjs.org/set-blocking/-/set-blocking-2.0.0.tgz. Extracting by manifest.
175 silly tarball no local data for set-cookie-parser@https://registry.npmjs.org/set-cookie-parser/-/set-cookie-parser-2.6.0.tgz. Extracting by manifest.
176 silly tarball no local data for sequelize-cli@https://registry.npmjs.org/sequelize-cli/-/sequelize-cli-6.6.2.tgz. Extracting by manifest.
177 silly tarball no local data for serialize-javascript@https://registry.npmjs.org/serialize-javascript/-/serialize-javascript-6.0.2.tgz. Extracting by manifest.
178 silly tarball no local data for sequelize-pool@https://registry.npmjs.org/sequelize-pool/-/sequelize-pool-7.1.0.tgz. Extracting by manifest.
179 silly tarball no local data for sequelize@https://registry.npmjs.org/sequelize/-/sequelize-6.37.3.tgz. Extracting by manifest.
180 silly tarball no local data for semver-utils@https://registry.npmjs.org/semver-utils/-/semver-utils-1.1.4.tgz. Extracting by manifest.
181 silly tarball no local data for semver-diff@https://registry.npmjs.org/semver-diff/-/semver-diff-4.0.0.tgz. Extracting by manifest.
182 silly tarball no local data for schema-utils@https://registry.npmjs.org/schema-utils/-/schema-utils-4.0.0.tgz. Extracting by manifest.
183 silly tarball no local data for secure-json-parse@https://registry.npmjs.org/secure-json-parse/-/secure-json-parse-2.7.0.tgz. Extracting by manifest.
184 silly tarball no local data for semver@https://registry.npmjs.org/semver/-/semver-7.6.0.tgz. Extracting by manifest.
185 silly tarball no local data for safer-buffer@https://registry.npmjs.org/safer-buffer/-/safer-buffer-2.1.2.tgz. Extracting by manifest.
186 silly tarball no local data for safe-regex2@https://registry.npmjs.org/safe-regex2/-/safe-regex2-2.0.0.tgz. Extracting by manifest.
187 silly tarball no local data for safe-buffer@https://registry.npmjs.org/safe-buffer/-/safe-buffer-5.2.1.tgz. Extracting by manifest.
188 silly tarball no local data for safe-regex-test@https://registry.npmjs.org/safe-regex-test/-/safe-regex-test-1.0.3.tgz. Extracting by manifest.
189 silly tarball no local data for safe-stable-stringify@https://registry.npmjs.org/safe-stable-stringify/-/safe-stable-stringify-2.4.3.tgz. Extracting by manifest.
190 silly tarball no local data for rxjs@https://registry.npmjs.org/rxjs/-/rxjs-7.8.1.tgz. Extracting by manifest.
191 silly tarball no local data for safe-array-concat@https://registry.npmjs.org/safe-array-concat/-/safe-array-concat-1.1.2.tgz. Extracting by manifest.
192 silly tarball no local data for rfdc@https://registry.npmjs.org/rfdc/-/rfdc-1.3.1.tgz. Extracting by manifest.
193 silly tarball no local data for run-parallel@https://registry.npmjs.org/run-parallel/-/run-parallel-1.2.0.tgz. Extracting by manifest.
194 silly tarball no local data for reusify@https://registry.npmjs.org/reusify/-/reusify-1.0.4.tgz. Extracting by manifest.
195 silly tarball no local data for retry@https://registry.npmjs.org/retry/-/retry-0.12.0.tgz. Extracting by manifest.
196 silly tarball no local data for rimraf@https://registry.npmjs.org/rimraf/-/rimraf-3.0.2.tgz. Extracting by manifest.
197 silly tarball no local data for retry-as-promised@https://registry.npmjs.org/retry-as-promised/-/retry-as-promised-7.0.4.tgz. Extracting by manifest.
198 silly tarball no local data for ret@https://registry.npmjs.org/ret/-/ret-0.2.2.tgz. Extracting by manifest.
199 silly tarball no local data for resolve.exports@https://registry.npmjs.org/resolve.exports/-/resolve.exports-2.0.2.tgz. Extracting by manifest.
200 silly tarball no local data for responselike@https://registry.npmjs.org/responselike/-/responselike-2.0.1.tgz. Extracting by manifest.
201 silly tarball no local data for slash@https://registry.npmjs.org/slash/-/slash-3.0.0.tgz. Extracting by manifest.
202 silly tarball no local data for resolve-alpn@https://registry.npmjs.org/resolve-alpn/-/resolve-alpn-1.2.1.tgz. Extracting by manifest.
203 silly tarball no local data for resolve-cwd@https://registry.npmjs.org/resolve-cwd/-/resolve-cwd-3.0.0.tgz. Extracting by manifest.
204 silly tarball no local data for resolve@https://registry.npmjs.org/resolve/-/resolve-1.22.8.tgz. Extracting by manifest.
205 silly tarball no local data for require-directory@https://registry.npmjs.org/require-directory/-/require-directory-2.1.1.tgz. Extracting by manifest.
206 silly tarball no local data for require-from-string@https://registry.npmjs.org/require-from-string/-/require-from-string-2.0.2.tgz. Extracting by manifest.
207 silly tarball no local data for remote-git-tags@https://registry.npmjs.org/remote-git-tags/-/remote-git-tags-3.0.0.tgz. Extracting by manifest.
208 silly tarball no local data for registry-auth-token@https://registry.npmjs.org/registry-auth-token/-/registry-auth-token-5.0.1.tgz. Extracting by manifest.
209 silly tarball no local data for registry-url@https://registry.npmjs.org/registry-url/-/registry-url-6.0.1.tgz. Extracting by manifest.
210 silly tarball no local data for regexp.prototype.flags@https://registry.npmjs.org/regexp.prototype.flags/-/regexp.prototype.flags-1.5.2.tgz. Extracting by manifest.
211 silly tarball no local data for rechoir@https://registry.npmjs.org/rechoir/-/rechoir-0.8.0.tgz. Extracting by manifest.
212 silly tarball no local data for regenerator-runtime@https://registry.npmjs.org/regenerator-runtime/-/regenerator-runtime-0.14.1.tgz. Extracting by manifest.
213 silly tarball no local data for real-require@https://registry.npmjs.org/real-require/-/real-require-0.2.0.tgz. Extracting by manifest.
214 silly tarball no local data for readdirp@https://registry.npmjs.org/readdirp/-/readdirp-3.6.0.tgz. Extracting by manifest.
215 silly tarball no local data for readable-stream@https://registry.npmjs.org/readable-stream/-/readable-stream-3.6.2.tgz. Extracting by manifest.
216 silly tarball no local data for read-package-json-fast@https://registry.npmjs.org/read-package-json-fast/-/read-package-json-fast-3.0.2.tgz. Extracting by manifest.
217 silly tarball no local data for read-package-json@https://registry.npmjs.org/read-package-json/-/read-package-json-6.0.4.tgz. Extracting by manifest.
218 silly tarball no local data for react-is@https://registry.npmjs.org/react-is/-/react-is-18.2.0.tgz. Extracting by manifest.
219 silly tarball no local data for resolve-from@https://registry.npmjs.org/resolve-from/-/resolve-from-5.0.0.tgz. Extracting by manifest.
220 silly tarball no local data for rc-config-loader@https://registry.npmjs.org/rc-config-loader/-/rc-config-loader-4.1.3.tgz. Extracting by manifest.
221 silly tarball no local data for quick-lru@https://registry.npmjs.org/quick-lru/-/quick-lru-5.1.1.tgz. Extracting by manifest.
222 silly tarball no local data for quick-format-unescaped@https://registry.npmjs.org/quick-format-unescaped/-/quick-format-unescaped-4.0.4.tgz. Extracting by manifest.
223 silly tarball no local data for shallow-clone@https://registry.npmjs.org/shallow-clone/-/shallow-clone-3.0.1.tgz. Extracting by manifest.
224 silly tarball no local data for queue-microtask@https://registry.npmjs.org/queue-microtask/-/queue-microtask-1.2.3.tgz. Extracting by manifest.
225 silly tarball no local data for qs@https://registry.npmjs.org/qs/-/qs-6.12.1.tgz. Extracting by manifest.
226 silly tarball no local data for pure-rand@https://registry.npmjs.org/pure-rand/-/pure-rand-6.1.0.tgz. Extracting by manifest.
227 silly tarball no local data for string.prototype.trimstart@https://registry.npmjs.org/string.prototype.trimstart/-/string.prototype.trimstart-1.0.8.tgz. Extracting by manifest.
228 silly tarball no local data for punycode@https://registry.npmjs.org/punycode/-/punycode-2.1.1.tgz. Extracting by manifest.
229 silly tarball no local data for pug-walk@https://registry.npmjs.org/pug-walk/-/pug-walk-2.0.0.tgz. Extracting by manifest.
230 silly tarball no local data for pump@https://registry.npmjs.org/pump/-/pump-3.0.0.tgz. Extracting by manifest.
231 silly tarball no local data for randombytes@https://registry.npmjs.org/randombytes/-/randombytes-2.1.0.tgz. Extracting by manifest.
232 silly tarball no local data for pug-runtime@https://registry.npmjs.org/pug-runtime/-/pug-runtime-3.0.1.tgz. Extracting by manifest.
233 silly tarball no local data for pug-parser@https://registry.npmjs.org/pug-parser/-/pug-parser-6.0.0.tgz. Extracting by manifest.
234 silly tarball no local data for pug-load@https://registry.npmjs.org/pug-load/-/pug-load-3.0.0.tgz. Extracting by manifest.
235 silly tarball no local data for pug-linker@https://registry.npmjs.org/pug-linker/-/pug-linker-4.0.0.tgz. Extracting by manifest.
236 silly tarball no local data for pug-lexer@https://registry.npmjs.org/pug-lexer/-/pug-lexer-5.0.1.tgz. Extracting by manifest.
237 silly tarball no local data for pug-filters@https://registry.npmjs.org/pug-filters/-/pug-filters-4.0.0.tgz. Extracting by manifest.
238 silly tarball no local data for pug-error@https://registry.npmjs.org/pug-error/-/pug-error-2.0.0.tgz. Extracting by manifest.
239 silly tarball no local data for pug-code-gen@https://registry.npmjs.org/pug-code-gen/-/pug-code-gen-3.0.2.tgz. Extracting by manifest.
240 silly tarball no local data for proxy-addr@https://registry.npmjs.org/proxy-addr/-/proxy-addr-2.0.7.tgz. Extracting by manifest.
241 silly tarball no local data for pug-strip-comments@https://registry.npmjs.org/pug-strip-comments/-/pug-strip-comments-2.0.0.tgz. Extracting by manifest.
242 silly tarball no local data for pug@https://registry.npmjs.org/pug/-/pug-3.0.2.tgz. Extracting by manifest.
243 silly tarball no local data for pug-attrs@https://registry.npmjs.org/pug-attrs/-/pug-attrs-3.0.0.tgz. Extracting by manifest.
244 silly tarball no local data for prompts-ncu@https://registry.npmjs.org/prompts-ncu/-/prompts-ncu-3.0.0.tgz. Extracting by manifest.
245 silly tarball no local data for rc@https://registry.npmjs.org/rc/-/rc-1.2.8.tgz. Extracting by manifest.
246 silly tarball no local data for spawn-command@https://registry.npmjs.org/spawn-command/-/spawn-command-0.0.2.tgz. Extracting by manifest.
247 silly tarball no local data for promise-retry@https://registry.npmjs.org/promise-retry/-/promise-retry-2.0.1.tgz. Extracting by manifest.
248 silly tarball no local data for prompts@https://registry.npmjs.org/prompts/-/prompts-2.4.2.tgz. Extracting by manifest.
249 silly tarball no local data for promise@https://registry.npmjs.org/promise/-/promise-7.3.1.tgz. Extracting by manifest.
250 silly tarball no local data for source-map-support@https://registry.npmjs.org/source-map-support/-/source-map-support-0.5.13.tgz. Extracting by manifest.
251 silly tarball no local data for process-warning@https://registry.npmjs.org/process-warning/-/process-warning-3.0.0.tgz. Extracting by manifest.
252 silly tarball no local data for proc-log@https://registry.npmjs.org/proc-log/-/proc-log-3.0.0.tgz. Extracting by manifest.
253 silly tarball no local data for pretty-format@https://registry.npmjs.org/pretty-format/-/pretty-format-29.7.0.tgz. Extracting by manifest.
254 silly tarball no local data for prelude-ls@https://registry.npmjs.org/prelude-ls/-/prelude-ls-1.2.1.tgz. Extracting by manifest.
255 silly tarball no local data for prebuild-install@https://registry.npmjs.org/prebuild-install/-/prebuild-install-7.1.2.tgz. Extracting by manifest.
256 silly tarball no local data for proto-list@https://registry.npmjs.org/proto-list/-/proto-list-1.2.4.tgz. Extracting by manifest.
257 silly tarball no local data for postgres-bytea@https://registry.npmjs.org/postgres-bytea/-/postgres-bytea-1.0.0.tgz. Extracting by manifest.
258 silly tarball no local data for postgres-date@https://registry.npmjs.org/postgres-date/-/postgres-date-1.0.7.tgz. Extracting by manifest.
259 silly tarball no local data for postgres-array@https://registry.npmjs.org/postgres-array/-/postgres-array-2.0.0.tgz. Extracting by manifest.
260 silly tarball no local data for postcss-selector-parser@https://registry.npmjs.org/postcss-selector-parser/-/postcss-selector-parser-6.0.16.tgz. Extracting by manifest.
261 silly tarball no local data for postgres-interval@https://registry.npmjs.org/postgres-interval/-/postgres-interval-1.2.0.tgz. Extracting by manifest.
262 silly tarball no local data for postcss-value-parser@https://registry.npmjs.org/postcss-value-parser/-/postcss-value-parser-4.2.0.tgz. Extracting by manifest.
263 silly tarball no local data for postcss-modules-values@https://registry.npmjs.org/postcss-modules-values/-/postcss-modules-values-4.0.0.tgz. Extracting by manifest.
264 silly tarball no local data for postcss-modules-extract-imports@https://registry.npmjs.org/postcss-modules-extract-imports/-/postcss-modules-extract-imports-3.1.0.tgz. Extracting by manifest.
265 silly tarball no local data for postcss-modules-scope@https://registry.npmjs.org/postcss-modules-scope/-/postcss-modules-scope-3.2.0.tgz. Extracting by manifest.
266 silly tarball no local data for postcss-modules-local-by-default@https://registry.npmjs.org/postcss-modules-local-by-default/-/postcss-modules-local-by-default-4.0.5.tgz. Extracting by manifest.
267 silly tarball no local data for possible-typed-array-names@https://registry.npmjs.org/possible-typed-array-names/-/possible-typed-array-names-1.0.0.tgz. Extracting by manifest.
268 silly tarball no local data for pkg-dir@https://registry.npmjs.org/pkg-dir/-/pkg-dir-4.2.0.tgz. Extracting by manifest.
269 silly tarball no local data for pkg-up@https://registry.npmjs.org/pkg-up/-/pkg-up-3.1.0.tgz. Extracting by manifest.
270 silly tarball no local data for pirates@https://registry.npmjs.org/pirates/-/pirates-4.0.6.tgz. Extracting by manifest.
271 silly tarball no local data for pino-abstract-transport@https://registry.npmjs.org/pino-abstract-transport/-/pino-abstract-transport-1.2.0.tgz. Extracting by manifest.
272 silly tarball no local data for pino-pretty@https://registry.npmjs.org/pino-pretty/-/pino-pretty-11.0.0.tgz. Extracting by manifest.
273 silly tarball no local data for pino-std-serializers@https://registry.npmjs.org/pino-std-serializers/-/pino-std-serializers-6.2.2.tgz. Extracting by manifest.
274 silly tarball no local data for picomatch@https://registry.npmjs.org/picomatch/-/picomatch-2.3.1.tgz. Extracting by manifest.
275 silly tarball no local data for pino@https://registry.npmjs.org/pino/-/pino-8.20.0.tgz. Extracting by manifest.
276 silly tarball no local data for picocolors@https://registry.npmjs.org/picocolors/-/picocolors-1.0.0.tgz. Extracting by manifest.
277 silly tarball no local data for pgpass@https://registry.npmjs.org/pgpass/-/pgpass-1.0.5.tgz. Extracting by manifest.
278 silly tarball no local data for pupa@https://registry.npmjs.org/pupa/-/pupa-3.1.0.tgz. Extracting by manifest.
279 silly tarball no local data for pg-pool@https://registry.npmjs.org/pg-pool/-/pg-pool-3.6.2.tgz. Extracting by manifest.
280 silly tarball no local data for pg-protocol@https://registry.npmjs.org/pg-protocol/-/pg-protocol-1.6.1.tgz. Extracting by manifest.
281 silly tarball no local data for pg-cloudflare@https://registry.npmjs.org/pg-cloudflare/-/pg-cloudflare-1.1.1.tgz. Extracting by manifest.
282 silly tarball no local data for pg-int8@https://registry.npmjs.org/pg-int8/-/pg-int8-1.0.1.tgz. Extracting by manifest.
283 silly tarball no local data for pg-types@https://registry.npmjs.org/pg-types/-/pg-types-2.2.0.tgz. Extracting by manifest.
284 silly tarball no local data for pg@https://registry.npmjs.org/pg/-/pg-8.11.5.tgz. Extracting by manifest.
285 silly tarball no local data for pg-connection-string@https://registry.npmjs.org/pg-connection-string/-/pg-connection-string-2.6.2.tgz. Extracting by manifest.
286 silly tarball no local data for path-to-regexp@https://registry.npmjs.org/path-to-regexp/-/path-to-regexp-6.2.1.tgz. Extracting by manifest.
287 silly tarball no local data for path-type@https://registry.npmjs.org/path-type/-/path-type-4.0.0.tgz. Extracting by manifest.
288 silly tarball no local data for path-parse@https://registry.npmjs.org/path-parse/-/path-parse-1.0.7.tgz. Extracting by manifest.
289 silly tarball no local data for path-key@https://registry.npmjs.org/path-key/-/path-key-3.1.1.tgz. Extracting by manifest.
290 silly tarball no local data for path-exists@https://registry.npmjs.org/path-exists/-/path-exists-4.0.0.tgz. Extracting by manifest.
291 silly tarball no local data for path-is-absolute@https://registry.npmjs.org/path-is-absolute/-/path-is-absolute-1.0.1.tgz. Extracting by manifest.
292 silly tarball no local data for parse-github-url@https://registry.npmjs.org/parse-github-url/-/parse-github-url-1.0.2.tgz. Extracting by manifest.
293 silly tarball no local data for parse-json@https://registry.npmjs.org/parse-json/-/parse-json-5.2.0.tgz. Extracting by manifest.
294 silly tarball no local data for pacote@https://registry.npmjs.org/pacote/-/pacote-15.2.0.tgz. Extracting by manifest.
295 silly tarball no local data for parent-module@https://registry.npmjs.org/parent-module/-/parent-module-1.0.1.tgz. Extracting by manifest.
296 silly tarball no local data for p-try@https://registry.npmjs.org/p-try/-/p-try-2.2.0.tgz. Extracting by manifest.
297 silly tarball no local data for package-json@https://registry.npmjs.org/package-json/-/package-json-8.1.0.tgz. Extracting by manifest.
298 silly tarball no local data for p-map@https://registry.npmjs.org/p-map/-/p-map-4.0.0.tgz. Extracting by manifest.
299 silly tarball no local data for p-limit@https://registry.npmjs.org/p-limit/-/p-limit-3.1.0.tgz. Extracting by manifest.
300 silly tarball no local data for p-cancelable@https://registry.npmjs.org/p-cancelable/-/p-cancelable-3.0.0.tgz. Extracting by manifest.
301 silly tarball no local data for optionator@https://registry.npmjs.org/optionator/-/optionator-0.9.3.tgz. Extracting by manifest.
302 silly tarball no local data for p-locate@https://registry.npmjs.org/p-locate/-/p-locate-5.0.0.tgz. Extracting by manifest.
303 silly tarball no local data for onetime@https://registry.npmjs.org/onetime/-/onetime-5.1.2.tgz. Extracting by manifest.
304 silly tarball no local data for spawn-please@https://registry.npmjs.org/spawn-please/-/spawn-please-2.0.2.tgz. Extracting by manifest.
305 silly tarball no local data for on-exit-leak-free@https://registry.npmjs.org/on-exit-leak-free/-/on-exit-leak-free-2.1.2.tgz. Extracting by manifest.
306 silly tarball no local data for objection-unique@https://registry.npmjs.org/objection-unique/-/objection-unique-1.2.2.tgz. Extracting by manifest.
307 silly tarball no local data for object.fromentries@https://registry.npmjs.org/object.fromentries/-/object.fromentries-2.0.8.tgz. Extracting by manifest.
308 silly tarball no local data for objection@https://registry.npmjs.org/objection/-/objection-3.1.4.tgz. Extracting by manifest.
309 silly tarball no local data for object.values@https://registry.npmjs.org/object.values/-/object.values-1.2.0.tgz. Extracting by manifest.
310 silly tarball no local data for object.groupby@https://registry.npmjs.org/object.groupby/-/object.groupby-1.0.3.tgz. Extracting by manifest.
311 silly tarball no local data for object.assign@https://registry.npmjs.org/object.assign/-/object.assign-4.1.5.tgz. Extracting by manifest.
312 silly tarball no local data for object.entries@https://registry.npmjs.org/object.entries/-/object.entries-1.1.8.tgz. Extracting by manifest.
313 silly tarball no local data for object-inspect@https://registry.npmjs.org/object-inspect/-/object-inspect-1.13.1.tgz. Extracting by manifest.
314 silly tarball no local data for object-keys@https://registry.npmjs.org/object-keys/-/object-keys-1.1.1.tgz. Extracting by manifest.
315 silly tarball no local data for once@https://registry.npmjs.org/once/-/once-1.4.0.tgz. Extracting by manifest.
316 silly tarball no local data for npmlog@https://registry.npmjs.org/npmlog/-/npmlog-6.0.2.tgz. Extracting by manifest.
317 silly tarball no local data for npm-run-path@https://registry.npmjs.org/npm-run-path/-/npm-run-path-4.0.1.tgz. Extracting by manifest.
318 silly tarball no local data for object-assign@https://registry.npmjs.org/object-assign/-/object-assign-4.1.1.tgz. Extracting by manifest.
319 silly tarball no local data for npm-package-arg@https://registry.npmjs.org/npm-package-arg/-/npm-package-arg-10.1.0.tgz. Extracting by manifest.
320 silly tarball no local data for npm-pick-manifest@https://registry.npmjs.org/npm-pick-manifest/-/npm-pick-manifest-8.0.2.tgz. Extracting by manifest.
321 silly tarball no local data for npm-registry-fetch@https://registry.npmjs.org/npm-registry-fetch/-/npm-registry-fetch-14.0.5.tgz. Extracting by manifest.
322 silly tarball no local data for npm-normalize-package-bin@https://registry.npmjs.org/npm-normalize-package-bin/-/npm-normalize-package-bin-3.0.1.tgz. Extracting by manifest.
323 silly tarball no local data for npm-packlist@https://registry.npmjs.org/npm-packlist/-/npm-packlist-7.0.4.tgz. Extracting by manifest.
324 silly tarball no local data for npm-install-checks@https://registry.npmjs.org/npm-install-checks/-/npm-install-checks-6.3.0.tgz. Extracting by manifest.
325 silly tarball no local data for npm-check-updates@https://registry.npmjs.org/npm-check-updates/-/npm-check-updates-16.14.18.tgz. Extracting by manifest.
326 silly tarball no local data for normalize-path@https://registry.npmjs.org/normalize-path/-/normalize-path-3.0.0.tgz. Extracting by manifest.
327 silly tarball no local data for normalize-package-data@https://registry.npmjs.org/normalize-package-data/-/normalize-package-data-5.0.0.tgz. Extracting by manifest.
328 silly tarball no local data for npm-bundled@https://registry.npmjs.org/npm-bundled/-/npm-bundled-3.0.0.tgz. Extracting by manifest.
329 silly tarball no local data for nopt@https://registry.npmjs.org/nopt/-/nopt-5.0.0.tgz. Extracting by manifest.
330 silly tarball no local data for node-gyp@https://registry.npmjs.org/node-gyp/-/node-gyp-9.4.1.tgz. Extracting by manifest.
331 silly tarball no local data for node-gyp-build@https://registry.npmjs.org/node-gyp-build/-/node-gyp-build-4.8.0.tgz. Extracting by manifest.
332 silly tarball no local data for path-scurry@https://registry.npmjs.org/path-scurry/-/path-scurry-1.10.2.tgz. Extracting by manifest.
333 silly tarball no local data for node-int64@https://registry.npmjs.org/node-int64/-/node-int64-0.4.0.tgz. Extracting by manifest.
334 silly tarball no local data for node-abi@https://registry.npmjs.org/node-abi/-/node-abi-3.60.0.tgz. Extracting by manifest.
335 silly tarball no local data for node-addon-api@https://registry.npmjs.org/node-addon-api/-/node-addon-api-4.3.0.tgz. Extracting by manifest.
336 silly tarball no local data for negotiator@https://registry.npmjs.org/negotiator/-/negotiator-0.6.3.tgz. Extracting by manifest.
337 silly tarball no local data for next-tick@https://registry.npmjs.org/next-tick/-/next-tick-1.1.0.tgz. Extracting by manifest.
338 silly tarball no local data for node-releases@https://registry.npmjs.org/node-releases/-/node-releases-2.0.14.tgz. Extracting by manifest.
339 silly tarball no local data for natural-compare@https://registry.npmjs.org/natural-compare/-/natural-compare-1.4.0.tgz. Extracting by manifest.
340 silly tarball no local data for neo-async@https://registry.npmjs.org/neo-async/-/neo-async-2.6.2.tgz. Extracting by manifest.
341 silly tarball no local data for nanoid@https://registry.npmjs.org/nanoid/-/nanoid-3.3.7.tgz. Extracting by manifest.
342 silly tarball no local data for ms@https://registry.npmjs.org/ms/-/ms-2.1.3.tgz. Extracting by manifest.
343 silly tarball no local data for mustache@https://registry.npmjs.org/mustache/-/mustache-4.2.0.tgz. Extracting by manifest.
344 silly tarball no local data for moment-timezone@https://registry.npmjs.org/moment-timezone/-/moment-timezone-0.5.45.tgz. Extracting by manifest.
345 silly tarball no local data for moment@https://registry.npmjs.org/moment/-/moment-2.30.1.tgz. Extracting by manifest.
346 silly tarball no local data for mkdirp-classic@https://registry.npmjs.org/mkdirp-classic/-/mkdirp-classic-0.5.3.tgz. Extracting by manifest.
347 silly tarball no local data for mkdirp@https://registry.npmjs.org/mkdirp/-/mkdirp-1.0.4.tgz. Extracting by manifest.
348 silly tarball no local data for promise-inflight@https://registry.npmjs.org/promise-inflight/-/promise-inflight-1.0.1.tgz. Extracting by manifest.
349 silly tarball no local data for normalize-url@https://registry.npmjs.org/normalize-url/-/normalize-url-6.1.0.tgz. Extracting by manifest.
350 silly tarball no local data for minipass-json-stream@https://registry.npmjs.org/minipass-json-stream/-/minipass-json-stream-1.0.1.tgz. Extracting by manifest.
351 silly tarball no local data for progress@https://registry.npmjs.org/progress/-/progress-2.0.3.tgz. Extracting by manifest.
352 silly tarball no local data for minipass@https://registry.npmjs.org/minipass/-/minipass-3.3.4.tgz. Extracting by manifest.
353 silly tarball no local data for minipass-flush@https://registry.npmjs.org/minipass-flush/-/minipass-flush-1.0.5.tgz. Extracting by manifest.
354 silly tarball no local data for process@https://registry.npmjs.org/process/-/process-0.11.10.tgz. Extracting by manifest.
355 silly tarball no local data for minipass-fetch@https://registry.npmjs.org/minipass-fetch/-/minipass-fetch-3.0.4.tgz. Extracting by manifest.
356 silly tarball no local data for mini-css-extract-plugin@https://registry.npmjs.org/mini-css-extract-plugin/-/mini-css-extract-plugin-2.9.0.tgz. Extracting by manifest.
357 silly tarball no local data for minimist@https://registry.npmjs.org/minimist/-/minimist-1.2.6.tgz. Extracting by manifest.
358 silly tarball no local data for minimatch@https://registry.npmjs.org/minimatch/-/minimatch-3.1.2.tgz. Extracting by manifest.
359 silly tarball no local data for minizlib@https://registry.npmjs.org/minizlib/-/minizlib-2.1.2.tgz. Extracting by manifest.
360 silly tarball no local data for mime-db@https://registry.npmjs.org/mime-db/-/mime-db-1.52.0.tgz. Extracting by manifest.
361 silly tarball no local data for mimic-fn@https://registry.npmjs.org/mimic-fn/-/mimic-fn-2.1.0.tgz. Extracting by manifest.
362 silly tarball no local data for mime@https://registry.npmjs.org/mime/-/mime-3.0.0.tgz. Extracting by manifest.
363 silly tarball no local data for mime-types@https://registry.npmjs.org/mime-types/-/mime-types-2.1.35.tgz. Extracting by manifest.
364 silly tarball no local data for micromatch@https://registry.npmjs.org/micromatch/-/micromatch-4.0.5.tgz. Extracting by manifest.
365 silly tarball no local data for mimic-response@https://registry.npmjs.org/mimic-response/-/mimic-response-1.0.1.tgz. Extracting by manifest.
366 silly tarball no local data for memoizee@https://registry.npmjs.org/memoizee/-/memoizee-0.4.15.tgz. Extracting by manifest.
367 silly tarball no local data for merge-stream@https://registry.npmjs.org/merge-stream/-/merge-stream-2.0.0.tgz. Extracting by manifest.
368 silly tarball no local data for media-typer@https://registry.npmjs.org/media-typer/-/media-typer-0.3.0.tgz. Extracting by manifest.
369 silly tarball no local data for mdurl@https://registry.npmjs.org/mdurl/-/mdurl-1.0.1.tgz. Extracting by manifest.
370 silly tarball no local data for markdown-it@https://registry.npmjs.org/markdown-it/-/markdown-it-13.0.2.tgz. Extracting by manifest.
371 silly tarball no local data for make-fetch-happen@https://registry.npmjs.org/make-fetch-happen/-/make-fetch-happen-11.1.1.tgz. Extracting by manifest.
372 silly tarball no local data for merge2@https://registry.npmjs.org/merge2/-/merge2-1.4.1.tgz. Extracting by manifest.
373 silly tarball no local data for make-promises-safe@https://registry.npmjs.org/make-promises-safe/-/make-promises-safe-5.1.0.tgz. Extracting by manifest.
374 silly tarball no local data for make-dir@https://registry.npmjs.org/make-dir/-/make-dir-4.0.0.tgz. Extracting by manifest.
375 silly tarball no local data for lru-queue@https://registry.npmjs.org/lru-queue/-/lru-queue-0.1.0.tgz. Extracting by manifest.
376 silly tarball no local data for lru-cache@https://registry.npmjs.org/lru-cache/-/lru-cache-5.1.1.tgz. Extracting by manifest.
377 silly tarball no local data for lodash.merge@https://registry.npmjs.org/lodash.merge/-/lodash.merge-4.6.2.tgz. Extracting by manifest.
378 silly tarball no local data for lowercase-keys@https://registry.npmjs.org/lowercase-keys/-/lowercase-keys-3.0.0.tgz. Extracting by manifest.
379 silly tarball no local data for lodash.isempty@https://registry.npmjs.org/lodash.isempty/-/lodash.isempty-4.4.0.tgz. Extracting by manifest.
380 silly tarball no local data for lodash.castarray@https://registry.npmjs.org/lodash.castarray/-/lodash.castarray-4.4.0.tgz. Extracting by manifest.
381 silly tarball no local data for lodash.compact@https://registry.npmjs.org/lodash.compact/-/lodash.compact-3.0.1.tgz. Extracting by manifest.
382 silly tarball no local data for locate-path@https://registry.npmjs.org/locate-path/-/locate-path-6.0.0.tgz. Extracting by manifest.
383 silly tarball no local data for lodash@https://registry.npmjs.org/lodash/-/lodash-4.17.21.tgz. Extracting by manifest.
384 silly tarball no local data for loader-runner@https://registry.npmjs.org/loader-runner/-/loader-runner-4.3.0.tgz. Extracting by manifest.
385 silly tarball no local data for light-my-request@https://registry.npmjs.org/light-my-request/-/light-my-request-5.13.0.tgz. Extracting by manifest.
386 silly tarball no local data for makeerror@https://registry.npmjs.org/makeerror/-/makeerror-1.0.12.tgz. Extracting by manifest.
387 silly tarball no local data for lines-and-columns@https://registry.npmjs.org/lines-and-columns/-/lines-and-columns-1.2.4.tgz. Extracting by manifest.
388 silly tarball no local data for levn@https://registry.npmjs.org/levn/-/levn-0.4.1.tgz. Extracting by manifest.
389 silly tarball no local data for leven@https://registry.npmjs.org/leven/-/leven-3.1.0.tgz. Extracting by manifest.
390 silly tarball no local data for latest-version@https://registry.npmjs.org/latest-version/-/latest-version-7.0.0.tgz. Extracting by manifest.
391 silly tarball no local data for kleur@https://registry.npmjs.org/kleur/-/kleur-3.0.3.tgz. Extracting by manifest.
392 silly tarball no local data for kind-of@https://registry.npmjs.org/kind-of/-/kind-of-6.0.3.tgz. Extracting by manifest.
393 silly tarball no local data for knex@https://registry.npmjs.org/knex/-/knex-3.1.0.tgz. Extracting by manifest.
394 silly tarball no local data for linkify-it@https://registry.npmjs.org/linkify-it/-/linkify-it-4.0.1.tgz. Extracting by manifest.
395 silly tarball no local data for jstransformer@https://registry.npmjs.org/jstransformer/-/jstransformer-1.0.0.tgz. Extracting by manifest.
396 silly tarball no local data for napi-build-utils@https://registry.npmjs.org/napi-build-utils/-/napi-build-utils-1.0.2.tgz. Extracting by manifest.
397 silly tarball no local data for jsonparse@https://registry.npmjs.org/jsonparse/-/jsonparse-1.3.1.tgz. Extracting by manifest.
398 silly tarball no local data for jsonlines@https://registry.npmjs.org/jsonlines/-/jsonlines-0.1.1.tgz. Extracting by manifest.
399 silly tarball no local data for jsonfile@https://registry.npmjs.org/jsonfile/-/jsonfile-6.1.0.tgz. Extracting by manifest.
400 silly tarball no local data for json5@https://registry.npmjs.org/json5/-/json5-2.2.3.tgz. Extracting by manifest.
401 silly tarball no local data for postcss@https://registry.npmjs.org/postcss/-/postcss-8.4.38.tgz. Extracting by manifest.
402 silly tarball no local data for keyv@https://registry.npmjs.org/keyv/-/keyv-4.5.4.tgz. Extracting by manifest.
403 silly tarball no local data for json-schema-ref-resolver@https://registry.npmjs.org/json-schema-ref-resolver/-/json-schema-ref-resolver-1.0.1.tgz. Extracting by manifest.
404 silly tarball no local data for jstransformer-markdown-it@https://registry.npmjs.org/jstransformer-markdown-it/-/jstransformer-markdown-it-3.0.0.tgz. Extracting by manifest.
405 silly tarball no local data for json-parse-even-better-errors@https://registry.npmjs.org/json-parse-even-better-errors/-/json-parse-even-better-errors-2.3.1.tgz. Extracting by manifest.
406 silly tarball no local data for json-buffer@https://registry.npmjs.org/json-buffer/-/json-buffer-3.0.1.tgz. Extracting by manifest.
407 silly tarball no local data for js-tokens@https://registry.npmjs.org/js-tokens/-/js-tokens-4.0.0.tgz. Extracting by manifest.
408 silly tarball no local data for js-yaml@https://registry.npmjs.org/js-yaml/-/js-yaml-4.1.0.tgz. Extracting by manifest.
409 silly tarball no local data for js-beautify@https://registry.npmjs.org/js-beautify/-/js-beautify-1.15.1.tgz. Extracting by manifest.
410 silly tarball no local data for jsesc@https://registry.npmjs.org/jsesc/-/jsesc-2.5.2.tgz. Extracting by manifest.
411 silly tarball no local data for js-cookie@https://registry.npmjs.org/js-cookie/-/js-cookie-3.0.5.tgz. Extracting by manifest.
412 silly tarball no local data for js-stringify@https://registry.npmjs.org/js-stringify/-/js-stringify-1.0.2.tgz. Extracting by manifest.
413 silly tarball no local data for jju@https://registry.npmjs.org/jju/-/jju-1.4.0.tgz. Extracting by manifest.
414 silly tarball no local data for jquery@https://registry.npmjs.org/jquery/-/jquery-3.7.1.tgz. Extracting by manifest.
415 silly tarball no local data for joycon@https://registry.npmjs.org/joycon/-/joycon-3.1.1.tgz. Extracting by manifest.
416 silly tarball no local data for jest-watcher@https://registry.npmjs.org/jest-watcher/-/jest-watcher-29.7.0.tgz. Extracting by manifest.
417 silly tarball no local data for minipass-sized@https://registry.npmjs.org/minipass-sized/-/minipass-sized-1.0.3.tgz. Extracting by manifest.
418 silly tarball no local data for jest-worker@https://registry.npmjs.org/jest-worker/-/jest-worker-29.7.0.tgz. Extracting by manifest.
419 silly tarball no local data for jest-util@https://registry.npmjs.org/jest-util/-/jest-util-29.7.0.tgz. Extracting by manifest.
420 silly tarball no local data for jest-snapshot@https://registry.npmjs.org/jest-snapshot/-/jest-snapshot-29.7.0.tgz. Extracting by manifest.
421 silly tarball no local data for jest-resolve-dependencies@https://registry.npmjs.org/jest-resolve-dependencies/-/jest-resolve-dependencies-29.7.0.tgz. Extracting by manifest.
422 silly tarball no local data for jest-runner@https://registry.npmjs.org/jest-runner/-/jest-runner-29.7.0.tgz. Extracting by manifest.
423 silly tarball no local data for jest-regex-util@https://registry.npmjs.org/jest-regex-util/-/jest-regex-util-29.6.3.tgz. Extracting by manifest.
424 silly tarball no local data for jest-resolve@https://registry.npmjs.org/jest-resolve/-/jest-resolve-29.7.0.tgz. Extracting by manifest.
425 silly tarball no local data for jest-pnp-resolver@https://registry.npmjs.org/jest-pnp-resolver/-/jest-pnp-resolver-1.2.3.tgz. Extracting by manifest.
426 silly tarball no local data for jest-runtime@https://registry.npmjs.org/jest-runtime/-/jest-runtime-29.7.0.tgz. Extracting by manifest.
427 silly tarball no local data for jest-matcher-utils@https://registry.npmjs.org/jest-matcher-utils/-/jest-matcher-utils-29.7.0.tgz. Extracting by manifest.
428 silly tarball no local data for jest-message-util@https://registry.npmjs.org/jest-message-util/-/jest-message-util-29.7.0.tgz. Extracting by manifest.
429 silly tarball no local data for jest-mock@https://registry.npmjs.org/jest-mock/-/jest-mock-29.7.0.tgz. Extracting by manifest.
430 silly tarball no local data for minipass-pipeline@https://registry.npmjs.org/minipass-pipeline/-/minipass-pipeline-1.2.4.tgz. Extracting by manifest.
431 silly tarball no local data for jest-haste-map@https://registry.npmjs.org/jest-haste-map/-/jest-haste-map-29.7.0.tgz. Extracting by manifest.
432 silly tarball no local data for minipass-collect@https://registry.npmjs.org/minipass-collect/-/minipass-collect-1.0.2.tgz. Extracting by manifest.
433 silly tarball no local data for jest-get-type@https://registry.npmjs.org/jest-get-type/-/jest-get-type-29.6.3.tgz. Extracting by manifest.
434 silly tarball no local data for jest-each@https://registry.npmjs.org/jest-each/-/jest-each-29.7.0.tgz. Extracting by manifest.
435 silly tarball no local data for jest-docblock@https://registry.npmjs.org/jest-docblock/-/jest-docblock-29.7.0.tgz. Extracting by manifest.
436 silly tarball no local data for jest-diff@https://registry.npmjs.org/jest-diff/-/jest-diff-29.7.0.tgz. Extracting by manifest.
437 silly tarball no local data for jest-cli@https://registry.npmjs.org/jest-cli/-/jest-cli-29.7.0.tgz. Extracting by manifest.
438 silly tarball no local data for jest-config@https://registry.npmjs.org/jest-config/-/jest-config-29.7.0.tgz. Extracting by manifest.
439 silly tarball no local data for jest-changed-files@https://registry.npmjs.org/jest-changed-files/-/jest-changed-files-29.7.0.tgz. Extracting by manifest.
440 silly tarball no local data for jest-circus@https://registry.npmjs.org/jest-circus/-/jest-circus-29.7.0.tgz. Extracting by manifest.
441 silly tarball no local data for jest@https://registry.npmjs.org/jest/-/jest-29.7.0.tgz. Extracting by manifest.
442 silly tarball no local data for jackspeak@https://registry.npmjs.org/jackspeak/-/jackspeak-2.3.6.tgz. Extracting by manifest.
443 silly tarball no local data for istanbul-reports@https://registry.npmjs.org/istanbul-reports/-/istanbul-reports-3.1.7.tgz. Extracting by manifest.
444 silly tarball no local data for istanbul-lib-source-maps@https://registry.npmjs.org/istanbul-lib-source-maps/-/istanbul-lib-source-maps-4.0.1.tgz. Extracting by manifest.
445 silly tarball no local data for istanbul-lib-instrument@https://registry.npmjs.org/istanbul-lib-instrument/-/istanbul-lib-instrument-6.0.2.tgz. Extracting by manifest.
446 silly tarball no local data for istanbul-lib-report@https://registry.npmjs.org/istanbul-lib-report/-/istanbul-lib-report-3.0.1.tgz. Extracting by manifest.
447 silly tarball no local data for isobject@https://registry.npmjs.org/isobject/-/isobject-3.0.1.tgz. Extracting by manifest.
448 silly tarball no local data for istanbul-lib-coverage@https://registry.npmjs.org/istanbul-lib-coverage/-/istanbul-lib-coverage-3.2.2.tgz. Extracting by manifest.
449 silly tarball no local data for json-schema-traverse@https://registry.npmjs.org/json-schema-traverse/-/json-schema-traverse-0.4.1.tgz. Extracting by manifest.
450 silly tarball no local data for isexe@https://registry.npmjs.org/isexe/-/isexe-2.0.0.tgz. Extracting by manifest.
451 silly tarball no local data for isarray@https://registry.npmjs.org/isarray/-/isarray-2.0.5.tgz. Extracting by manifest.
452 silly tarball no local data for is-weakref@https://registry.npmjs.org/is-weakref/-/is-weakref-1.0.2.tgz. Extracting by manifest.
453 silly tarball no local data for isbinaryfile@https://registry.npmjs.org/isbinaryfile/-/isbinaryfile-4.0.10.tgz. Extracting by manifest.
454 silly tarball no local data for json-stable-stringify-without-jsonify@https://registry.npmjs.org/json-stable-stringify-without-jsonify/-/json-stable-stringify-without-jsonify-1.0.1.tgz. Extracting by manifest.
455 silly tarball no local data for is-symbol@https://registry.npmjs.org/is-symbol/-/is-symbol-1.0.4.tgz. Extracting by manifest.
456 silly tarball no local data for is-typedarray@https://registry.npmjs.org/is-typedarray/-/is-typedarray-1.0.0.tgz. Extracting by manifest.
457 silly tarball no local data for is-string@https://registry.npmjs.org/is-string/-/is-string-1.0.7.tgz. Extracting by manifest.
458 silly tarball no local data for is-stream@https://registry.npmjs.org/is-stream/-/is-stream-2.0.1.tgz. Extracting by manifest.
459 silly tarball no local data for is-regex@https://registry.npmjs.org/is-regex/-/is-regex-1.1.4.tgz. Extracting by manifest.
460 silly tarball no local data for jest-validate@https://registry.npmjs.org/jest-validate/-/jest-validate-29.7.0.tgz. Extracting by manifest.
461 silly tarball no local data for is-typed-array@https://registry.npmjs.org/is-typed-array/-/is-typed-array-1.1.13.tgz. Extracting by manifest.
462 silly tarball no local data for is-path-inside@https://registry.npmjs.org/is-path-inside/-/is-path-inside-3.0.3.tgz. Extracting by manifest.
463 silly tarball no local data for jest-environment-node@https://registry.npmjs.org/jest-environment-node/-/jest-environment-node-29.7.0.tgz. Extracting by manifest.
464 silly tarball no local data for is-plain-object@https://registry.npmjs.org/is-plain-object/-/is-plain-object-2.0.4.tgz. Extracting by manifest.
465 silly tarball no local data for is-promise@https://registry.npmjs.org/is-promise/-/is-promise-2.2.2.tgz. Extracting by manifest.
466 silly tarball no local data for is-shared-array-buffer@https://registry.npmjs.org/is-shared-array-buffer/-/is-shared-array-buffer-1.0.3.tgz. Extracting by manifest.
467 silly tarball no local data for is-negative-zero@https://registry.npmjs.org/is-negative-zero/-/is-negative-zero-2.0.3.tgz. Extracting by manifest.
468 silly tarball no local data for is-obj@https://registry.npmjs.org/is-obj/-/is-obj-2.0.0.tgz. Extracting by manifest.
469 silly tarball no local data for is-installed-globally@https://registry.npmjs.org/is-installed-globally/-/is-installed-globally-0.4.0.tgz. Extracting by manifest.
470 silly tarball no local data for is-lambda@https://registry.npmjs.org/is-lambda/-/is-lambda-1.0.1.tgz. Extracting by manifest.
471 silly tarball no local data for is-glob@https://registry.npmjs.org/is-glob/-/is-glob-4.0.3.tgz. Extracting by manifest.
472 silly tarball no local data for is-generator-fn@https://registry.npmjs.org/is-generator-fn/-/is-generator-fn-2.1.0.tgz. Extracting by manifest.
473 silly tarball no local data for is-number-object@https://registry.npmjs.org/is-number-object/-/is-number-object-1.0.7.tgz. Extracting by manifest.
474 silly tarball no local data for is-extglob@https://registry.npmjs.org/is-extglob/-/is-extglob-2.1.1.tgz. Extracting by manifest.
475 silly tarball no local data for is-docker@https://registry.npmjs.org/is-docker/-/is-docker-2.2.1.tgz. Extracting by manifest.
476 silly tarball no local data for is-expression@https://registry.npmjs.org/is-expression/-/is-expression-4.0.0.tgz. Extracting by manifest.
477 silly tarball no local data for is-date-object@https://registry.npmjs.org/is-date-object/-/is-date-object-1.0.5.tgz. Extracting by manifest.
478 silly tarball no local data for is-data-view@https://registry.npmjs.org/is-data-view/-/is-data-view-1.0.1.tgz. Extracting by manifest.
479 silly tarball no local data for jest-leak-detector@https://registry.npmjs.org/jest-leak-detector/-/jest-leak-detector-29.7.0.tgz. Extracting by manifest.
480 silly tarball no local data for is-ci@https://registry.npmjs.org/is-ci/-/is-ci-3.0.1.tgz. Extracting by manifest.
481 silly tarball no local data for is-callable@https://registry.npmjs.org/is-callable/-/is-callable-1.2.7.tgz. Extracting by manifest.
482 silly tarball no local data for is-boolean-object@https://registry.npmjs.org/is-boolean-object/-/is-boolean-object-1.1.2.tgz. Extracting by manifest.
483 silly tarball no local data for is-core-module@https://registry.npmjs.org/is-core-module/-/is-core-module-2.13.1.tgz. Extracting by manifest.
484 silly tarball no local data for is-bigint@https://registry.npmjs.org/is-bigint/-/is-bigint-1.0.4.tgz. Extracting by manifest.
485 silly tarball no local data for is-arrayish@https://registry.npmjs.org/is-arrayish/-/is-arrayish-0.2.1.tgz. Extracting by manifest.
486 silly tarball no local data for is-array-buffer@https://registry.npmjs.org/is-array-buffer/-/is-array-buffer-3.0.4.tgz. Extracting by manifest.
487 silly tarball no local data for ipaddr.js@https://registry.npmjs.org/ipaddr.js/-/ipaddr.js-1.9.1.tgz. Extracting by manifest.
488 silly tarball no local data for json-parse-helpfulerror@https://registry.npmjs.org/json-parse-helpfulerror/-/json-parse-helpfulerror-1.0.3.tgz. Extracting by manifest.
489 silly tarball no local data for interpret@https://registry.npmjs.org/interpret/-/interpret-2.2.0.tgz. Extracting by manifest.
490 silly tarball no local data for inherits@https://registry.npmjs.org/inherits/-/inherits-2.0.4.tgz. Extracting by manifest.
491 silly tarball no local data for is-yarn-global@https://registry.npmjs.org/is-yarn-global/-/is-yarn-global-0.4.0.tgz. Extracting by manifest.
492 silly tarball no local data for is-binary-path@https://registry.npmjs.org/is-binary-path/-/is-binary-path-2.1.0.tgz. Extracting by manifest.
493 silly tarball no local data for ini@https://registry.npmjs.org/ini/-/ini-2.0.0.tgz. Extracting by manifest.
494 silly tarball no local data for inflection@https://registry.npmjs.org/inflection/-/inflection-1.13.4.tgz. Extracting by manifest.
495 silly tarball no local data for infer-owner@https://registry.npmjs.org/infer-owner/-/infer-owner-1.0.4.tgz. Extracting by manifest.
496 silly tarball no local data for import-lazy@https://registry.npmjs.org/import-lazy/-/import-lazy-4.0.0.tgz. Extracting by manifest.
497 silly tarball no local data for inflight@https://registry.npmjs.org/inflight/-/inflight-1.0.6.tgz. Extracting by manifest.
498 silly tarball no local data for indent-string@https://registry.npmjs.org/indent-string/-/indent-string-4.0.0.tgz. Extracting by manifest.
499 silly tarball no local data for imurmurhash@https://registry.npmjs.org/imurmurhash/-/imurmurhash-0.1.4.tgz. Extracting by manifest.
500 silly tarball no local data for internal-slot@https://registry.npmjs.org/internal-slot/-/internal-slot-1.0.7.tgz. Extracting by manifest.
501 silly tarball no local data for is-npm@https://registry.npmjs.org/is-npm/-/is-npm-6.0.0.tgz. Extracting by manifest.
502 silly tarball no local data for icss-utils@https://registry.npmjs.org/icss-utils/-/icss-utils-5.1.0.tgz. Extracting by manifest.
503 silly tarball no local data for ignore@https://registry.npmjs.org/ignore/-/ignore-5.2.0.tgz. Extracting by manifest.
504 silly tarball no local data for ieee754@https://registry.npmjs.org/ieee754/-/ieee754-1.2.1.tgz. Extracting by manifest.
505 silly tarball no local data for iconv-lite@https://registry.npmjs.org/iconv-lite/-/iconv-lite-0.6.3.tgz. Extracting by manifest.
506 silly tarball no local data for ip@https://registry.npmjs.org/ip/-/ip-2.0.0.tgz. Extracting by manifest.
507 silly tarball no local data for i18next@https://registry.npmjs.org/i18next/-/i18next-23.11.2.tgz. Extracting by manifest.
508 silly tarball no local data for humanize-ms@https://registry.npmjs.org/humanize-ms/-/humanize-ms-1.2.1.tgz. Extracting by manifest.
509 silly tarball no local data for https-proxy-agent@https://registry.npmjs.org/https-proxy-agent/-/https-proxy-agent-5.0.1.tgz. Extracting by manifest.
510 silly tarball no local data for http-proxy-agent@https://registry.npmjs.org/http-proxy-agent/-/http-proxy-agent-5.0.0.tgz. Extracting by manifest.
511 silly tarball no local data for http2-wrapper@https://registry.npmjs.org/http2-wrapper/-/http2-wrapper-2.1.11.tgz. Extracting by manifest.
512 silly tarball no local data for http-errors@https://registry.npmjs.org/http-errors/-/http-errors-2.0.0.tgz. Extracting by manifest.
513 silly tarball no local data for html-escaper@https://registry.npmjs.org/html-escaper/-/html-escaper-2.0.2.tgz. Extracting by manifest.
514 silly tarball no local data for ignore-walk@https://registry.npmjs.org/ignore-walk/-/ignore-walk-6.0.4.tgz. Extracting by manifest.
515 silly tarball no local data for help-me@https://registry.npmjs.org/help-me/-/help-me-4.2.0.tgz. Extracting by manifest.
516 silly tarball no local data for human-signals@https://registry.npmjs.org/human-signals/-/human-signals-2.1.0.tgz. Extracting by manifest.
517 silly tarball no local data for hasown@https://registry.npmjs.org/hasown/-/hasown-2.0.2.tgz. Extracting by manifest.
518 silly tarball no local data for hashlru@https://registry.npmjs.org/hashlru/-/hashlru-2.3.0.tgz. Extracting by manifest.
519 silly tarball no local data for has-yarn@https://registry.npmjs.org/has-yarn/-/has-yarn-3.0.0.tgz. Extracting by manifest.
520 silly tarball no local data for has-unicode@https://registry.npmjs.org/has-unicode/-/has-unicode-2.0.1.tgz. Extracting by manifest.
521 silly tarball no local data for has-tostringtag@https://registry.npmjs.org/has-tostringtag/-/has-tostringtag-1.0.2.tgz. Extracting by manifest.
522 silly tarball no local data for has-property-descriptors@https://registry.npmjs.org/has-property-descriptors/-/has-property-descriptors-1.0.2.tgz. Extracting by manifest.
523 silly tarball no local data for has-symbols@https://registry.npmjs.org/has-symbols/-/has-symbols-1.0.3.tgz. Extracting by manifest.
524 silly tarball no local data for http-cache-semantics@https://registry.npmjs.org/http-cache-semantics/-/http-cache-semantics-4.1.1.tgz. Extracting by manifest.
525 silly tarball no local data for has-flag@https://registry.npmjs.org/has-flag/-/has-flag-4.0.0.tgz. Extracting by manifest.
526 silly tarball no local data for has-bigints@https://registry.npmjs.org/has-bigints/-/has-bigints-1.0.2.tgz. Extracting by manifest.
527 silly tarball no local data for graphemer@https://registry.npmjs.org/graphemer/-/graphemer-1.4.0.tgz. Extracting by manifest.
528 silly tarball no local data for has-proto@https://registry.npmjs.org/has-proto/-/has-proto-1.0.3.tgz. Extracting by manifest.
529 silly tarball no local data for gopd@https://registry.npmjs.org/gopd/-/gopd-1.0.1.tgz. Extracting by manifest.
530 silly tarball no local data for got@https://registry.npmjs.org/got/-/got-12.3.1.tgz. Extracting by manifest.
531 silly tarball no local data for globby@https://registry.npmjs.org/globby/-/globby-11.1.0.tgz. Extracting by manifest.
532 silly tarball no local data for globalthis@https://registry.npmjs.org/globalthis/-/globalthis-1.0.3.tgz. Extracting by manifest.
533 silly tarball no local data for globals@https://registry.npmjs.org/globals/-/globals-15.0.0.tgz. Extracting by manifest.
534 silly tarball no local data for glob@https://registry.npmjs.org/glob/-/glob-10.3.12.tgz. Extracting by manifest.
535 silly tarball no local data for global-dirs@https://registry.npmjs.org/global-dirs/-/global-dirs-3.0.0.tgz. Extracting by manifest.
536 silly tarball no local data for glob-to-regexp@https://registry.npmjs.org/glob-to-regexp/-/glob-to-regexp-0.4.1.tgz. Extracting by manifest.
537 silly tarball no local data for is-number@https://registry.npmjs.org/is-number/-/is-number-7.0.0.tgz. Extracting by manifest.
538 silly tarball no local data for graceful-fs@https://registry.npmjs.org/graceful-fs/-/graceful-fs-4.2.10.tgz. Extracting by manifest.
539 silly tarball no local data for getopts@https://registry.npmjs.org/getopts/-/getopts-2.3.0.tgz. Extracting by manifest.
540 silly tarball no local data for is-fullwidth-code-point@https://registry.npmjs.org/is-fullwidth-code-point/-/is-fullwidth-code-point-3.0.0.tgz. Extracting by manifest.
541 silly tarball no local data for get-stream@https://registry.npmjs.org/get-stream/-/get-stream-6.0.1.tgz. Extracting by manifest.
542 silly tarball no local data for get-package-type@https://registry.npmjs.org/get-package-type/-/get-package-type-0.1.0.tgz. Extracting by manifest.
543 silly tarball no local data for get-intrinsic@https://registry.npmjs.org/get-intrinsic/-/get-intrinsic-1.2.4.tgz. Extracting by manifest.
544 silly tarball no local data for get-stdin@https://registry.npmjs.org/get-stdin/-/get-stdin-8.0.0.tgz. Extracting by manifest.
545 silly tarball no local data for get-caller-file@https://registry.npmjs.org/get-caller-file/-/get-caller-file-2.0.5.tgz. Extracting by manifest.
546 silly tarball no local data for gauge@https://registry.npmjs.org/gauge/-/gauge-4.0.4.tgz. Extracting by manifest.
547 silly tarball no local data for gensync@https://registry.npmjs.org/gensync/-/gensync-1.0.0-beta.2.tgz. Extracting by manifest.
548 silly tarball no local data for generify@https://registry.npmjs.org/generify/-/generify-4.2.0.tgz. Extracting by manifest.
549 silly tarball no local data for functions-have-names@https://registry.npmjs.org/functions-have-names/-/functions-have-names-1.2.3.tgz. Extracting by manifest.
550 silly tarball no local data for fs.realpath@https://registry.npmjs.org/fs.realpath/-/fs.realpath-1.0.0.tgz. Extracting by manifest.
551 silly tarball no local data for function.prototype.name@https://registry.npmjs.org/function.prototype.name/-/function.prototype.name-1.1.6.tgz. Extracting by manifest.
552 silly tarball no local data for function-bind@https://registry.npmjs.org/function-bind/-/function-bind-1.1.2.tgz. Extracting by manifest.
553 silly tarball no local data for get-symbol-description@https://registry.npmjs.org/get-symbol-description/-/get-symbol-description-1.0.2.tgz. Extracting by manifest.
554 silly tarball no local data for forwarded@https://registry.npmjs.org/forwarded/-/forwarded-0.2.0.tgz. Extracting by manifest.
555 silly tarball no local data for fs-extra@https://registry.npmjs.org/fs-extra/-/fs-extra-9.1.0.tgz. Extracting by manifest.
556 silly tarball no local data for fs-constants@https://registry.npmjs.org/fs-constants/-/fs-constants-1.0.0.tgz. Extracting by manifest.
557 silly tarball no local data for fp-and-or@https://registry.npmjs.org/fp-and-or/-/fp-and-or-0.1.4.tgz. Extracting by manifest.
558 silly tarball no local data for import-local@https://registry.npmjs.org/import-local/-/import-local-3.1.0.tgz. Extracting by manifest.
559 silly tarball no local data for fs-minipass@https://registry.npmjs.org/fs-minipass/-/fs-minipass-2.1.0.tgz. Extracting by manifest.
560 silly tarball no local data for hosted-git-info@https://registry.npmjs.org/hosted-git-info/-/hosted-git-info-5.2.1.tgz. Extracting by manifest.
561 silly tarball no local data for foreground-child@https://registry.npmjs.org/foreground-child/-/foreground-child-3.1.1.tgz. Extracting by manifest.
562 silly tarball no local data for for-each@https://registry.npmjs.org/for-each/-/for-each-0.3.3.tgz. Extracting by manifest.
563 silly tarball no local data for find-up@https://registry.npmjs.org/find-up/-/find-up-5.0.0.tgz. Extracting by manifest.
564 silly tarball no local data for find-my-way@https://registry.npmjs.org/find-my-way/-/find-my-way-8.1.0.tgz. Extracting by manifest.
565 silly tarball no local data for fill-range@https://registry.npmjs.org/fill-range/-/fill-range-7.0.1.tgz. Extracting by manifest.
566 silly tarball no local data for file-uri-to-path@https://registry.npmjs.org/file-uri-to-path/-/file-uri-to-path-1.0.0.tgz. Extracting by manifest.
567 silly tarball no local data for file-entry-cache@https://registry.npmjs.org/file-entry-cache/-/file-entry-cache-6.0.1.tgz. Extracting by manifest.
568 silly tarball no local data for fb-watchman@https://registry.npmjs.org/fb-watchman/-/fb-watchman-2.0.2.tgz. Extracting by manifest.
569 silly tarball no local data for fastq@https://registry.npmjs.org/fastq/-/fastq-1.17.1.tgz. Extracting by manifest.
570 silly tarball no local data for fastify-reverse-routes@https://registry.npmjs.org/fastify-reverse-routes/-/fastify-reverse-routes-3.0.0.tgz. Extracting by manifest.
571 silly tarball no local data for fastify-cli@https://registry.npmjs.org/fastify-cli/-/fastify-cli-6.1.1.tgz. Extracting by manifest.
572 silly tarball no local data for fastify-plugin@https://registry.npmjs.org/fastify-plugin/-/fastify-plugin-3.0.1.tgz. Extracting by manifest.
573 silly tarball no local data for fastify-objectionjs@https://registry.npmjs.org/fastify-objectionjs/-/fastify-objectionjs-2.0.1.tgz. Extracting by manifest.
574 silly tarball no local data for form-data-encoder@https://registry.npmjs.org/form-data-encoder/-/form-data-encoder-2.1.0.tgz. Extracting by manifest.
575 silly tarball no local data for fastify-error-page@https://registry.npmjs.org/fastify-error-page/-/fastify-error-page-4.0.0.tgz. Extracting by manifest.
576 silly tarball no local data for fast-redact@https://registry.npmjs.org/fast-redact/-/fast-redact-3.5.0.tgz. Extracting by manifest.
577 silly tarball no local data for fastify@https://registry.npmjs.org/fastify/-/fastify-4.26.2.tgz. Extracting by manifest.
578 silly tarball no local data for fastest-levenshtein@https://registry.npmjs.org/fastest-levenshtein/-/fastest-levenshtein-1.0.16.tgz. Extracting by manifest.
579 silly tarball no local data for fast-uri@https://registry.npmjs.org/fast-uri/-/fast-uri-2.3.0.tgz. Extracting by manifest.
580 silly tarball no local data for fast-safe-stringify@https://registry.npmjs.org/fast-safe-stringify/-/fast-safe-stringify-2.1.1.tgz. Extracting by manifest.
581 silly tarball no local data for fastify-method-override@https://registry.npmjs.org/fastify-method-override/-/fastify-method-override-1.5.10.tgz. Extracting by manifest.
582 silly tarball no local data for fast-levenshtein@https://registry.npmjs.org/fast-levenshtein/-/fast-levenshtein-2.0.6.tgz. Extracting by manifest.
583 silly tarball no local data for flatted@https://registry.npmjs.org/flatted/-/flatted-3.3.1.tgz. Extracting by manifest.
584 silly tarball no local data for fast-memoize@https://registry.npmjs.org/fast-memoize/-/fast-memoize-2.5.2.tgz. Extracting by manifest.
585 silly tarball no local data for fast-json-stringify@https://registry.npmjs.org/fast-json-stringify/-/fast-json-stringify-5.14.1.tgz. Extracting by manifest.
586 silly tarball no local data for fast-glob@https://registry.npmjs.org/fast-glob/-/fast-glob-3.2.11.tgz. Extracting by manifest.
587 silly tarball no local data for fast-deep-equal@https://registry.npmjs.org/fast-deep-equal/-/fast-deep-equal-3.1.3.tgz. Extracting by manifest.
588 silly tarball no local data for fast-json-stable-stringify@https://registry.npmjs.org/fast-json-stable-stringify/-/fast-json-stable-stringify-2.1.0.tgz. Extracting by manifest.
589 silly tarball no local data for fast-copy@https://registry.npmjs.org/fast-copy/-/fast-copy-3.0.2.tgz. Extracting by manifest.
590 silly tarball no local data for fast-content-type-parse@https://registry.npmjs.org/fast-content-type-parse/-/fast-content-type-parse-1.1.0.tgz. Extracting by manifest.
591 silly tarball no local data for expect@https://registry.npmjs.org/expect/-/expect-29.7.0.tgz. Extracting by manifest.
592 silly tarball no local data for import-fresh@https://registry.npmjs.org/import-fresh/-/import-fresh-3.3.0.tgz. Extracting by manifest.
593 silly tarball no local data for ext@https://registry.npmjs.org/ext/-/ext-1.7.0.tgz. Extracting by manifest.
594 silly tarball no local data for exit@https://registry.npmjs.org/exit/-/exit-0.1.2.tgz. Extracting by manifest.
595 silly tarball no local data for expand-template@https://registry.npmjs.org/expand-template/-/expand-template-2.0.3.tgz. Extracting by manifest.
596 silly tarball no local data for events@https://registry.npmjs.org/events/-/events-3.3.0.tgz. Extracting by manifest.
597 silly tarball no local data for execa@https://registry.npmjs.org/execa/-/execa-5.1.1.tgz. Extracting by manifest.
598 silly tarball no local data for exponential-backoff@https://registry.npmjs.org/exponential-backoff/-/exponential-backoff-3.1.1.tgz. Extracting by manifest.
599 silly tarball no local data for flat-cache@https://registry.npmjs.org/flat-cache/-/flat-cache-3.2.0.tgz. Extracting by manifest.
600 silly tarball no local data for event-emitter@https://registry.npmjs.org/event-emitter/-/event-emitter-0.3.5.tgz. Extracting by manifest.
601 silly tarball no local data for event-target-shim@https://registry.npmjs.org/event-target-shim/-/event-target-shim-5.0.1.tgz. Extracting by manifest.
602 silly tarball no local data for esrecurse@https://registry.npmjs.org/esrecurse/-/esrecurse-4.3.0.tgz. Extracting by manifest.
603 silly tarball no local data for esquery@https://registry.npmjs.org/esquery/-/esquery-1.5.0.tgz. Extracting by manifest.
604 silly tarball no local data for esprima@https://registry.npmjs.org/esprima/-/esprima-4.0.1.tgz. Extracting by manifest.
605 silly tarball no local data for fast-querystring@https://registry.npmjs.org/fast-querystring/-/fast-querystring-1.0.0.tgz. Extracting by manifest.
606 silly tarball no local data for github-from-package@https://registry.npmjs.org/github-from-package/-/github-from-package-0.0.0.tgz. Extracting by manifest.
607 silly tarball no local data for glob-parent@https://registry.npmjs.org/glob-parent/-/glob-parent-6.0.2.tgz. Extracting by manifest.
608 silly tarball no local data for espree@https://registry.npmjs.org/espree/-/espree-10.0.1.tgz. Extracting by manifest.
609 silly tarball no local data for eslint-scope@https://registry.npmjs.org/eslint-scope/-/eslint-scope-7.2.2.tgz. Extracting by manifest.
610 silly tarball no local data for eslint-visitor-keys@https://registry.npmjs.org/eslint-visitor-keys/-/eslint-visitor-keys-3.4.3.tgz. Extracting by manifest.
611 silly tarball no local data for escape-string-regexp@https://registry.npmjs.org/escape-string-regexp/-/escape-string-regexp-1.0.5.tgz. Extracting by manifest.
612 silly tarball no local data for esniff@https://registry.npmjs.org/esniff/-/esniff-2.0.1.tgz. Extracting by manifest.
613 silly tarball no local data for fast-decode-uri-component@https://registry.npmjs.org/fast-decode-uri-component/-/fast-decode-uri-component-1.0.1.tgz. Extracting by manifest.
614 silly tarball no local data for eslint-config-airbnb-base@https://registry.npmjs.org/eslint-config-airbnb-base/-/eslint-config-airbnb-base-15.0.0.tgz. Extracting by manifest.
615 silly tarball no local data for escape-goat@https://registry.npmjs.org/escape-goat/-/escape-goat-4.0.0.tgz. Extracting by manifest.
616 silly tarball no local data for escalade@https://registry.npmjs.org/escalade/-/escalade-3.1.1.tgz. Extracting by manifest.
617 silly tarball no local data for eslint@https://registry.npmjs.org/eslint/-/eslint-8.57.0.tgz. Extracting by manifest.
618 silly tarball no local data for esutils@https://registry.npmjs.org/esutils/-/esutils-2.0.3.tgz. Extracting by manifest.
619 silly tarball no local data for estraverse@https://registry.npmjs.org/estraverse/-/estraverse-5.3.0.tgz. Extracting by manifest.
620 silly tarball no local data for es6-symbol@https://registry.npmjs.org/es6-symbol/-/es6-symbol-3.1.4.tgz. Extracting by manifest.
621 silly tarball no local data for es6-iterator@https://registry.npmjs.org/es6-iterator/-/es6-iterator-2.0.3.tgz. Extracting by manifest.
622 silly tarball no local data for es5-ext@https://registry.npmjs.org/es5-ext/-/es5-ext-0.10.64.tgz. Extracting by manifest.
623 silly tarball no local data for eslint-module-utils@https://registry.npmjs.org/eslint-module-utils/-/eslint-module-utils-2.8.1.tgz. Extracting by manifest.
624 silly tarball no local data for es-shim-unscopables@https://registry.npmjs.org/es-shim-unscopables/-/es-shim-unscopables-1.0.2.tgz. Extracting by manifest.
625 silly tarball no local data for es-set-tostringtag@https://registry.npmjs.org/es-set-tostringtag/-/es-set-tostringtag-2.0.3.tgz. Extracting by manifest.
626 silly tarball no local data for es-object-atoms@https://registry.npmjs.org/es-object-atoms/-/es-object-atoms-1.0.0.tgz. Extracting by manifest.
627 silly tarball no local data for es-errors@https://registry.npmjs.org/es-errors/-/es-errors-1.3.0.tgz. Extracting by manifest.
628 silly tarball no local data for es-abstract@https://registry.npmjs.org/es-abstract/-/es-abstract-1.23.3.tgz. Extracting by manifest.
629 silly tarball no local data for esm@https://registry.npmjs.org/esm/-/esm-3.2.25.tgz. Extracting by manifest.
630 silly tarball no local data for es-define-property@https://registry.npmjs.org/es-define-property/-/es-define-property-1.0.0.tgz. Extracting by manifest.
631 silly tarball no local data for err-code@https://registry.npmjs.org/err-code/-/err-code-2.0.3.tgz. Extracting by manifest.
632 silly tarball no local data for envinfo@https://registry.npmjs.org/envinfo/-/envinfo-7.12.0.tgz. Extracting by manifest.
633 silly tarball no local data for es6-weak-map@https://registry.npmjs.org/es6-weak-map/-/es6-weak-map-2.0.3.tgz. Extracting by manifest.
634 silly tarball no local data for escape-html@https://registry.npmjs.org/escape-html/-/escape-html-1.0.3.tgz. Extracting by manifest.
635 silly tarball no local data for es-to-primitive@https://registry.npmjs.org/es-to-primitive/-/es-to-primitive-1.2.1.tgz. Extracting by manifest.
636 silly tarball no local data for encoding@https://registry.npmjs.org/encoding/-/encoding-0.1.13.tgz. Extracting by manifest.
637 silly tarball no local data for enhanced-resolve@https://registry.npmjs.org/enhanced-resolve/-/enhanced-resolve-5.16.0.tgz. Extracting by manifest.
638 silly tarball no local data for emoji-regex@https://registry.npmjs.org/emoji-regex/-/emoji-regex-8.0.0.tgz. Extracting by manifest.
639 silly tarball no local data for emittery@https://registry.npmjs.org/emittery/-/emittery-0.13.1.tgz. Extracting by manifest.
640 silly tarball no local data for electron-to-chromium@https://registry.npmjs.org/electron-to-chromium/-/electron-to-chromium-1.4.746.tgz. Extracting by manifest.
641 silly tarball no local data for end-of-stream@https://registry.npmjs.org/end-of-stream/-/end-of-stream-1.4.4.tgz. Extracting by manifest.
642 silly tarball no local data for editorconfig@https://registry.npmjs.org/editorconfig/-/editorconfig-1.0.4.tgz. Extracting by manifest.
643 silly tarball no local data for eastasianwidth@https://registry.npmjs.org/eastasianwidth/-/eastasianwidth-0.2.0.tgz. Extracting by manifest.
644 silly tarball no local data for dottie@https://registry.npmjs.org/dottie/-/dottie-2.0.6.tgz. Extracting by manifest.
645 silly tarball no local data for dot-prop@https://registry.npmjs.org/dot-prop/-/dot-prop-6.0.1.tgz. Extracting by manifest.
646 silly tarball no local data for doctypes@https://registry.npmjs.org/doctypes/-/doctypes-1.1.0.tgz. Extracting by manifest.
647 silly tarball no local data for doctrine@https://registry.npmjs.org/doctrine/-/doctrine-3.0.0.tgz. Extracting by manifest.
648 silly tarball no local data for dir-glob@https://registry.npmjs.org/dir-glob/-/dir-glob-3.0.1.tgz. Extracting by manifest.
649 silly tarball no local data for diff-sequences@https://registry.npmjs.org/diff-sequences/-/diff-sequences-29.6.3.tgz. Extracting by manifest.
650 silly tarball no local data for detect-libc@https://registry.npmjs.org/detect-libc/-/detect-libc-2.0.3.tgz. Extracting by manifest.
651 silly tarball no local data for error-ex@https://registry.npmjs.org/error-ex/-/error-ex-1.3.2.tgz. Extracting by manifest.
652 silly tarball no local data for detect-newline@https://registry.npmjs.org/detect-newline/-/detect-newline-3.1.0.tgz. Extracting by manifest.
653 silly tarball no local data for env-paths@https://registry.npmjs.org/env-paths/-/env-paths-2.2.1.tgz. Extracting by manifest.
654 silly tarball no local data for dotenv@https://registry.npmjs.org/dotenv/-/dotenv-16.4.5.tgz. Extracting by manifest.
655 silly tarball no local data for define-data-property@https://registry.npmjs.org/define-data-property/-/define-data-property-1.1.4.tgz. Extracting by manifest.
656 silly tarball no local data for defer-to-connect@https://registry.npmjs.org/defer-to-connect/-/defer-to-connect-2.0.1.tgz. Extracting by manifest.
657 silly tarball no local data for deepmerge@https://registry.npmjs.org/deepmerge/-/deepmerge-4.3.1.tgz. Extracting by manifest.
658 silly tarball no local data for delegates@https://registry.npmjs.org/delegates/-/delegates-1.0.0.tgz. Extracting by manifest.
659 silly tarball no local data for depd@https://registry.npmjs.org/depd/-/depd-2.0.0.tgz. Extracting by manifest.
660 silly tarball no local data for define-properties@https://registry.npmjs.org/define-properties/-/define-properties-1.2.1.tgz. Extracting by manifest.
661 silly tarball no local data for dedent@https://registry.npmjs.org/dedent/-/dedent-1.5.3.tgz. Extracting by manifest.
662 silly tarball no local data for decompress-response@https://registry.npmjs.org/decompress-response/-/decompress-response-6.0.0.tgz. Extracting by manifest.
663 silly tarball no local data for date-fns@https://registry.npmjs.org/date-fns/-/date-fns-2.30.0.tgz. Extracting by manifest.
664 silly tarball no local data for db-errors@https://registry.npmjs.org/db-errors/-/db-errors-0.2.3.tgz. Extracting by manifest.
665 silly tarball no local data for dateformat@https://registry.npmjs.org/dateformat/-/dateformat-4.6.3.tgz. Extracting by manifest.
666 silly tarball no local data for data-view-byte-length@https://registry.npmjs.org/data-view-byte-length/-/data-view-byte-length-1.0.1.tgz. Extracting by manifest.
667 silly tarball no local data for entities@https://registry.npmjs.org/entities/-/entities-3.0.1.tgz. Extracting by manifest.
668 silly tarball no local data for d@https://registry.npmjs.org/d/-/d-1.0.2.tgz. Extracting by manifest.
669 silly tarball no local data for deep-is@https://registry.npmjs.org/deep-is/-/deep-is-0.1.4.tgz. Extracting by manifest.
670 silly tarball no local data for data-view-buffer@https://registry.npmjs.org/data-view-buffer/-/data-view-buffer-1.0.1.tgz. Extracting by manifest.
671 silly tarball no local data for cssesc@https://registry.npmjs.org/cssesc/-/cssesc-3.0.0.tgz. Extracting by manifest.
672 silly tarball no local data for cross-spawn@https://registry.npmjs.org/cross-spawn/-/cross-spawn-7.0.3.tgz. Extracting by manifest.
673 silly tarball no local data for data-view-byte-offset@https://registry.npmjs.org/data-view-byte-offset/-/data-view-byte-offset-1.0.0.tgz. Extracting by manifest.
674 silly tarball no local data for eslint-plugin-import@https://registry.npmjs.org/eslint-plugin-import/-/eslint-plugin-import-2.29.1.tgz. Extracting by manifest.
675 silly tarball no local data for crypto-random-string@https://registry.npmjs.org/crypto-random-string/-/crypto-random-string-4.0.0.tgz. Extracting by manifest.
676 silly tarball no local data for eslint-import-resolver-node@https://registry.npmjs.org/eslint-import-resolver-node/-/eslint-import-resolver-node-0.3.9.tgz. Extracting by manifest.
677 silly tarball no local data for cookie@https://registry.npmjs.org/cookie/-/cookie-0.6.0.tgz. Extracting by manifest.
678 silly tarball no local data for css-loader@https://registry.npmjs.org/css-loader/-/css-loader-7.1.1.tgz. Extracting by manifest.
679 silly tarball no local data for content-disposition@https://registry.npmjs.org/content-disposition/-/content-disposition-0.5.4.tgz. Extracting by manifest.
680 silly tarball no local data for constantinople@https://registry.npmjs.org/constantinople/-/constantinople-4.0.1.tgz. Extracting by manifest.
681 silly tarball no local data for deep-extend@https://registry.npmjs.org/deep-extend/-/deep-extend-0.6.0.tgz. Extracting by manifest.
682 silly tarball no local data for confusing-browser-globals@https://registry.npmjs.org/confusing-browser-globals/-/confusing-browser-globals-1.0.11.tgz. Extracting by manifest.
683 silly tarball no local data for configstore@https://registry.npmjs.org/configstore/-/configstore-6.0.0.tgz. Extracting by manifest.
684 silly tarball no local data for config-chain@https://registry.npmjs.org/config-chain/-/config-chain-1.1.13.tgz. Extracting by manifest.
685 silly tarball no local data for commist@https://registry.npmjs.org/commist/-/commist-3.0.0.tgz. Extracting by manifest.
686 silly tarball no local data for cookie-signature@https://registry.npmjs.org/cookie-signature/-/cookie-signature-1.2.1.tgz. Extracting by manifest.
687 silly tarball no local data for commander@https://registry.npmjs.org/commander/-/commander-10.0.1.tgz. Extracting by manifest.
688 silly tarball no local data for create-jest@https://registry.npmjs.org/create-jest/-/create-jest-29.7.0.tgz. Extracting by manifest.
689 silly tarball no local data for color-support@https://registry.npmjs.org/color-support/-/color-support-1.1.3.tgz. Extracting by manifest.
690 silly tarball no local data for colorette@https://registry.npmjs.org/colorette/-/colorette-2.0.19.tgz. Extracting by manifest.
691 silly tarball no local data for convert-source-map@https://registry.npmjs.org/convert-source-map/-/convert-source-map-2.0.0.tgz. Extracting by manifest.
692 silly tarball no local data for color-convert@https://registry.npmjs.org/color-convert/-/color-convert-2.0.1.tgz. Extracting by manifest.
693 silly tarball no local data for close-with-grace@https://registry.npmjs.org/close-with-grace/-/close-with-grace-1.1.0.tgz. Extracting by manifest.
694 silly tarball no local data for co@https://registry.npmjs.org/co/-/co-4.6.0.tgz. Extracting by manifest.
695 silly tarball no local data for collect-v8-coverage@https://registry.npmjs.org/collect-v8-coverage/-/collect-v8-coverage-1.0.2.tgz. Extracting by manifest.
696 silly tarball no local data for clone-deep@https://registry.npmjs.org/clone-deep/-/clone-deep-4.0.1.tgz. Extracting by manifest.
697 silly tarball no local data for clone-response@https://registry.npmjs.org/clone-response/-/clone-response-1.0.3.tgz. Extracting by manifest.
698 silly tarball no local data for cli-boxes@https://registry.npmjs.org/cli-boxes/-/cli-boxes-3.0.0.tgz. Extracting by manifest.
699 silly tarball no local data for console-control-strings@https://registry.npmjs.org/console-control-strings/-/console-control-strings-1.1.0.tgz. Extracting by manifest.
700 silly tarball no local data for cli-color@https://registry.npmjs.org/cli-color/-/cli-color-2.0.4.tgz. Extracting by manifest.
701 silly tarball no local data for cli-table3@https://registry.npmjs.org/cli-table3/-/cli-table3-0.6.4.tgz. Extracting by manifest.
702 silly tarball no local data for cjs-module-lexer@https://registry.npmjs.org/cjs-module-lexer/-/cjs-module-lexer-1.2.3.tgz. Extracting by manifest.
703 silly tarball no local data for es-module-lexer@https://registry.npmjs.org/es-module-lexer/-/es-module-lexer-1.5.0.tgz. Extracting by manifest.
704 silly tarball no local data for chrome-trace-event@https://registry.npmjs.org/chrome-trace-event/-/chrome-trace-event-1.0.3.tgz. Extracting by manifest.
705 silly tarball no local data for clean-stack@https://registry.npmjs.org/clean-stack/-/clean-stack-2.2.0.tgz. Extracting by manifest.
706 silly tarball no local data for character-parser@https://registry.npmjs.org/character-parser/-/character-parser-2.2.0.tgz. Extracting by manifest.
707 silly tarball no local data for ci-info@https://registry.npmjs.org/ci-info/-/ci-info-3.3.2.tgz. Extracting by manifest.
708 silly tarball no local data for chownr@https://registry.npmjs.org/chownr/-/chownr-2.0.0.tgz. Extracting by manifest.
709 silly tarball no local data for char-regex@https://registry.npmjs.org/char-regex/-/char-regex-1.0.2.tgz. Extracting by manifest.
710 silly tarball no local data for camelcase@https://registry.npmjs.org/camelcase/-/camelcase-5.3.1.tgz. Extracting by manifest.
711 silly tarball no local data for concurrently@https://registry.npmjs.org/concurrently/-/concurrently-8.2.2.tgz. Extracting by manifest.
712 silly tarball no local data for concat-map@https://registry.npmjs.org/concat-map/-/concat-map-0.0.1.tgz. Extracting by manifest.
713 silly tarball no local data for callsites@https://registry.npmjs.org/callsites/-/callsites-3.1.0.tgz. Extracting by manifest.
714 silly tarball no local data for call-bind@https://registry.npmjs.org/call-bind/-/call-bind-1.0.7.tgz. Extracting by manifest.
715 silly tarball no local data for cacheable-request@https://registry.npmjs.org/cacheable-request/-/cacheable-request-7.0.2.tgz. Extracting by manifest.
716 silly tarball no local data for cacheable-lookup@https://registry.npmjs.org/cacheable-lookup/-/cacheable-lookup-6.1.0.tgz. Extracting by manifest.
717 silly tarball no local data for cacache@https://registry.npmjs.org/cacache/-/cacache-17.1.4.tgz. Extracting by manifest.
718 silly tarball no local data for builtins@https://registry.npmjs.org/builtins/-/builtins-5.1.0.tgz. Extracting by manifest.
719 silly tarball no local data for caniuse-lite@https://registry.npmjs.org/caniuse-lite/-/caniuse-lite-1.0.30001612.tgz. Extracting by manifest.
720 silly tarball no local data for buffer@https://registry.npmjs.org/buffer/-/buffer-5.7.1.tgz. Extracting by manifest.
721 silly tarball no local data for browserslist@https://registry.npmjs.org/browserslist/-/browserslist-4.23.0.tgz. Extracting by manifest.
722 silly tarball no local data for bser@https://registry.npmjs.org/bser/-/bser-2.1.1.tgz. Extracting by manifest.
723 silly tarball no local data for buffer-from@https://registry.npmjs.org/buffer-from/-/buffer-from-1.1.2.tgz. Extracting by manifest.
724 silly tarball no local data for braces@https://registry.npmjs.org/braces/-/braces-3.0.2.tgz. Extracting by manifest.
725 silly tarball no local data for brace-expansion@https://registry.npmjs.org/brace-expansion/-/brace-expansion-1.1.11.tgz. Extracting by manifest.
726 silly tarball no local data for bootstrap@https://registry.npmjs.org/bootstrap/-/bootstrap-5.3.3.tgz. Extracting by manifest.
727 silly tarball no local data for bluebird@https://registry.npmjs.org/bluebird/-/bluebird-3.7.2.tgz. Extracting by manifest.
728 silly tarball no local data for bl@https://registry.npmjs.org/bl/-/bl-4.1.0.tgz. Extracting by manifest.
729 silly tarball no local data for bindings@https://registry.npmjs.org/bindings/-/bindings-1.5.0.tgz. Extracting by manifest.
730 silly tarball no local data for binary-extensions@https://registry.npmjs.org/binary-extensions/-/binary-extensions-2.2.0.tgz. Extracting by manifest.
731 silly tarball no local data for balanced-match@https://registry.npmjs.org/balanced-match/-/balanced-match-1.0.2.tgz. Extracting by manifest.
732 silly tarball no local data for base64-js@https://registry.npmjs.org/base64-js/-/base64-js-1.5.1.tgz. Extracting by manifest.
733 silly tarball no local data for babel-preset-jest@https://registry.npmjs.org/babel-preset-jest/-/babel-preset-jest-29.6.3.tgz. Extracting by manifest.
734 silly tarball no local data for better-sqlite3@https://registry.npmjs.org/better-sqlite3/-/better-sqlite3-8.7.0.tgz. Extracting by manifest.
735 silly tarball no local data for babel-walk@https://registry.npmjs.org/babel-walk/-/babel-walk-3.0.0-canary-5.tgz. Extracting by manifest.
736 silly tarball no local data for boxen@https://registry.npmjs.org/boxen/-/boxen-7.0.0.tgz. Extracting by manifest.
737 silly tarball no local data for babel-preset-current-node-syntax@https://registry.npmjs.org/babel-preset-current-node-syntax/-/babel-preset-current-node-syntax-1.0.1.tgz. Extracting by manifest.
738 silly tarball no local data for babel-jest@https://registry.npmjs.org/babel-jest/-/babel-jest-29.7.0.tgz. Extracting by manifest.
739 silly tarball no local data for available-typed-arrays@https://registry.npmjs.org/available-typed-arrays/-/available-typed-arrays-1.0.7.tgz. Extracting by manifest.
740 silly tarball no local data for babel-plugin-istanbul@https://registry.npmjs.org/babel-plugin-istanbul/-/babel-plugin-istanbul-6.1.1.tgz. Extracting by manifest.
741 silly tarball no local data for avvio@https://registry.npmjs.org/avvio/-/avvio-8.3.0.tgz. Extracting by manifest.
742 silly tarball no local data for atomic-sleep@https://registry.npmjs.org/atomic-sleep/-/atomic-sleep-1.0.0.tgz. Extracting by manifest.
743 silly tarball no local data for assert-never@https://registry.npmjs.org/assert-never/-/assert-never-1.2.1.tgz. Extracting by manifest.
744 silly tarball no local data for asap@https://registry.npmjs.org/asap/-/asap-2.0.6.tgz. Extracting by manifest.
745 silly tarball no local data for at-least-node@https://registry.npmjs.org/at-least-node/-/at-least-node-1.0.0.tgz. Extracting by manifest.
746 silly tarball no local data for arraybuffer.prototype.slice@https://registry.npmjs.org/arraybuffer.prototype.slice/-/arraybuffer.prototype.slice-1.0.3.tgz. Extracting by manifest.
747 silly tarball no local data for array.prototype.flat@https://registry.npmjs.org/array.prototype.flat/-/array.prototype.flat-1.3.2.tgz. Extracting by manifest.
748 silly tarball no local data for color-name@https://registry.npmjs.org/color-name/-/color-name-1.1.4.tgz. Extracting by manifest.
749 silly tarball no local data for array.prototype.flatmap@https://registry.npmjs.org/array.prototype.flatmap/-/array.prototype.flatmap-1.3.2.tgz. Extracting by manifest.
750 silly tarball no local data for array-union@https://registry.npmjs.org/array-union/-/array-union-2.1.0.tgz. Extracting by manifest.
751 silly tarball no local data for array-includes@https://registry.npmjs.org/array-includes/-/array-includes-3.1.8.tgz. Extracting by manifest.
752 silly tarball no local data for babel-plugin-jest-hoist@https://registry.npmjs.org/babel-plugin-jest-hoist/-/babel-plugin-jest-hoist-29.6.3.tgz. Extracting by manifest.
753 silly tarball no local data for array-buffer-byte-length@https://registry.npmjs.org/array-buffer-byte-length/-/array-buffer-byte-length-1.0.1.tgz. Extracting by manifest.
754 silly tarball no local data for are-we-there-yet@https://registry.npmjs.org/are-we-there-yet/-/are-we-there-yet-3.0.1.tgz. Extracting by manifest.
755 silly tarball no local data for archy@https://registry.npmjs.org/archy/-/archy-1.0.0.tgz. Extracting by manifest.
756 silly tarball no local data for aproba@https://registry.npmjs.org/aproba/-/aproba-2.0.0.tgz. Extracting by manifest.
757 silly tarball no local data for ansi-styles@https://registry.npmjs.org/ansi-styles/-/ansi-styles-4.3.0.tgz. Extracting by manifest.
758 silly tarball no local data for anymatch@https://registry.npmjs.org/anymatch/-/anymatch-3.1.2.tgz. Extracting by manifest.
759 silly tarball no local data for ansi-escapes@https://registry.npmjs.org/ansi-escapes/-/ansi-escapes-4.3.2.tgz. Extracting by manifest.
760 silly tarball no local data for ansi-align@https://registry.npmjs.org/ansi-align/-/ansi-align-3.0.1.tgz. Extracting by manifest.
761 silly tarball no local data for ansi-regex@https://registry.npmjs.org/ansi-regex/-/ansi-regex-5.0.1.tgz. Extracting by manifest.
762 silly tarball no local data for ajv-formats@https://registry.npmjs.org/ajv-formats/-/ajv-formats-2.1.1.tgz. Extracting by manifest.
763 silly tarball no local data for ajv-keywords@https://registry.npmjs.org/ajv-keywords/-/ajv-keywords-3.5.2.tgz. Extracting by manifest.
764 silly tarball no local data for ajv@https://registry.npmjs.org/ajv/-/ajv-6.12.6.tgz. Extracting by manifest.
765 silly tarball no local data for aggregate-error@https://registry.npmjs.org/aggregate-error/-/aggregate-error-3.1.0.tgz. Extracting by manifest.
766 silly tarball no local data for agent-base@https://registry.npmjs.org/agent-base/-/agent-base-6.0.2.tgz. Extracting by manifest.
767 silly tarball no local data for cliui@https://registry.npmjs.org/cliui/-/cliui-8.0.1.tgz. Extracting by manifest.
768 silly tarball no local data for acorn-jsx@https://registry.npmjs.org/acorn-jsx/-/acorn-jsx-5.3.2.tgz. Extracting by manifest.
769 silly tarball no local data for agentkeepalive@https://registry.npmjs.org/agentkeepalive/-/agentkeepalive-4.2.1.tgz. Extracting by manifest.
770 silly tarball no local data for chalk@https://registry.npmjs.org/chalk/-/chalk-4.1.2.tgz. Extracting by manifest.
771 silly tarball no local data for abstract-logging@https://registry.npmjs.org/abstract-logging/-/abstract-logging-2.0.1.tgz. Extracting by manifest.
772 silly tarball no local data for abbrev@https://registry.npmjs.org/abbrev/-/abbrev-1.1.1.tgz. Extracting by manifest.
773 silly tarball no local data for array.prototype.findlastindex@https://registry.npmjs.org/array.prototype.findlastindex/-/array.prototype.findlastindex-1.2.5.tgz. Extracting by manifest.
774 silly tarball no local data for abort-controller@https://registry.npmjs.org/abort-controller/-/abort-controller-3.0.0.tgz. Extracting by manifest.
775 silly tarball no local data for acorn@https://registry.npmjs.org/acorn/-/acorn-8.11.3.tgz. Extracting by manifest.
776 silly tarball no local data for @xtuc/long@https://registry.npmjs.org/@xtuc/long/-/long-4.2.2.tgz. Extracting by manifest.
777 silly tarball no local data for @xtuc/ieee754@https://registry.npmjs.org/@xtuc/ieee754/-/ieee754-1.2.0.tgz. Extracting by manifest.
778 silly tarball no local data for acorn-import-assertions@https://registry.npmjs.org/acorn-import-assertions/-/acorn-import-assertions-1.9.0.tgz. Extracting by manifest.
779 silly tarball no local data for @webpack-cli/info@https://registry.npmjs.org/@webpack-cli/info/-/info-2.0.2.tgz. Extracting by manifest.
780 silly tarball no local data for @webassemblyjs/wast-printer@https://registry.npmjs.org/@webassemblyjs/wast-printer/-/wast-printer-1.12.1.tgz. Extracting by manifest.
781 silly tarball no local data for @webpack-cli/serve@https://registry.npmjs.org/@webpack-cli/serve/-/serve-2.0.5.tgz. Extracting by manifest.
782 silly tarball no local data for @webassemblyjs/wasm-gen@https://registry.npmjs.org/@webassemblyjs/wasm-gen/-/wasm-gen-1.12.1.tgz. Extracting by manifest.
783 silly tarball no local data for @webassemblyjs/utf8@https://registry.npmjs.org/@webassemblyjs/utf8/-/utf8-1.11.6.tgz. Extracting by manifest.
784 silly tarball no local data for @webassemblyjs/leb128@https://registry.npmjs.org/@webassemblyjs/leb128/-/leb128-1.11.6.tgz. Extracting by manifest.
785 silly tarball no local data for @webpack-cli/configtest@https://registry.npmjs.org/@webpack-cli/configtest/-/configtest-2.1.1.tgz. Extracting by manifest.
786 silly tarball no local data for @webassemblyjs/ieee754@https://registry.npmjs.org/@webassemblyjs/ieee754/-/ieee754-1.11.6.tgz. Extracting by manifest.
787 silly tarball no local data for @webassemblyjs/helper-wasm-section@https://registry.npmjs.org/@webassemblyjs/helper-wasm-section/-/helper-wasm-section-1.12.1.tgz. Extracting by manifest.
788 silly tarball no local data for @webassemblyjs/helper-wasm-bytecode@https://registry.npmjs.org/@webassemblyjs/helper-wasm-bytecode/-/helper-wasm-bytecode-1.11.6.tgz. Extracting by manifest.
789 silly tarball no local data for @webassemblyjs/helper-numbers@https://registry.npmjs.org/@webassemblyjs/helper-numbers/-/helper-numbers-1.11.6.tgz. Extracting by manifest.
790 silly tarball no local data for @webassemblyjs/wasm-parser@https://registry.npmjs.org/@webassemblyjs/wasm-parser/-/wasm-parser-1.12.1.tgz. Extracting by manifest.
791 silly tarball no local data for debug@https://registry.npmjs.org/debug/-/debug-4.3.4.tgz. Extracting by manifest.
792 silly tarball no local data for @webassemblyjs/wasm-edit@https://registry.npmjs.org/@webassemblyjs/wasm-edit/-/wasm-edit-1.12.1.tgz. Extracting by manifest.
793 silly tarball no local data for @webassemblyjs/floating-point-hex-parser@https://registry.npmjs.org/@webassemblyjs/floating-point-hex-parser/-/floating-point-hex-parser-1.11.6.tgz. Extracting by manifest.
794 silly tarball no local data for @webassemblyjs/ast@https://registry.npmjs.org/@webassemblyjs/ast/-/ast-1.12.1.tgz. Extracting by manifest.
795 silly tarball no local data for @webassemblyjs/helper-api-error@https://registry.npmjs.org/@webassemblyjs/helper-api-error/-/helper-api-error-1.11.6.tgz. Extracting by manifest.
796 silly tarball no local data for @vscode/sqlite3@https://registry.npmjs.org/@vscode/sqlite3/-/sqlite3-5.1.2.tgz. Extracting by manifest.
797 silly tarball no local data for @webassemblyjs/helper-buffer@https://registry.npmjs.org/@webassemblyjs/helper-buffer/-/helper-buffer-1.12.1.tgz. Extracting by manifest.
798 silly tarball no local data for @webassemblyjs/wasm-opt@https://registry.npmjs.org/@webassemblyjs/wasm-opt/-/wasm-opt-1.12.1.tgz. Extracting by manifest.
799 silly tarball no local data for @types/stack-utils@https://registry.npmjs.org/@types/stack-utils/-/stack-utils-2.0.3.tgz. Extracting by manifest.
800 silly tarball no local data for @ungap/structured-clone@https://registry.npmjs.org/@ungap/structured-clone/-/structured-clone-1.2.0.tgz. Extracting by manifest.
801 silly tarball no local data for @types/semver-utils@https://registry.npmjs.org/@types/semver-utils/-/semver-utils-1.1.3.tgz. Extracting by manifest.
802 silly tarball no local data for @types/responselike@https://registry.npmjs.org/@types/responselike/-/responselike-1.0.0.tgz. Extracting by manifest.
803 silly tarball no local data for @types/node@https://registry.npmjs.org/@types/node/-/node-20.12.7.tgz. Extracting by manifest.
804 silly tarball no local data for @types/ms@https://registry.npmjs.org/@types/ms/-/ms-0.7.34.tgz. Extracting by manifest.
805 silly tarball no local data for @types/keyv@https://registry.npmjs.org/@types/keyv/-/keyv-3.1.4.tgz. Extracting by manifest.
806 silly tarball no local data for @types/json5@https://registry.npmjs.org/@types/json5/-/json5-0.0.29.tgz. Extracting by manifest.
807 silly tarball no local data for @types/json-schema@https://registry.npmjs.org/@types/json-schema/-/json-schema-7.0.11.tgz. Extracting by manifest.
808 silly tarball no local data for @types/jest@https://registry.npmjs.org/@types/jest/-/jest-29.5.12.tgz. Extracting by manifest.
809 silly tarball no local data for @types/istanbul-lib-report@https://registry.npmjs.org/@types/istanbul-lib-report/-/istanbul-lib-report-3.0.3.tgz. Extracting by manifest.
810 silly tarball no local data for @types/istanbul-reports@https://registry.npmjs.org/@types/istanbul-reports/-/istanbul-reports-3.0.4.tgz. Extracting by manifest.
811 silly tarball no local data for @types/http-cache-semantics@https://registry.npmjs.org/@types/http-cache-semantics/-/http-cache-semantics-4.0.1.tgz. Extracting by manifest.
812 silly tarball no local data for @types/graceful-fs@https://registry.npmjs.org/@types/graceful-fs/-/graceful-fs-4.1.9.tgz. Extracting by manifest.
813 silly tarball no local data for @types/estree@https://registry.npmjs.org/@types/estree/-/estree-1.0.5.tgz. Extracting by manifest.
814 silly tarball no local data for @types/istanbul-lib-coverage@https://registry.npmjs.org/@types/istanbul-lib-coverage/-/istanbul-lib-coverage-2.0.6.tgz. Extracting by manifest.
815 silly tarball no local data for @types/eslint-scope@https://registry.npmjs.org/@types/eslint-scope/-/eslint-scope-3.7.4.tgz. Extracting by manifest.
816 silly tarball no local data for @types/validator@https://registry.npmjs.org/@types/validator/-/validator-13.11.9.tgz. Extracting by manifest.
817 silly tarball no local data for @types/debug@https://registry.npmjs.org/@types/debug/-/debug-4.1.12.tgz. Extracting by manifest.
818 silly tarball no local data for @types/babel__traverse@https://registry.npmjs.org/@types/babel__traverse/-/babel__traverse-7.20.5.tgz. Extracting by manifest.
819 silly tarball no local data for @types/cacheable-request@https://registry.npmjs.org/@types/cacheable-request/-/cacheable-request-6.0.2.tgz. Extracting by manifest.
820 silly tarball no local data for @types/yargs-parser@https://registry.npmjs.org/@types/yargs-parser/-/yargs-parser-21.0.3.tgz. Extracting by manifest.
821 silly tarball no local data for @tufjs/models@https://registry.npmjs.org/@tufjs/models/-/models-1.0.4.tgz. Extracting by manifest.
822 silly tarball no local data for @types/babel__core@https://registry.npmjs.org/@types/babel__core/-/babel__core-7.20.5.tgz. Extracting by manifest.
823 silly tarball no local data for @types/eslint@https://registry.npmjs.org/@types/eslint/-/eslint-8.4.6.tgz. Extracting by manifest.
824 silly tarball no local data for @types/yargs@https://registry.npmjs.org/@types/yargs/-/yargs-17.0.32.tgz. Extracting by manifest.
825 silly tarball no local data for @types/stack-trace@https://registry.npmjs.org/@types/stack-trace/-/stack-trace-0.0.29.tgz. Extracting by manifest.
826 silly tarball no local data for @szmarczak/http-timer@https://registry.npmjs.org/@szmarczak/http-timer/-/http-timer-5.0.1.tgz. Extracting by manifest.
827 silly tarball no local data for @tootallnate/once@https://registry.npmjs.org/@tootallnate/once/-/once-2.0.0.tgz. Extracting by manifest.
828 silly tarball no local data for @tufjs/canonical-json@https://registry.npmjs.org/@tufjs/canonical-json/-/canonical-json-1.0.0.tgz. Extracting by manifest.
829 silly tarball no local data for @sinonjs/fake-timers@https://registry.npmjs.org/@sinonjs/fake-timers/-/fake-timers-10.3.0.tgz. Extracting by manifest.
830 silly tarball no local data for @types/babel__template@https://registry.npmjs.org/@types/babel__template/-/babel__template-7.4.4.tgz. Extracting by manifest.
831 silly tarball no local data for @sinonjs/commons@https://registry.npmjs.org/@sinonjs/commons/-/commons-3.0.1.tgz. Extracting by manifest.
832 silly tarball no local data for @sinclair/typebox@https://registry.npmjs.org/@sinclair/typebox/-/typebox-0.27.8.tgz. Extracting by manifest.
833 silly tarball no local data for @sindresorhus/is@https://registry.npmjs.org/@sindresorhus/is/-/is-5.3.0.tgz. Extracting by manifest.
834 silly tarball no local data for @sigstore/sign@https://registry.npmjs.org/@sigstore/sign/-/sign-1.0.0.tgz. Extracting by manifest.
835 silly tarball no local data for @rails/ujs@https://registry.npmjs.org/@rails/ujs/-/ujs-7.1.3-2.tgz. Extracting by manifest.
836 silly tarball no local data for @sigstore/bundle@https://registry.npmjs.org/@sigstore/bundle/-/bundle-1.1.0.tgz. Extracting by manifest.
837 silly tarball no local data for @types/babel__generator@https://registry.npmjs.org/@types/babel__generator/-/babel__generator-7.6.8.tgz. Extracting by manifest.
838 silly tarball no local data for @pnpm/network.ca-file@https://registry.npmjs.org/@pnpm/network.ca-file/-/network.ca-file-1.0.1.tgz. Extracting by manifest.
839 silly tarball no local data for @pnpm/npm-conf@https://registry.npmjs.org/@pnpm/npm-conf/-/npm-conf-1.0.5.tgz. Extracting by manifest.
840 silly tarball no local data for @sigstore/protobuf-specs@https://registry.npmjs.org/@sigstore/protobuf-specs/-/protobuf-specs-0.2.1.tgz. Extracting by manifest.
841 silly tarball no local data for @popperjs/core@https://registry.npmjs.org/@popperjs/core/-/core-2.11.8.tgz. Extracting by manifest.
842 silly tarball no local data for @sigstore/tuf@https://registry.npmjs.org/@sigstore/tuf/-/tuf-1.0.3.tgz. Extracting by manifest.
843 silly tarball no local data for @npmcli/git@https://registry.npmjs.org/@npmcli/git/-/git-4.1.0.tgz. Extracting by manifest.
844 silly tarball no local data for @pkgjs/parseargs@https://registry.npmjs.org/@pkgjs/parseargs/-/parseargs-0.11.0.tgz. Extracting by manifest.
845 silly tarball no local data for chokidar@https://registry.npmjs.org/chokidar/-/chokidar-3.5.3.tgz. Extracting by manifest.
846 silly tarball no local data for @npmcli/node-gyp@https://registry.npmjs.org/@npmcli/node-gyp/-/node-gyp-3.0.0.tgz. Extracting by manifest.
847 silly tarball no local data for @npmcli/fs@https://registry.npmjs.org/@npmcli/fs/-/fs-3.1.0.tgz. Extracting by manifest.
848 silly tarball no local data for @npmcli/promise-spawn@https://registry.npmjs.org/@npmcli/promise-spawn/-/promise-spawn-6.0.2.tgz. Extracting by manifest.
849 silly tarball no local data for @npmcli/run-script@https://registry.npmjs.org/@npmcli/run-script/-/run-script-6.0.2.tgz. Extracting by manifest.
850 silly tarball no local data for @nodelib/fs.stat@https://registry.npmjs.org/@nodelib/fs.stat/-/fs.stat-2.0.5.tgz. Extracting by manifest.
851 silly tarball no local data for @nodelib/fs.walk@https://registry.npmjs.org/@nodelib/fs.walk/-/fs.walk-1.2.8.tgz. Extracting by manifest.
852 silly tarball no local data for @npmcli/move-file@https://registry.npmjs.org/@npmcli/move-file/-/move-file-2.0.1.tgz. Extracting by manifest.
853 silly tarball no local data for @nodelib/fs.scandir@https://registry.npmjs.org/@nodelib/fs.scandir/-/fs.scandir-2.1.5.tgz. Extracting by manifest.
854 silly tarball no local data for @lukeed/ms@https://registry.npmjs.org/@lukeed/ms/-/ms-2.0.2.tgz. Extracting by manifest.
855 silly tarball no local data for @jridgewell/sourcemap-codec@https://registry.npmjs.org/@jridgewell/sourcemap-codec/-/sourcemap-codec-1.4.15.tgz. Extracting by manifest.
856 silly tarball no local data for @jridgewell/resolve-uri@https://registry.npmjs.org/@jridgewell/resolve-uri/-/resolve-uri-3.1.2.tgz. Extracting by manifest.
857 silly tarball no local data for @jridgewell/set-array@https://registry.npmjs.org/@jridgewell/set-array/-/set-array-1.2.1.tgz. Extracting by manifest.
858 silly tarball no local data for @npmcli/installed-package-contents@https://registry.npmjs.org/@npmcli/installed-package-contents/-/installed-package-contents-2.0.2.tgz. Extracting by manifest.
859 silly tarball no local data for @jridgewell/source-map@https://registry.npmjs.org/@jridgewell/source-map/-/source-map-0.3.6.tgz. Extracting by manifest.
860 silly tarball no local data for @jest/types@https://registry.npmjs.org/@jest/types/-/types-29.6.3.tgz. Extracting by manifest.
861 silly tarball no local data for @jest/transform@https://registry.npmjs.org/@jest/transform/-/transform-29.7.0.tgz. Extracting by manifest.
862 silly tarball no local data for @jridgewell/gen-mapping@https://registry.npmjs.org/@jridgewell/gen-mapping/-/gen-mapping-0.3.5.tgz. Extracting by manifest.
863 silly tarball no local data for @jest/source-map@https://registry.npmjs.org/@jest/source-map/-/source-map-29.6.3.tgz. Extracting by manifest.
864 silly tarball no local data for @jridgewell/trace-mapping@https://registry.npmjs.org/@jridgewell/trace-mapping/-/trace-mapping-0.3.25.tgz. Extracting by manifest.
865 silly tarball no local data for @jest/reporters@https://registry.npmjs.org/@jest/reporters/-/reporters-29.7.0.tgz. Extracting by manifest.
866 silly tarball no local data for @jest/expect-utils@https://registry.npmjs.org/@jest/expect-utils/-/expect-utils-29.7.0.tgz. Extracting by manifest.
867 silly tarball no local data for @one-ini/wasm@https://registry.npmjs.org/@one-ini/wasm/-/wasm-0.1.1.tgz. Extracting by manifest.
868 silly tarball no local data for @jest/fake-timers@https://registry.npmjs.org/@jest/fake-timers/-/fake-timers-29.7.0.tgz. Extracting by manifest.
869 silly tarball no local data for @jest/environment@https://registry.npmjs.org/@jest/environment/-/environment-29.7.0.tgz. Extracting by manifest.
870 silly tarball no local data for @jest/core@https://registry.npmjs.org/@jest/core/-/core-29.7.0.tgz. Extracting by manifest.
871 silly tarball no local data for @jest/schemas@https://registry.npmjs.org/@jest/schemas/-/schemas-29.6.3.tgz. Extracting by manifest.
872 silly tarball no local data for @jest/console@https://registry.npmjs.org/@jest/console/-/console-29.7.0.tgz. Extracting by manifest.
873 silly tarball no local data for @istanbuljs/load-nyc-config@https://registry.npmjs.org/@istanbuljs/load-nyc-config/-/load-nyc-config-1.1.0.tgz. Extracting by manifest.
874 silly tarball no local data for @jest/globals@https://registry.npmjs.org/@jest/globals/-/globals-29.7.0.tgz. Extracting by manifest.
875 silly tarball no local data for @isaacs/cliui@https://registry.npmjs.org/@isaacs/cliui/-/cliui-8.0.2.tgz. Extracting by manifest.
876 silly tarball no local data for @istanbuljs/schema@https://registry.npmjs.org/@istanbuljs/schema/-/schema-0.1.3.tgz. Extracting by manifest.
877 silly tarball no local data for @jest/expect@https://registry.npmjs.org/@jest/expect/-/expect-29.7.0.tgz. Extracting by manifest.
878 silly tarball no local data for @humanwhocodes/module-importer@https://registry.npmjs.org/@humanwhocodes/module-importer/-/module-importer-1.0.1.tgz. Extracting by manifest.
879 silly tarball no local data for @humanwhocodes/object-schema@https://registry.npmjs.org/@humanwhocodes/object-schema/-/object-schema-2.0.3.tgz. Extracting by manifest.
880 silly tarball no local data for @fastify/static@https://registry.npmjs.org/@fastify/static/-/static-7.0.3.tgz. Extracting by manifest.
881 silly tarball no local data for @gar/promisify@https://registry.npmjs.org/@gar/promisify/-/promisify-1.1.3.tgz. Extracting by manifest.
882 silly tarball no local data for @humanwhocodes/config-array@https://registry.npmjs.org/@humanwhocodes/config-array/-/config-array-0.11.14.tgz. Extracting by manifest.
883 silly tarball no local data for @fastify/secure-session@https://registry.npmjs.org/@fastify/secure-session/-/secure-session-7.5.1.tgz. Extracting by manifest.
884 silly tarball no local data for @fastify/merge-json-schemas@https://registry.npmjs.org/@fastify/merge-json-schemas/-/merge-json-schemas-0.1.1.tgz. Extracting by manifest.
885 silly tarball no local data for @fastify/formbody@https://registry.npmjs.org/@fastify/formbody/-/formbody-7.4.0.tgz. Extracting by manifest.
886 silly tarball no local data for @fastify/flash@https://registry.npmjs.org/@fastify/flash/-/flash-5.1.0.tgz. Extracting by manifest.
887 silly tarball no local data for @fastify/fast-json-stringify-compiler@https://registry.npmjs.org/@fastify/fast-json-stringify-compiler/-/fast-json-stringify-compiler-4.3.0.tgz. Extracting by manifest.
888 silly tarball no local data for @jest/test-result@https://registry.npmjs.org/@jest/test-result/-/test-result-29.7.0.tgz. Extracting by manifest.
889 silly tarball no local data for argparse@https://registry.npmjs.org/argparse/-/argparse-2.0.1.tgz. Extracting by manifest.
890 silly tarball no local data for @fastify/cookie@https://registry.npmjs.org/@fastify/cookie/-/cookie-9.3.1.tgz. Extracting by manifest.
891 silly tarball no local data for @fastify/accept-negotiator@https://registry.npmjs.org/@fastify/accept-negotiator/-/accept-negotiator-1.0.0.tgz. Extracting by manifest.
892 silly tarball no local data for @fastify/sensible@https://registry.npmjs.org/@fastify/sensible/-/sensible-5.5.0.tgz. Extracting by manifest.
893 silly tarball no local data for @fastify/deepmerge@https://registry.npmjs.org/@fastify/deepmerge/-/deepmerge-1.3.0.tgz. Extracting by manifest.
894 silly tarball no local data for @eslint/js@https://registry.npmjs.org/@eslint/js/-/js-9.1.1.tgz. Extracting by manifest.
895 silly tarball no local data for @fastify/view@https://registry.npmjs.org/@fastify/view/-/view-9.0.0.tgz. Extracting by manifest.
896 silly tarball no local data for @eslint/eslintrc@https://registry.npmjs.org/@eslint/eslintrc/-/eslintrc-3.0.2.tgz. Extracting by manifest.
897 silly tarball no local data for @fastify/send@https://registry.npmjs.org/@fastify/send/-/send-2.1.0.tgz. Extracting by manifest.
898 silly tarball no local data for @eslint-community/regexpp@https://registry.npmjs.org/@eslint-community/regexpp/-/regexpp-4.10.0.tgz. Extracting by manifest.
899 silly tarball no local data for @discoveryjs/json-ext@https://registry.npmjs.org/@discoveryjs/json-ext/-/json-ext-0.5.7.tgz. Extracting by manifest.
900 silly tarball no local data for @eslint-community/eslint-utils@https://registry.npmjs.org/@eslint-community/eslint-utils/-/eslint-utils-4.4.0.tgz. Extracting by manifest.
901 silly tarball no local data for @babel/types@https://registry.npmjs.org/@babel/types/-/types-7.24.0.tgz. Extracting by manifest.
902 silly tarball no local data for @babel/template@https://registry.npmjs.org/@babel/template/-/template-7.24.0.tgz. Extracting by manifest.
903 silly tarball no local data for @bcoe/v8-coverage@https://registry.npmjs.org/@bcoe/v8-coverage/-/v8-coverage-0.2.3.tgz. Extracting by manifest.
904 silly tarball no local data for @babel/runtime@https://registry.npmjs.org/@babel/runtime/-/runtime-7.24.4.tgz. Extracting by manifest.
905 silly tarball no local data for @colors/colors@https://registry.npmjs.org/@colors/colors/-/colors-1.5.0.tgz. Extracting by manifest.
906 silly tarball no local data for @babel/plugin-syntax-optional-chaining@https://registry.npmjs.org/@babel/plugin-syntax-optional-chaining/-/plugin-syntax-optional-chaining-7.8.3.tgz. Extracting by manifest.
907 silly tarball no local data for @babel/plugin-syntax-typescript@https://registry.npmjs.org/@babel/plugin-syntax-typescript/-/plugin-syntax-typescript-7.24.1.tgz. Extracting by manifest.
908 silly tarball no local data for @babel/plugin-syntax-object-rest-spread@https://registry.npmjs.org/@babel/plugin-syntax-object-rest-spread/-/plugin-syntax-object-rest-spread-7.8.3.tgz. Extracting by manifest.
909 silly tarball no local data for @babel/plugin-syntax-logical-assignment-operators@https://registry.npmjs.org/@babel/plugin-syntax-logical-assignment-operators/-/plugin-syntax-logical-assignment-operators-7.10.4.tgz. Extracting by manifest.
910 silly tarball no local data for @babel/plugin-syntax-nullish-coalescing-operator@https://registry.npmjs.org/@babel/plugin-syntax-nullish-coalescing-operator/-/plugin-syntax-nullish-coalescing-operator-7.8.3.tgz. Extracting by manifest.
911 silly tarball no local data for @babel/plugin-syntax-numeric-separator@https://registry.npmjs.org/@babel/plugin-syntax-numeric-separator/-/plugin-syntax-numeric-separator-7.10.4.tgz. Extracting by manifest.
912 silly tarball no local data for @fastify/error@https://registry.npmjs.org/@fastify/error/-/error-3.4.1.tgz. Extracting by manifest.
913 silly tarball no local data for @babel/plugin-syntax-import-meta@https://registry.npmjs.org/@babel/plugin-syntax-import-meta/-/plugin-syntax-import-meta-7.10.4.tgz. Extracting by manifest.
914 silly tarball no local data for @babel/plugin-syntax-json-strings@https://registry.npmjs.org/@babel/plugin-syntax-json-strings/-/plugin-syntax-json-strings-7.8.3.tgz. Extracting by manifest.
915 silly tarball no local data for @babel/plugin-syntax-class-properties@https://registry.npmjs.org/@babel/plugin-syntax-class-properties/-/plugin-syntax-class-properties-7.12.13.tgz. Extracting by manifest.
916 silly tarball no local data for @babel/plugin-syntax-bigint@https://registry.npmjs.org/@babel/plugin-syntax-bigint/-/plugin-syntax-bigint-7.8.3.tgz. Extracting by manifest.
917 silly tarball no local data for @babel/plugin-syntax-async-generators@https://registry.npmjs.org/@babel/plugin-syntax-async-generators/-/plugin-syntax-async-generators-7.8.4.tgz. Extracting by manifest.
918 silly tarball no local data for @babel/parser@https://registry.npmjs.org/@babel/parser/-/parser-7.24.4.tgz. Extracting by manifest.
919 silly tarball no local data for @babel/highlight@https://registry.npmjs.org/@babel/highlight/-/highlight-7.24.2.tgz. Extracting by manifest.
920 silly tarball no local data for @babel/helper-validator-option@https://registry.npmjs.org/@babel/helper-validator-option/-/helper-validator-option-7.23.5.tgz. Extracting by manifest.
921 silly tarball no local data for @babel/helpers@https://registry.npmjs.org/@babel/helpers/-/helpers-7.24.4.tgz. Extracting by manifest.
922 silly tarball no local data for @babel/helper-validator-identifier@https://registry.npmjs.org/@babel/helper-validator-identifier/-/helper-validator-identifier-7.22.20.tgz. Extracting by manifest.
923 silly tarball no local data for @babel/helper-string-parser@https://registry.npmjs.org/@babel/helper-string-parser/-/helper-string-parser-7.24.1.tgz. Extracting by manifest.
924 silly tarball no local data for @babel/plugin-syntax-jsx@https://registry.npmjs.org/@babel/plugin-syntax-jsx/-/plugin-syntax-jsx-7.24.1.tgz. Extracting by manifest.
925 silly tarball no local data for @babel/helper-simple-access@https://registry.npmjs.org/@babel/helper-simple-access/-/helper-simple-access-7.22.5.tgz. Extracting by manifest.
926 silly tarball no local data for @babel/helper-plugin-utils@https://registry.npmjs.org/@babel/helper-plugin-utils/-/helper-plugin-utils-7.24.0.tgz. Extracting by manifest.
927 silly tarball no local data for @fastify/ajv-compiler@https://registry.npmjs.org/@fastify/ajv-compiler/-/ajv-compiler-3.5.0.tgz. Extracting by manifest.
928 silly tarball no local data for @babel/helper-module-imports@https://registry.npmjs.org/@babel/helper-module-imports/-/helper-module-imports-7.24.3.tgz. Extracting by manifest.
929 silly tarball no local data for @babel/helper-hoist-variables@https://registry.npmjs.org/@babel/helper-hoist-variables/-/helper-hoist-variables-7.22.5.tgz. Extracting by manifest.
930 silly tarball no local data for @babel/plugin-syntax-top-level-await@https://registry.npmjs.org/@babel/plugin-syntax-top-level-await/-/plugin-syntax-top-level-await-7.14.5.tgz. Extracting by manifest.
931 silly tarball no local data for @babel/helper-module-transforms@https://registry.npmjs.org/@babel/helper-module-transforms/-/helper-module-transforms-7.23.3.tgz. Extracting by manifest.
932 silly tarball no local data for @babel/plugin-syntax-optional-catch-binding@https://registry.npmjs.org/@babel/plugin-syntax-optional-catch-binding/-/plugin-syntax-optional-catch-binding-7.8.3.tgz. Extracting by manifest.
933 silly tarball no local data for @babel/helper-compilation-targets@https://registry.npmjs.org/@babel/helper-compilation-targets/-/helper-compilation-targets-7.23.6.tgz. Extracting by manifest.
934 silly tarball no local data for @babel/core@https://registry.npmjs.org/@babel/core/-/core-7.24.4.tgz. Extracting by manifest.
935 silly tarball no local data for @babel/compat-data@https://registry.npmjs.org/@babel/compat-data/-/compat-data-7.24.4.tgz. Extracting by manifest.
936 silly tarball no local data for @babel/code-frame@https://registry.npmjs.org/@babel/code-frame/-/code-frame-7.24.2.tgz. Extracting by manifest.
937 silly tarball no local data for @babel/helper-split-export-declaration@https://registry.npmjs.org/@babel/helper-split-export-declaration/-/helper-split-export-declaration-7.22.6.tgz. Extracting by manifest.
938 silly tarball no local data for @ampproject/remapping@https://registry.npmjs.org/@ampproject/remapping/-/remapping-2.3.0.tgz. Extracting by manifest.
939 silly tarball no local data for @babel/helper-environment-visitor@https://registry.npmjs.org/@babel/helper-environment-visitor/-/helper-environment-visitor-7.22.20.tgz. Extracting by manifest.
940 silly tarball no local data for @aashutoshrathi/word-wrap@https://registry.npmjs.org/@aashutoshrathi/word-wrap/-/word-wrap-1.2.6.tgz. Extracting by manifest.
941 silly tarball no local data for ansi-regex@https://registry.npmjs.org/ansi-regex/-/ansi-regex-6.0.1.tgz. Extracting by manifest.
942 silly tarball no local data for @babel/generator@https://registry.npmjs.org/@babel/generator/-/generator-7.24.4.tgz. Extracting by manifest.
943 silly tarball no local data for @babel/helper-function-name@https://registry.npmjs.org/@babel/helper-function-name/-/helper-function-name-7.23.0.tgz. Extracting by manifest.
944 silly tarball no local data for ansi-styles@https://registry.npmjs.org/ansi-styles/-/ansi-styles-6.1.0.tgz. Extracting by manifest.
945 silly tarball no local data for cookie@https://registry.npmjs.org/cookie/-/cookie-0.4.2.tgz. Extracting by manifest.
946 silly tarball no local data for string-width@https://registry.npmjs.org/string-width/-/string-width-5.1.2.tgz. Extracting by manifest.
947 silly tarball no local data for emoji-regex@https://registry.npmjs.org/emoji-regex/-/emoji-regex-9.2.2.tgz. Extracting by manifest.
948 silly tarball no local data for ansi-regex@https://registry.npmjs.org/ansi-regex/-/ansi-regex-6.0.1.tgz. Extracting by manifest.
949 silly tarball no local data for strip-ansi@https://registry.npmjs.org/strip-ansi/-/strip-ansi-7.0.1.tgz. Extracting by manifest.
950 silly tarball no local data for string-width@https://registry.npmjs.org/string-width/-/string-width-5.1.2.tgz. Extracting by manifest.
951 silly tarball no local data for eslint-scope@https://registry.npmjs.org/eslint-scope/-/eslint-scope-5.1.1.tgz. Extracting by manifest.
952 silly tarball no local data for emoji-regex@https://registry.npmjs.org/emoji-regex/-/emoji-regex-9.2.2.tgz. Extracting by manifest.
953 silly tarball no local data for schema-utils@https://registry.npmjs.org/schema-utils/-/schema-utils-3.3.0.tgz. Extracting by manifest.
954 silly tarball no local data for estraverse@https://registry.npmjs.org/estraverse/-/estraverse-4.3.0.tgz. Extracting by manifest.
955 silly tarball no local data for strip-bom@https://registry.npmjs.org/strip-bom/-/strip-bom-3.0.0.tgz. Extracting by manifest.
956 silly tarball no local data for interpret@https://registry.npmjs.org/interpret/-/interpret-3.1.1.tgz. Extracting by manifest.
957 silly tarball no local data for json5@https://registry.npmjs.org/json5/-/json5-1.0.2.tgz. Extracting by manifest.
958 silly tarball no local data for graceful-fs@https://registry.npmjs.org/graceful-fs/-/graceful-fs-4.2.11.tgz. Extracting by manifest.
959 silly tarball no local data for jest-worker@https://registry.npmjs.org/jest-worker/-/jest-worker-27.5.1.tgz. Extracting by manifest.
960 silly tarball no local data for chalk@https://registry.npmjs.org/chalk/-/chalk-5.0.1.tgz. Extracting by manifest.
961 silly tarball no local data for schema-utils@https://registry.npmjs.org/schema-utils/-/schema-utils-3.3.0.tgz. Extracting by manifest.
962 silly tarball no local data for supports-color@https://registry.npmjs.org/supports-color/-/supports-color-8.1.1.tgz. Extracting by manifest.
963 silly tarball no local data for source-map-support@https://registry.npmjs.org/source-map-support/-/source-map-support-0.5.21.tgz. Extracting by manifest.
964 silly tarball no local data for commander@https://registry.npmjs.org/commander/-/commander-2.20.3.tgz. Extracting by manifest.
965 silly tarball no local data for chownr@https://registry.npmjs.org/chownr/-/chownr-1.1.4.tgz. Extracting by manifest.
966 silly tarball no local data for node-gyp@https://registry.npmjs.org/node-gyp/-/node-gyp-8.4.1.tgz. Extracting by manifest.
967 silly tarball no local data for lru-cache@https://registry.npmjs.org/lru-cache/-/lru-cache-6.0.0.tgz. Extracting by manifest.
968 silly tarball no local data for make-fetch-happen@https://registry.npmjs.org/make-fetch-happen/-/make-fetch-happen-9.1.0.tgz. Extracting by manifest.
969 silly tarball no local data for minipass-fetch@https://registry.npmjs.org/minipass-fetch/-/minipass-fetch-1.4.1.tgz. Extracting by manifest.
970 silly tarball no local data for glob@https://registry.npmjs.org/glob/-/glob-7.2.3.tgz. Extracting by manifest.
971 silly tarball no local data for ssri@https://registry.npmjs.org/ssri/-/ssri-8.0.1.tgz. Extracting by manifest.
972 silly tarball no local data for node-addon-api@https://registry.npmjs.org/node-addon-api/-/node-addon-api-7.1.0.tgz. Extracting by manifest.
973 silly tarball no local data for cacache@https://registry.npmjs.org/cacache/-/cacache-15.3.0.tgz. Extracting by manifest.
974 silly tarball no local data for @tootallnate/once@https://registry.npmjs.org/@tootallnate/once/-/once-1.1.2.tgz. Extracting by manifest.
975 silly tarball no local data for http-proxy-agent@https://registry.npmjs.org/http-proxy-agent/-/http-proxy-agent-4.0.1.tgz. Extracting by manifest.
976 silly tarball no local data for glob@https://registry.npmjs.org/glob/-/glob-7.2.3.tgz. Extracting by manifest.
977 silly tarball no local data for @npmcli/fs@https://registry.npmjs.org/@npmcli/fs/-/fs-1.1.1.tgz. Extracting by manifest.
978 silly tarball no local data for @babel/traverse@https://registry.npmjs.org/@babel/traverse/-/traverse-7.24.1.tgz. Extracting by manifest.
979 silly tarball no local data for @npmcli/move-file@https://registry.npmjs.org/@npmcli/move-file/-/move-file-1.1.2.tgz. Extracting by manifest.
980 silly tarball no local data for socks-proxy-agent@https://registry.npmjs.org/socks-proxy-agent/-/socks-proxy-agent-6.2.1.tgz. Extracting by manifest.
981 silly tarball no local data for yargs-parser@https://registry.npmjs.org/yargs-parser/-/yargs-parser-20.2.9.tgz. Extracting by manifest.
982 silly tarball no local data for minipass@https://registry.npmjs.org/minipass/-/minipass-7.0.4.tgz. Extracting by manifest.
983 silly tarball no local data for escape-string-regexp@https://registry.npmjs.org/escape-string-regexp/-/escape-string-regexp-2.0.0.tgz. Extracting by manifest.
984 silly tarball no local data for yargs@https://registry.npmjs.org/yargs/-/yargs-16.2.0.tgz. Extracting by manifest.
985 silly tarball no local data for json-schema-traverse@https://registry.npmjs.org/json-schema-traverse/-/json-schema-traverse-1.0.0.tgz. Extracting by manifest.
986 silly tarball no local data for wrap-ansi@https://registry.npmjs.org/wrap-ansi/-/wrap-ansi-7.0.0.tgz. Extracting by manifest.
987 silly tarball no local data for ajv@https://registry.npmjs.org/ajv/-/ajv-8.11.0.tgz. Extracting by manifest.
988 silly tarball no local data for ajv-keywords@https://registry.npmjs.org/ajv-keywords/-/ajv-keywords-5.1.0.tgz. Extracting by manifest.
989 silly tarball no local data for lru-cache@https://registry.npmjs.org/lru-cache/-/lru-cache-6.0.0.tgz. Extracting by manifest.
990 silly tarball no local data for glob@https://registry.npmjs.org/glob/-/glob-7.2.3.tgz. Extracting by manifest.
991 silly tarball no local data for json-parse-even-better-errors@https://registry.npmjs.org/json-parse-even-better-errors/-/json-parse-even-better-errors-3.0.1.tgz. Extracting by manifest.
992 silly tarball no local data for lowercase-keys@https://registry.npmjs.org/lowercase-keys/-/lowercase-keys-2.0.0.tgz. Extracting by manifest.
993 silly tarball no local data for json-parse-even-better-errors@https://registry.npmjs.org/json-parse-even-better-errors/-/json-parse-even-better-errors-3.0.1.tgz. Extracting by manifest.
994 silly tarball no local data for cliui@https://registry.npmjs.org/cliui/-/cliui-7.0.4.tgz. Extracting by manifest.
995 silly tarball no local data for find-up@https://registry.npmjs.org/find-up/-/find-up-3.0.0.tgz. Extracting by manifest.
996 silly tarball no local data for p-locate@https://registry.npmjs.org/p-locate/-/p-locate-3.0.0.tgz. Extracting by manifest.
997 silly tarball no local data for ini@https://registry.npmjs.org/ini/-/ini-1.3.8.tgz. Extracting by manifest.
998 silly tarball no local data for p-limit@https://registry.npmjs.org/p-limit/-/p-limit-2.3.0.tgz. Extracting by manifest.
999 silly tarball no local data for path-exists@https://registry.npmjs.org/path-exists/-/path-exists-3.0.0.tgz. Extracting by manifest.
1000 silly tarball no local data for locate-path@https://registry.npmjs.org/locate-path/-/locate-path-3.0.0.tgz. Extracting by manifest.
1001 silly tarball no local data for strip-json-comments@https://registry.npmjs.org/strip-json-comments/-/strip-json-comments-2.0.1.tgz. Extracting by manifest.
1002 silly tarball no local data for find-up@https://registry.npmjs.org/find-up/-/find-up-4.1.0.tgz. Extracting by manifest.
1003 silly tarball no local data for p-locate@https://registry.npmjs.org/p-locate/-/p-locate-4.1.0.tgz. Extracting by manifest.
1004 silly tarball no local data for locate-path@https://registry.npmjs.org/locate-path/-/locate-path-5.0.0.tgz. Extracting by manifest.
1005 silly tarball no local data for kleur@https://registry.npmjs.org/kleur/-/kleur-4.1.5.tgz. Extracting by manifest.
1006 silly tarball no local data for ansi-styles@https://registry.npmjs.org/ansi-styles/-/ansi-styles-5.2.0.tgz. Extracting by manifest.
1007 silly tarball no local data for help-me@https://registry.npmjs.org/help-me/-/help-me-5.0.0.tgz. Extracting by manifest.
1008 silly tarball no local data for readable-stream@https://registry.npmjs.org/readable-stream/-/readable-stream-4.5.2.tgz. Extracting by manifest.
1009 silly tarball no local data for buffer@https://registry.npmjs.org/buffer/-/buffer-6.0.3.tgz. Extracting by manifest.
1010 silly tarball no local data for split2@https://registry.npmjs.org/split2/-/split2-4.2.0.tgz. Extracting by manifest.
1011 silly tarball no local data for strip-ansi@https://registry.npmjs.org/strip-ansi/-/strip-ansi-7.0.1.tgz. Extracting by manifest.
1012 silly tarball no local data for buffer@https://registry.npmjs.org/buffer/-/buffer-6.0.3.tgz. Extracting by manifest.
1013 silly tarball no local data for split2@https://registry.npmjs.org/split2/-/split2-4.2.0.tgz. Extracting by manifest.
1014 silly tarball no local data for pg-connection-string@https://registry.npmjs.org/pg-connection-string/-/pg-connection-string-2.6.4.tgz. Extracting by manifest.
1015 silly tarball no local data for fs-minipass@https://registry.npmjs.org/fs-minipass/-/fs-minipass-3.0.3.tgz. Extracting by manifest.
1016 silly tarball no local data for p-limit@https://registry.npmjs.org/p-limit/-/p-limit-2.3.0.tgz. Extracting by manifest.
1017 silly tarball no local data for @jest/test-sequencer@https://registry.npmjs.org/@jest/test-sequencer/-/test-sequencer-29.7.0.tgz. Extracting by manifest.
1018 silly tarball no local data for minipass@https://registry.npmjs.org/minipass/-/minipass-5.0.0.tgz. Extracting by manifest.
1019 silly tarball no local data for ajv@https://registry.npmjs.org/ajv/-/ajv-8.12.0.tgz. Extracting by manifest.
1020 silly tarball no local data for lru-cache@https://registry.npmjs.org/lru-cache/-/lru-cache-10.2.0.tgz. Extracting by manifest.
1021 silly tarball no local data for hosted-git-info@https://registry.npmjs.org/hosted-git-info/-/hosted-git-info-6.1.1.tgz. Extracting by manifest.
1022 silly tarball no local data for minipass@https://registry.npmjs.org/minipass/-/minipass-7.0.4.tgz. Extracting by manifest.
1023 silly tarball no local data for lru-cache@https://registry.npmjs.org/lru-cache/-/lru-cache-7.18.3.tgz. Extracting by manifest.
1024 silly tarball no local data for minipass@https://registry.npmjs.org/minipass/-/minipass-5.0.0.tgz. Extracting by manifest.
1025 silly tarball no local data for readable-stream@https://registry.npmjs.org/readable-stream/-/readable-stream-4.5.2.tgz. Extracting by manifest.
1026 silly tarball no local data for chalk@https://registry.npmjs.org/chalk/-/chalk-5.3.0.tgz. Extracting by manifest.
1027 silly tarball no local data for minimatch@https://registry.npmjs.org/minimatch/-/minimatch-9.0.4.tgz. Extracting by manifest.
1028 silly tarball no local data for ini@https://registry.npmjs.org/ini/-/ini-4.1.2.tgz. Extracting by manifest.
1029 silly tarball no local data for json-schema-traverse@https://registry.npmjs.org/json-schema-traverse/-/json-schema-traverse-1.0.0.tgz. Extracting by manifest.
1030 silly tarball no local data for brace-expansion@https://registry.npmjs.org/brace-expansion/-/brace-expansion-2.0.1.tgz. Extracting by manifest.
1031 silly tarball no local data for source-map-support@https://registry.npmjs.org/source-map-support/-/source-map-support-0.5.21.tgz. Extracting by manifest.
1032 silly tarball no local data for strip-ansi@https://registry.npmjs.org/strip-ansi/-/strip-ansi-7.1.0.tgz. Extracting by manifest.
1033 silly tarball no local data for strip-json-comments@https://registry.npmjs.org/strip-json-comments/-/strip-json-comments-5.0.1.tgz. Extracting by manifest.
1034 silly tarball no local data for hosted-git-info@https://registry.npmjs.org/hosted-git-info/-/hosted-git-info-6.1.1.tgz. Extracting by manifest.
1035 silly tarball no local data for unique-slug@https://registry.npmjs.org/unique-slug/-/unique-slug-3.0.0.tgz. Extracting by manifest.
1036 silly tarball no local data for lru-cache@https://registry.npmjs.org/lru-cache/-/lru-cache-7.18.3.tgz. Extracting by manifest.
1037 silly tarball no local data for minipass@https://registry.npmjs.org/minipass/-/minipass-7.0.4.tgz. Extracting by manifest.
1038 silly tarball no local data for ansi-regex@https://registry.npmjs.org/ansi-regex/-/ansi-regex-6.0.1.tgz. Extracting by manifest.
1039 silly tarball no local data for glob@https://registry.npmjs.org/glob/-/glob-7.2.3.tgz. Extracting by manifest.
1040 silly tarball no local data for lru-cache@https://registry.npmjs.org/lru-cache/-/lru-cache-7.18.3.tgz. Extracting by manifest.
1041 silly tarball no local data for brace-expansion@https://registry.npmjs.org/brace-expansion/-/brace-expansion-2.0.1.tgz. Extracting by manifest.
1042 silly tarball no local data for cacache@https://registry.npmjs.org/cacache/-/cacache-16.1.3.tgz. Extracting by manifest.
1043 silly tarball no local data for @npmcli/fs@https://registry.npmjs.org/@npmcli/fs/-/fs-2.1.2.tgz. Extracting by manifest.
1044 silly tarball no local data for nopt@https://registry.npmjs.org/nopt/-/nopt-6.0.0.tgz. Extracting by manifest.
1045 silly tarball no local data for ssri@https://registry.npmjs.org/ssri/-/ssri-9.0.1.tgz. Extracting by manifest.
1046 silly tarball no local data for glob@https://registry.npmjs.org/glob/-/glob-8.1.0.tgz. Extracting by manifest.
1047 silly tarball no local data for make-fetch-happen@https://registry.npmjs.org/make-fetch-happen/-/make-fetch-happen-10.2.1.tgz. Extracting by manifest.
1048 silly tarball no local data for minipass-fetch@https://registry.npmjs.org/minipass-fetch/-/minipass-fetch-2.1.2.tgz. Extracting by manifest.
1049 silly tarball no local data for minipass@https://registry.npmjs.org/minipass/-/minipass-5.0.0.tgz. Extracting by manifest.
1050 silly tarball no local data for lru-cache@https://registry.npmjs.org/lru-cache/-/lru-cache-7.18.3.tgz. Extracting by manifest.
1051 silly tarball no local data for rimraf@https://registry.npmjs.org/rimraf/-/rimraf-5.0.5.tgz. Extracting by manifest.
1052 silly tarball no local data for abbrev@https://registry.npmjs.org/abbrev/-/abbrev-2.0.0.tgz. Extracting by manifest.
1053 silly tarball no local data for nopt@https://registry.npmjs.org/nopt/-/nopt-7.2.0.tgz. Extracting by manifest.
1054 silly tarball no local data for minipass@https://registry.npmjs.org/minipass/-/minipass-7.0.4.tgz. Extracting by manifest.
1055 silly tarball no local data for yallist@https://registry.npmjs.org/yallist/-/yallist-3.1.1.tgz. Extracting by manifest.
1056 silly tarball no local data for glob@https://registry.npmjs.org/glob/-/glob-7.2.3.tgz. Extracting by manifest.
1057 silly tarball no local data for supports-color@https://registry.npmjs.org/supports-color/-/supports-color-8.1.1.tgz. Extracting by manifest.
1058 silly tarball no local data for glob@https://registry.npmjs.org/glob/-/glob-7.2.3.tgz. Extracting by manifest.
1059 silly tarball no local data for brace-expansion@https://registry.npmjs.org/brace-expansion/-/brace-expansion-2.0.1.tgz. Extracting by manifest.
1060 silly tarball no local data for minimatch@https://registry.npmjs.org/minimatch/-/minimatch-9.0.4.tgz. Extracting by manifest.
1061 silly tarball no local data for acorn@https://registry.npmjs.org/acorn/-/acorn-7.4.1.tgz. Extracting by manifest.
1062 silly tarball no local data for glob@https://registry.npmjs.org/glob/-/glob-8.1.0.tgz. Extracting by manifest.
1063 silly tarball no local data for resolve-from@https://registry.npmjs.org/resolve-from/-/resolve-from-4.0.0.tgz. Extracting by manifest.
1064 silly tarball no local data for camelcase@https://registry.npmjs.org/camelcase/-/camelcase-6.3.0.tgz. Extracting by manifest.
1065 silly tarball no local data for minimatch@https://registry.npmjs.org/minimatch/-/minimatch-9.0.4.tgz. Extracting by manifest.
1066 silly tarball no local data for brace-expansion@https://registry.npmjs.org/brace-expansion/-/brace-expansion-2.0.1.tgz. Extracting by manifest.
1067 silly tarball no local data for minimatch@https://registry.npmjs.org/minimatch/-/minimatch-5.1.6.tgz. Extracting by manifest.
1068 silly tarball no local data for minipass@https://registry.npmjs.org/minipass/-/minipass-7.0.4.tgz. Extracting by manifest.
1069 silly tarball no local data for brace-expansion@https://registry.npmjs.org/brace-expansion/-/brace-expansion-2.0.1.tgz. Extracting by manifest.
1070 silly tarball no local data for signal-exit@https://registry.npmjs.org/signal-exit/-/signal-exit-4.1.0.tgz. Extracting by manifest.
1071 silly tarball no local data for fastify-plugin@https://registry.npmjs.org/fastify-plugin/-/fastify-plugin-4.5.1.tgz. Extracting by manifest.
1072 silly tarball no local data for pg-connection-string@https://registry.npmjs.org/pg-connection-string/-/pg-connection-string-2.6.1.tgz. Extracting by manifest.
1073 silly tarball no local data for knex@https://registry.npmjs.org/knex/-/knex-2.5.1.tgz. Extracting by manifest.
1074 silly tarball no local data for fastify-plugin@https://registry.npmjs.org/fastify-plugin/-/fastify-plugin-4.5.1.tgz. Extracting by manifest.
1075 silly tarball no local data for readable-stream@https://registry.npmjs.org/readable-stream/-/readable-stream-4.5.2.tgz. Extracting by manifest.
1076 silly tarball no local data for fastify-plugin@https://registry.npmjs.org/fastify-plugin/-/fastify-plugin-4.5.1.tgz. Extracting by manifest.
1077 silly tarball no local data for buffer@https://registry.npmjs.org/buffer/-/buffer-6.0.3.tgz. Extracting by manifest.
1078 silly tarball no local data for pino-pretty@https://registry.npmjs.org/pino-pretty/-/pino-pretty-10.3.1.tgz. Extracting by manifest.
1079 silly tarball no local data for minimatch@https://registry.npmjs.org/minimatch/-/minimatch-5.1.6.tgz. Extracting by manifest.
1080 silly tarball no local data for json-schema-traverse@https://registry.npmjs.org/json-schema-traverse/-/json-schema-traverse-1.0.0.tgz. Extracting by manifest.
1081 silly tarball no local data for ajv@https://registry.npmjs.org/ajv/-/ajv-8.12.0.tgz. Extracting by manifest.
1082 silly tarball no local data for ajv-formats@https://registry.npmjs.org/ajv-formats/-/ajv-formats-3.0.1.tgz. Extracting by manifest.
1083 silly tarball no local data for doctrine@https://registry.npmjs.org/doctrine/-/doctrine-2.1.0.tgz. Extracting by manifest.
1084 silly tarball no local data for debug@https://registry.npmjs.org/debug/-/debug-3.2.7.tgz. Extracting by manifest.
1085 silly tarball no local data for semver@https://registry.npmjs.org/semver/-/semver-6.3.1.tgz. Extracting by manifest.
1086 silly tarball no local data for fastify-plugin@https://registry.npmjs.org/fastify-plugin/-/fastify-plugin-2.3.4.tgz. Extracting by manifest.
1087 silly tarball no local data for help-me@https://registry.npmjs.org/help-me/-/help-me-5.0.0.tgz. Extracting by manifest.
1088 silly tarball no local data for lru-cache@https://registry.npmjs.org/lru-cache/-/lru-cache-7.18.3.tgz. Extracting by manifest.
1089 silly tarball no local data for eslint-visitor-keys@https://registry.npmjs.org/eslint-visitor-keys/-/eslint-visitor-keys-4.0.0.tgz. Extracting by manifest.
1090 silly tarball no local data for espree@https://registry.npmjs.org/espree/-/espree-9.6.1.tgz. Extracting by manifest.
1091 silly tarball no local data for escape-string-regexp@https://registry.npmjs.org/escape-string-regexp/-/escape-string-regexp-4.0.0.tgz. Extracting by manifest.
1092 silly tarball no local data for @eslint/js@https://registry.npmjs.org/@eslint/js/-/js-8.57.0.tgz. Extracting by manifest.
1093 silly tarball no local data for @eslint/eslintrc@https://registry.npmjs.org/@eslint/eslintrc/-/eslintrc-2.1.4.tgz. Extracting by manifest.
1094 silly tarball no local data for semver@https://registry.npmjs.org/semver/-/semver-6.3.1.tgz. Extracting by manifest.
1095 silly tarball no local data for globals@https://registry.npmjs.org/globals/-/globals-13.24.0.tgz. Extracting by manifest.
1096 silly tarball no local data for mimic-response@https://registry.npmjs.org/mimic-response/-/mimic-response-3.1.0.tgz. Extracting by manifest.
1097 silly tarball no local data for debug@https://registry.npmjs.org/debug/-/debug-3.2.7.tgz. Extracting by manifest.
1098 silly tarball no local data for minimatch@https://registry.npmjs.org/minimatch/-/minimatch-9.0.1.tgz. Extracting by manifest.
1099 silly tarball no local data for debug@https://registry.npmjs.org/debug/-/debug-3.2.7.tgz. Extracting by manifest.
1100 silly tarball no local data for type-fest@https://registry.npmjs.org/type-fest/-/type-fest-1.4.0.tgz. Extracting by manifest.
1101 silly tarball no local data for brace-expansion@https://registry.npmjs.org/brace-expansion/-/brace-expansion-2.0.1.tgz. Extracting by manifest.
1102 silly tarball no local data for ms@https://registry.npmjs.org/ms/-/ms-2.1.2.tgz. Extracting by manifest.
1103 silly tarball no local data for glob-parent@https://registry.npmjs.org/glob-parent/-/glob-parent-5.1.2.tgz. Extracting by manifest.
1104 silly tarball no local data for wrap-ansi@https://registry.npmjs.org/wrap-ansi/-/wrap-ansi-7.0.0.tgz. Extracting by manifest.
1105 silly tarball no local data for supports-color@https://registry.npmjs.org/supports-color/-/supports-color-8.1.1.tgz. Extracting by manifest.
1106 silly tarball no local data for write-file-atomic@https://registry.npmjs.org/write-file-atomic/-/write-file-atomic-3.0.3.tgz. Extracting by manifest.
1107 silly tarball no local data for lowercase-keys@https://registry.npmjs.org/lowercase-keys/-/lowercase-keys-2.0.0.tgz. Extracting by manifest.
1108 silly tarball no local data for unique-slug@https://registry.npmjs.org/unique-slug/-/unique-slug-4.0.0.tgz. Extracting by manifest.
1109 silly tarball no local data for get-stream@https://registry.npmjs.org/get-stream/-/get-stream-5.2.0.tgz. Extracting by manifest.
1110 silly tarball no local data for glob-parent@https://registry.npmjs.org/glob-parent/-/glob-parent-5.1.2.tgz. Extracting by manifest.
1111 silly tarball no local data for ini@https://registry.npmjs.org/ini/-/ini-1.3.8.tgz. Extracting by manifest.
1112 silly tarball no local data for lru-cache@https://registry.npmjs.org/lru-cache/-/lru-cache-7.18.3.tgz. Extracting by manifest.
1113 silly tarball no local data for minipass@https://registry.npmjs.org/minipass/-/minipass-7.0.4.tgz. Extracting by manifest.
1114 silly tarball no local data for type-fest@https://registry.npmjs.org/type-fest/-/type-fest-2.19.0.tgz. Extracting by manifest.
1115 silly tarball no local data for unique-filename@https://registry.npmjs.org/unique-filename/-/unique-filename-3.0.0.tgz. Extracting by manifest.
1116 silly tarball no local data for unique-filename@https://registry.npmjs.org/unique-filename/-/unique-filename-2.0.1.tgz. Extracting by manifest.
1117 silly tarball no local data for chalk@https://registry.npmjs.org/chalk/-/chalk-5.0.1.tgz. Extracting by manifest.
1118 silly tarball no local data for fs-minipass@https://registry.npmjs.org/fs-minipass/-/fs-minipass-3.0.3.tgz. Extracting by manifest.
1119 silly tarball no local data for camelcase@https://registry.npmjs.org/camelcase/-/camelcase-7.0.0.tgz. Extracting by manifest.
1120 silly tarball no local data for strip-ansi@https://registry.npmjs.org/strip-ansi/-/strip-ansi-7.0.1.tgz. Extracting by manifest.
1121 silly tarball no local data for type-fest@https://registry.npmjs.org/type-fest/-/type-fest-0.21.3.tgz. Extracting by manifest.
1122 silly tarball no local data for string-width@https://registry.npmjs.org/string-width/-/string-width-5.1.2.tgz. Extracting by manifest.
1123 silly tarball no local data for semver@https://registry.npmjs.org/semver/-/semver-6.3.1.tgz. Extracting by manifest.
1124 silly tarball no local data for depd@https://registry.npmjs.org/depd/-/depd-1.1.2.tgz. Extracting by manifest.
1125 silly tarball no local data for istanbul-lib-instrument@https://registry.npmjs.org/istanbul-lib-instrument/-/istanbul-lib-instrument-5.2.1.tgz. Extracting by manifest.
1126 silly tarball no local data for brace-expansion@https://registry.npmjs.org/brace-expansion/-/brace-expansion-2.0.1.tgz. Extracting by manifest.
1127 silly tarball no local data for minimatch@https://registry.npmjs.org/minimatch/-/minimatch-9.0.4.tgz. Extracting by manifest.
1128 silly tarball no local data for which@https://registry.npmjs.org/which/-/which-3.0.1.tgz. Extracting by manifest.
1129 silly tarball no local data for lru-cache@https://registry.npmjs.org/lru-cache/-/lru-cache-7.18.3.tgz. Extracting by manifest.
1130 silly tarball no local data for which@https://registry.npmjs.org/which/-/which-3.0.1.tgz. Extracting by manifest.
1131 silly tarball no local data for json-schema-traverse@https://registry.npmjs.org/json-schema-traverse/-/json-schema-traverse-1.0.0.tgz. Extracting by manifest.
1132 silly tarball no local data for find-up@https://registry.npmjs.org/find-up/-/find-up-4.1.0.tgz. Extracting by manifest.
1133 silly tarball no local data for locate-path@https://registry.npmjs.org/locate-path/-/locate-path-5.0.0.tgz. Extracting by manifest.
1134 silly tarball no local data for ajv@https://registry.npmjs.org/ajv/-/ajv-8.11.0.tgz. Extracting by manifest.
1135 silly tarball no local data for p-limit@https://registry.npmjs.org/p-limit/-/p-limit-2.3.0.tgz. Extracting by manifest.
1136 silly tarball no local data for argparse@https://registry.npmjs.org/argparse/-/argparse-1.0.10.tgz. Extracting by manifest.
1137 silly tarball no local data for js-yaml@https://registry.npmjs.org/js-yaml/-/js-yaml-3.14.1.tgz. Extracting by manifest.
1138 silly tarball no local data for glob@https://registry.npmjs.org/glob/-/glob-7.2.3.tgz. Extracting by manifest.
1139 silly tarball no local data for emoji-regex@https://registry.npmjs.org/emoji-regex/-/emoji-regex-9.2.2.tgz. Extracting by manifest.
1140 silly tarball no local data for p-locate@https://registry.npmjs.org/p-locate/-/p-locate-4.1.0.tgz. Extracting by manifest.
1141 silly tarball no local data for string-width@https://registry.npmjs.org/string-width/-/string-width-5.1.2.tgz. Extracting by manifest.
1142 silly tarball no local data for emoji-regex@https://registry.npmjs.org/emoji-regex/-/emoji-regex-9.2.2.tgz. Extracting by manifest.
1143 silly tarball no local data for ansi-regex@https://registry.npmjs.org/ansi-regex/-/ansi-regex-6.0.1.tgz. Extracting by manifest.
1144 silly tarball no local data for fastify-plugin@https://registry.npmjs.org/fastify-plugin/-/fastify-plugin-4.5.1.tgz. Extracting by manifest.
1145 silly tarball no local data for fastify-plugin@https://registry.npmjs.org/fastify-plugin/-/fastify-plugin-4.2.0.tgz. Extracting by manifest.
1146 silly tarball no local data for fastify-plugin@https://registry.npmjs.org/fastify-plugin/-/fastify-plugin-4.5.1.tgz. Extracting by manifest.
1147 silly tarball no local data for fastify-plugin@https://registry.npmjs.org/fastify-plugin/-/fastify-plugin-4.2.0.tgz. Extracting by manifest.
1148 silly tarball no local data for json-schema-traverse@https://registry.npmjs.org/json-schema-traverse/-/json-schema-traverse-1.0.0.tgz. Extracting by manifest.
1149 silly tarball no local data for fastify-plugin@https://registry.npmjs.org/fastify-plugin/-/fastify-plugin-4.5.1.tgz. Extracting by manifest.
1150 silly tarball no local data for fastify-plugin@https://registry.npmjs.org/fastify-plugin/-/fastify-plugin-4.5.1.tgz. Extracting by manifest.
1151 silly tarball no local data for ajv@https://registry.npmjs.org/ajv/-/ajv-8.12.0.tgz. Extracting by manifest.
1152 silly tarball no local data for fastify-plugin@https://registry.npmjs.org/fastify-plugin/-/fastify-plugin-4.5.1.tgz. Extracting by manifest.
1153 silly tarball no local data for has-flag@https://registry.npmjs.org/has-flag/-/has-flag-3.0.0.tgz. Extracting by manifest.
1154 silly tarball no local data for supports-color@https://registry.npmjs.org/supports-color/-/supports-color-5.5.0.tgz. Extracting by manifest.
1155 silly tarball no local data for color-convert@https://registry.npmjs.org/color-convert/-/color-convert-1.9.3.tgz. Extracting by manifest.
1156 silly tarball no local data for ansi-regex@https://registry.npmjs.org/ansi-regex/-/ansi-regex-6.0.1.tgz. Extracting by manifest.
1157 silly tarball no local data for globals@https://registry.npmjs.org/globals/-/globals-14.0.0.tgz. Extracting by manifest.
1158 silly tarball no local data for ansi-styles@https://registry.npmjs.org/ansi-styles/-/ansi-styles-3.2.1.tgz. Extracting by manifest.
1159 silly tarball no local data for chalk@https://registry.npmjs.org/chalk/-/chalk-2.4.2.tgz. Extracting by manifest.
1160 silly tarball no local data for color-name@https://registry.npmjs.org/color-name/-/color-name-1.1.3.tgz. Extracting by manifest.
1161 silly tarball no local data for strip-ansi@https://registry.npmjs.org/strip-ansi/-/strip-ansi-7.1.0.tgz. Extracting by manifest.
1162 silly tarball no local data for semver@https://registry.npmjs.org/semver/-/semver-6.3.1.tgz. Extracting by manifest.
1163 silly tarball no local data for globals@https://registry.npmjs.org/globals/-/globals-11.12.0.tgz. Extracting by manifest.
1164 silly tarball no local data for semver@https://registry.npmjs.org/semver/-/semver-6.3.1.tgz. Extracting by manifest.
1165 silly tarball no local data for which@https://registry.npmjs.org/which/-/which-3.0.1.tgz. Extracting by manifest.
1166 http fetch POST 200 https://registry.npmjs.org/-/npm/v1/security/advisories/bulk 1202ms
1167 timing auditReport:getReport Completed in 1212ms
1168 silly audit report {
1168 silly audit report   '@babel/helpers': [
1168 silly audit report     {
1168 silly audit report       id: 1104001,
1168 silly audit report       url: 'https://github.com/advisories/GHSA-968p-4wvh-cqc8',
1168 silly audit report       title: 'Babel has inefficient RegExp complexity in generated code with .replace when transpiling named capturing groups',
1168 silly audit report       severity: 'moderate',
1168 silly audit report       vulnerable_versions: '<7.26.10',
1168 silly audit report       cwe: [Array],
1168 silly audit report       cvss: [Object]
1168 silly audit report     }
1168 silly audit report   ],
1168 silly audit report   '@babel/runtime': [
1168 silly audit report     {
1168 silly audit report       id: 1104000,
1168 silly audit report       url: 'https://github.com/advisories/GHSA-968p-4wvh-cqc8',
1168 silly audit report       title: 'Babel has inefficient RegExp complexity in generated code with .replace when transpiling named capturing groups',
1168 silly audit report       severity: 'moderate',
1168 silly audit report       vulnerable_versions: '<7.26.10',
1168 silly audit report       cwe: [Array],
1168 silly audit report       cvss: [Object]
1168 silly audit report     }
1168 silly audit report   ],
1168 silly audit report   ajv: [
1168 silly audit report     {
1168 silly audit report       id: 1113714,
1168 silly audit report       url: 'https://github.com/advisories/GHSA-2g4f-4pwh-qvx6',
1168 silly audit report       title: 'ajv has ReDoS when using `$data` option',
1168 silly audit report       severity: 'moderate',
1168 silly audit report       vulnerable_versions: '<6.14.0',
1168 silly audit report       cwe: [Array],
1168 silly audit report       cvss: [Object]
1168 silly audit report     },
1168 silly audit report     {
1168 silly audit report       id: 1113715,
1168 silly audit report       url: 'https://github.com/advisories/GHSA-2g4f-4pwh-qvx6',
1168 silly audit report       title: 'ajv has ReDoS when using `$data` option',
1168 silly audit report       severity: 'moderate',
1168 silly audit report       vulnerable_versions: '>=7.0.0-alpha.0 <8.18.0',
1168 silly audit report       cwe: [Array],
1168 silly audit report       cvss: [Object]
1168 silly audit report     }
1168 silly audit report   ],
1168 silly audit report   'js-yaml': [
1168 silly audit report     {
1168 silly audit report       id: 1112714,
1168 silly audit report       url: 'https://github.com/advisories/GHSA-mh29-5h37-fv8m',
1168 silly audit report       title: 'js-yaml has prototype pollution in merge (<<)',
1168 silly audit report       severity: 'moderate',
1168 silly audit report       vulnerable_versions: '<3.14.2',
1168 silly audit report       cwe: [Array],
1168 silly audit report       cvss: [Object]
1168 silly audit report     },
1168 silly audit report     {
1168 silly audit report       id: 1112715,
1168 silly audit report       url: 'https://github.com/advisories/GHSA-mh29-5h37-fv8m',
1168 silly audit report       title: 'js-yaml has prototype pollution in merge (<<)',
1168 silly audit report       severity: 'moderate',
1168 silly audit report       vulnerable_versions: '>=4.0.0 <4.1.1',
1168 silly audit report       cwe: [Array],
1168 silly audit report       cvss: [Object]
1168 silly audit report     }
1168 silly audit report   ],
1168 silly audit report   glob: [
1168 silly audit report     {
1168 silly audit report       id: 1109842,
1168 silly audit report       url: 'https://github.com/advisories/GHSA-5j98-mcp5-4vw2',
1168 silly audit report       title: 'glob CLI: Command injection via -c/--cmd executes matches with shell:true',
1168 silly audit report       severity: 'high',
1168 silly audit report       vulnerable_versions: '>=10.2.0 <10.5.0',
1168 silly audit report       cwe: [Array],
1168 silly audit report       cvss: [Object]
1168 silly audit report     }
1168 silly audit report   ],
1168 silly audit report   '@tootallnate/once': [
1168 silly audit report     {
1168 silly audit report       id: 1113977,
1168 silly audit report       url: 'https://github.com/advisories/GHSA-vpq2-c234-7xj6',
1168 silly audit report       title: '@tootallnate/once vulnerable to Incorrect Control Flow Scoping',
1168 silly audit report       severity: 'low',
1168 silly audit report       vulnerable_versions: '<3.0.1',
1168 silly audit report       cwe: [Array],
1168 silly audit report       cvss: [Object]
1168 silly audit report     }
1168 silly audit report   ],
1168 silly audit report   'brace-expansion': [
1168 silly audit report     {
1168 silly audit report       id: 1105443,
1168 silly audit report       url: 'https://github.com/advisories/GHSA-v6h2-p8h4-qcjw',
1168 silly audit report       title: 'brace-expansion Regular Expression Denial of Service vulnerability',
1168 silly audit report       severity: 'low',
1168 silly audit report       vulnerable_versions: '>=1.0.0 <=1.1.11',
1168 silly audit report       cwe: [Array],
1168 silly audit report       cvss: [Object]
1168 silly audit report     },
1168 silly audit report     {
1168 silly audit report       id: 1105444,
1168 silly audit report       url: 'https://github.com/advisories/GHSA-v6h2-p8h4-qcjw',
1168 silly audit report       title: 'brace-expansion Regular Expression Denial of Service vulnerability',
1168 silly audit report       severity: 'low',
1168 silly audit report       vulnerable_versions: '>=2.0.0 <=2.0.1',
1168 silly audit report       cwe: [Array],
1168 silly audit report       cvss: [Object]
1168 silly audit report     },
1168 silly audit report     {
1168 silly audit report       id: 1115540,
1168 silly audit report       url: 'https://github.com/advisories/GHSA-f886-m6hf-6m8v',
1168 silly audit report       title: 'brace-expansion: Zero-step sequence causes process hang and memory exhaustion',
1168 silly audit report       severity: 'moderate',
1168 silly audit report       vulnerable_versions: '<1.1.13',
1168 silly audit report       cwe: [Array],
1168 silly audit report       cvss: [Object]
1168 silly audit report     },
1168 silly audit report     {
1168 silly audit report       id: 1115541,
1168 silly audit report       url: 'https://github.com/advisories/GHSA-f886-m6hf-6m8v',
1168 silly audit report       title: 'brace-expansion: Zero-step sequence causes process hang and memory exhaustion',
1168 silly audit report       severity: 'moderate',
1168 silly audit report       vulnerable_versions: '>=2.0.0 <2.0.3',
1168 silly audit report       cwe: [Array],
1168 silly audit report       cvss: [Object]
1168 silly audit report     }
1168 silly audit report   ],
1168 silly audit report   minimatch: [
1168 silly audit report     {
1168 silly audit report       id: 1113459,
1168 silly audit report       url: 'https://github.com/advisories/GHSA-3ppc-4f35-3m26',
1168 silly audit report       title: 'minimatch has a ReDoS via repeated wildcards with non-matching literal in pattern',
1168 silly audit report       severity: 'high',
1168 silly audit report       vulnerable_versions: '<3.1.3',
1168 silly audit report       cwe: [Array],
1168 silly audit report       cvss: [Object]
1168 silly audit report     },
1168 silly audit report     {
1168 silly audit report       id: 1113461,
1168 silly audit report       url: 'https://github.com/advisories/GHSA-3ppc-4f35-3m26',
1168 silly audit report       title: 'minimatch has a ReDoS via repeated wildcards with non-matching literal in pattern',
1168 silly audit report       severity: 'high',
1168 silly audit report       vulnerable_versions: '>=5.0.0 <5.1.7',
1168 silly audit report       cwe: [Array],
1168 silly audit report       cvss: [Object]
1168 silly audit report     },
1168 silly audit report     {
1168 silly audit report       id: 1113465,
1168 silly audit report       url: 'https://github.com/advisories/GHSA-3ppc-4f35-3m26',
1168 silly audit report       title: 'minimatch has a ReDoS via repeated wildcards with non-matching literal in pattern',
1168 silly audit report       severity: 'high',
1168 silly audit report       vulnerable_versions: '>=9.0.0 <9.0.6',
1168 silly audit report       cwe: [Array],
1168 silly audit report       cvss: [Object]
1168 silly audit report     },
1168 silly audit report     {
1168 silly audit report       id: 1113538,
1168 silly audit report       url: 'https://github.com/advisories/GHSA-7r86-cg39-jmmj',
1168 silly audit report       title: 'minimatch has ReDoS: matchOne() combinatorial backtracking via multiple non-adjacent GLOBSTAR segments',
1168 silly audit report       severity: 'high',
1168 silly audit report       vulnerable_versions: '<3.1.3',
1168 silly audit report       cwe: [Array],
1168 silly audit report       cvss: [Object]
1168 silly audit report     },
1168 silly audit report     {
1168 silly audit report       id: 1113540,
1168 silly audit report       url: 'https://github.com/advisories/GHSA-7r86-cg39-jmmj',
1168 silly audit report       title: 'minimatch has ReDoS: matchOne() combinatorial backtracking via multiple non-adjacent GLOBSTAR segments',
1168 silly audit report       severity: 'high',
1168 silly audit report       vulnerable_versions: '>=5.0.0 <5.1.8',
1168 silly audit report       cwe: [Array],
1168 silly audit report       cvss: [Object]
1168 silly audit report     },
1168 silly audit report     {
1168 silly audit report       id: 1113544,
1168 silly audit report       url: 'https://github.com/advisories/GHSA-7r86-cg39-jmmj',
1168 silly audit report       title: 'minimatch has ReDoS: matchOne() combinatorial backtracking via multiple non-adjacent GLOBSTAR segments',
1168 silly audit report       severity: 'high',
1168 silly audit report       vulnerable_versions: '>=9.0.0 <9.0.7',
1168 silly audit report       cwe: [Array],
1168 silly audit report       cvss: [Object]
1168 silly audit report     },
1168 silly audit report     {
1168 silly audit report       id: 1113546,
1168 silly audit report       url: 'https://github.com/advisories/GHSA-23c5-xmqv-rm74',
1168 silly audit report       title: 'minimatch ReDoS: nested *() extglobs generate catastrophically backtracking regular expressions',
1168 silly audit report       severity: 'high',
1168 silly audit report       vulnerable_versions: '<3.1.4',
1168 silly audit report       cwe: [Array],
1168 silly audit report       cvss: [Object]
1168 silly audit report     },
1168 silly audit report     {
1168 silly audit report       id: 1113548,
1168 silly audit report       url: 'https://github.com/advisories/GHSA-23c5-xmqv-rm74',
1168 silly audit report       title: 'minimatch ReDoS: nested *() extglobs generate catastrophically backtracking regular expressions',
1168 silly audit report       severity: 'high',
1168 silly audit report       vulnerable_versions: '>=5.0.0 <5.1.8',
1168 silly audit report       cwe: [Array],
1168 silly audit report       cvss: [Object]
1168 silly audit report     },
1168 silly audit report     {
1168 silly audit report       id: 1113552,
1168 silly audit report       url: 'https://github.com/advisories/GHSA-23c5-xmqv-rm74',
1168 silly audit report       title: 'minimatch ReDoS: nested *() extglobs generate catastrophically backtracking regular expressions',
1168 silly audit report       severity: 'high',
1168 silly audit report       vulnerable_versions: '>=9.0.0 <9.0.7',
1168 silly audit report       cwe: [Array],
1168 silly audit report       cvss: [Object]
1168 silly audit report     }
1168 silly audit report   ],
1168 silly audit report   braces: [
1168 silly audit report     {
1168 silly audit report       id: 1098094,
1168 silly audit report       url: 'https://github.com/advisories/GHSA-grv7-fg5c-xmjg',
1168 silly audit report       title: 'Uncontrolled resource consumption in braces',
1168 silly audit report       severity: 'high',
1168 silly audit report       vulnerable_versions: '<3.0.3',
1168 silly audit report       cwe: [Array],
1168 silly audit report       cvss: [Object]
1168 silly audit report     }
1168 silly audit report   ],
1168 silly audit report   cookie: [
1168 silly audit report     {
1168 silly audit report       id: 1103907,
1168 silly audit report       url: 'https://github.com/advisories/GHSA-pxg6-pf52-xh8x',
1168 silly audit report       title: 'cookie accepts cookie name, path, and domain with out of bounds characters',
1168 silly audit report       severity: 'low',
1168 silly audit report       vulnerable_versions: '<0.7.0',
1168 silly audit report       cwe: [Array],
1168 silly audit report       cvss: [Object]
1168 silly audit report     }
1168 silly audit report   ],
1168 silly audit report   'cross-spawn': [
1168 silly audit report     {
1168 silly audit report       id: 1104664,
1168 silly audit report       url: 'https://github.com/advisories/GHSA-3xgq-45jj-v275',
1168 silly audit report       title: 'Regular Expression Denial of Service (ReDoS) in cross-spawn',
1168 silly audit report       severity: 'high',
1168 silly audit report       vulnerable_versions: '>=7.0.0 <7.0.5',
1168 silly audit report       cwe: [Array],
1168 silly audit report       cvss: [Object]
1168 silly audit report     }
1168 silly audit report   ],
1168 silly audit report   dottie: [
1168 silly audit report     {
1168 silly audit report       id: 1113536,
1168 silly audit report       url: 'https://github.com/advisories/GHSA-r5mx-6wc6-7h9w',
1168 silly audit report       title: 'dottie is vulnerable to Prototype Pollution bypass via non-first path segments in set() and transform()',
1168 silly audit report       severity: 'moderate',
1168 silly audit report       vulnerable_versions: '>=2.0.4 <=2.0.6',
1168 silly audit report       cwe: [Array],
1168 silly audit report       cvss: [Object]
1168 silly audit report     }
1168 silly audit report   ],
1168 silly audit report   fastify: [
1168 silly audit report     {
1168 silly audit report       id: 1112876,
1168 silly audit report       url: 'https://github.com/advisories/GHSA-mrq3-vjjr-p77c',
1168 silly audit report       title: 'Fastify Vulnerable to DoS via Unbounded Memory Allocation in sendWebStream',
1168 silly audit report       severity: 'low',
1168 silly audit report       vulnerable_versions: '<=5.7.2',
1168 silly audit report       cwe: [Array],
1168 silly audit report       cvss: [Object]
1168 silly audit report     },
1168 silly audit report     {
1168 silly audit report       id: 1112877,
1168 silly audit report       url: 'https://github.com/advisories/GHSA-jx2c-rxcm-jvmq',
1168 silly audit report       title: "Fastify's Content-Type header tab character allows body validation bypass",
1168 silly audit report       severity: 'high',
1168 silly audit report       vulnerable_versions: '<5.7.2',
1168 silly audit report       cwe: [Array],
1168 silly audit report       cvss: [Object]
1168 silly audit report     },
1168 silly audit report     {
1168 silly audit report       id: 1115367,
1168 silly audit report       url: 'https://github.com/advisories/GHSA-444r-cwp2-x5xf',
1168 silly audit report       title: 'fastify: request.protocol and request.host Spoofable via X-Forwarded-Proto/Host from Untrusted Connections',
1168 silly audit report       severity: 'moderate',
1168 silly audit report       vulnerable_versions: '<=5.8.2',
1168 silly audit report       cwe: [Array],
1168 silly audit report       cvss: [Object]
1168 silly audit report     }
1168 silly audit report   ],
1168 silly audit report   'find-my-way': [
1168 silly audit report     {
1168 silly audit report       id: 1099853,
1168 silly audit report       url: 'https://github.com/advisories/GHSA-rrr8-f88r-h8q6',
1168 silly audit report       title: 'find-my-way has a ReDoS vulnerability in multiparametric routes',
1168 silly audit report       severity: 'high',
1168 silly audit report       vulnerable_versions: '>=5.5.0 <8.2.2',
1168 silly audit report       cwe: [Array],
1168 silly audit report       cvss: [Object]
1168 silly audit report     }
1168 silly audit report   ],
1168 silly audit report   flatted: [
1168 silly audit report     {
1168 silly audit report       id: 1114526,
1168 silly audit report       url: 'https://github.com/advisories/GHSA-25h7-pfq9-p65f',
1168 silly audit report       title: 'flatted vulnerable to unbounded recursion DoS in parse() revive phase',
1168 silly audit report       severity: 'high',
1168 silly audit report       vulnerable_versions: '<3.4.0',
1168 silly audit report       cwe: [Array],
1168 silly audit report       cvss: [Object]
1168 silly audit report     },
1168 silly audit report     {
1168 silly audit report       id: 1115357,
1168 silly audit report       url: 'https://github.com/advisories/GHSA-rf6f-7fwh-wjgh',
1168 silly audit report       title: 'Prototype Pollution via parse() in NodeJS flatted',
1168 silly audit report       severity: 'high',
1168 silly audit report       vulnerable_versions: '<=3.4.1',
1168 silly audit report       cwe: [Array],
1168 silly audit report       cvss: [Object]
1168 silly audit report     }
1168 silly audit report   ],
1168 silly audit report   ip: [
1168 silly audit report     {
1168 silly audit report       id: 1101851,
1168 silly audit report       url: 'https://github.com/advisories/GHSA-2p57-rm9w-gvfp',
1168 silly audit report       title: 'ip SSRF improper categorization in isPublic',
1168 silly audit report       severity: 'high',
1168 silly audit report       vulnerable_versions: '<=2.0.1',
1168 silly audit report       cwe: [Array],
1168 silly audit report       cvss: [Object]
1168 silly audit report     },
1168 silly audit report     {
1168 silly audit report       id: 1114832,
1168 silly audit report       url: 'https://github.com/advisories/GHSA-78xj-cgh5-2h22',
1168 silly audit report       title: 'NPM IP package incorrectly identifies some private IP addresses as public',
1168 silly audit report       severity: 'low',
1168 silly audit report       vulnerable_versions: '=2.0.0',
1168 silly audit report       cwe: [Array],
1168 silly audit report       cvss: [Object]
1168 silly audit report     }
1168 silly audit report   ],
1168 silly audit report   lodash: [
1168 silly audit report     {
1168 silly audit report       id: 1112455,
1168 silly audit report       url: 'https://github.com/advisories/GHSA-xxjr-mmjv-4gpg',
1168 silly audit report       title: 'Lodash has Prototype Pollution Vulnerability in `_.unset` and `_.omit` functions',
1168 silly audit report       severity: 'moderate',
1168 silly audit report       vulnerable_versions: '>=4.0.0 <=4.17.22',
1168 silly audit report       cwe: [Array],
1168 silly audit report       cvss: [Object]
1168 silly audit report     }
1168 silly audit report   ],
1168 silly audit report   'markdown-it': [
1168 silly audit report     {
1168 silly audit report       id: 1113190,
1168 silly audit report       url: 'https://github.com/advisories/GHSA-38c4-r59v-3vqw',
1168 silly audit report       title: 'markdown-it is has a Regular Expression Denial of Service (ReDoS)',
1168 silly audit report       severity: 'moderate',
1168 silly audit report       vulnerable_versions: '>=13.0.0 <14.1.1',
1168 silly audit report       cwe: [Array],
1168 silly audit report       cvss: [Object]
1168 silly audit report     }
1168 silly audit report   ],
1168 silly audit report   micromatch: [
1168 silly audit report     {
1168 silly audit report       id: 1098681,
1168 silly audit report       url: 'https://github.com/advisories/GHSA-952p-6rrq-rcjv',
1168 silly audit report       title: 'Regular Expression Denial of Service (ReDoS) in micromatch',
1168 silly audit report       severity: 'moderate',
1168 silly audit report       vulnerable_versions: '<4.0.8',
1168 silly audit report       cwe: [Array],
1168 silly audit report       cvss: [Object]
1168 silly audit report     }
1168 silly audit report   ],
1168 silly audit report   nanoid: [
1168 silly audit report     {
1168 silly audit report       id: 1109563,
1168 silly audit report       url: 'https://github.com/advisories/GHSA-mwcw-c2x4-8c55',
1168 silly audit report       title: 'Predictable results in nanoid generation when given non-integer values',
1168 silly audit report       severity: 'moderate',
1168 silly audit report       vulnerable_versions: '<3.3.8',
1168 silly audit report       cwe: [Array],
1168 silly audit report       cvss: [Object]
1168 silly audit report     }
1168 silly audit report   ],
1168 silly audit report   'path-to-regexp': [
1168 silly audit report     {
1168 silly audit report       id: 1101846,
1168 silly audit report       url: 'https://github.com/advisories/GHSA-9wv6-86v2-598j',
1168 silly audit report       title: 'path-to-regexp outputs backtracking regular expressions',
1168 silly audit report       severity: 'high',
1168 silly audit report       vulnerable_versions: '>=4.0.0 <6.3.0',
1168 silly audit report       cwe: [Array],
1168 silly audit report       cvss: [Object]
1168 silly audit report     }
1168 silly audit report   ],
1168 silly audit report   picomatch: [
1168 silly audit report     {
1168 silly audit report       id: 1115549,
1168 silly audit report       url: 'https://github.com/advisories/GHSA-3v7f-55p6-f55p',
1168 silly audit report       title: 'Picomatch: Method Injection in POSIX Character Classes causes incorrect Glob Matching',
1168 silly audit report       severity: 'moderate',
1168 silly audit report       vulnerable_versions: '<2.3.2',
1168 silly audit report       cwe: [Array],
1168 silly audit report       cvss: [Object]
1168 silly audit report     },
1168 silly audit report     {
1168 silly audit report       id: 1115552,
1168 silly audit report       url: 'https://github.com/advisories/GHSA-c2c7-rcm5-vvqj',
1168 silly audit report       title: 'Picomatch has a ReDoS vulnerability via extglob quantifiers',
1168 silly audit report       severity: 'high',
1168 silly audit report       vulnerable_versions: '<2.3.2',
1168 silly audit report       cwe: [Array],
1168 silly audit report       cvss: [Object]
1168 silly audit report     }
1168 silly audit report   ],
1168 silly audit report   pug: [
1168 silly audit report     {
1168 silly audit report       id: 1104111,
1168 silly audit report       url: 'https://github.com/advisories/GHSA-3965-hpx2-q597',
1168 silly audit report       title: 'Pug allows JavaScript code execution if an application accepts untrusted input',
1168 silly audit report       severity: 'moderate',
1168 silly audit report       vulnerable_versions: '<=3.0.2',
1168 silly audit report       cwe: [Array],
1168 silly audit report       cvss: [Object]
1168 silly audit report     }
1168 silly audit report   ],
1168 silly audit report   'pug-code-gen': [
1168 silly audit report     {
1168 silly audit report       id: 1104107,
1168 silly audit report       url: 'https://github.com/advisories/GHSA-3965-hpx2-q597',
1168 silly audit report       title: 'Pug allows JavaScript code execution if an application accepts untrusted input',
1168 silly audit report       severity: 'moderate',
1168 silly audit report       vulnerable_versions: '<=3.0.2',
1168 silly audit report       cwe: [Array],
1168 silly audit report       cvss: [Object]
1168 silly audit report     }
1168 silly audit report   ],
1168 silly audit report   qs: [
1168 silly audit report     {
1168 silly audit report       id: 1113161,
1168 silly audit report       url: 'https://github.com/advisories/GHSA-w7fw-mjwx-w883',
1168 silly audit report       title: "qs's arrayLimit bypass in comma parsing allows denial of service",
1168 silly audit report       severity: 'low',
1168 silly audit report       vulnerable_versions: '>=6.7.0 <=6.14.1',
1168 silly audit report       cwe: [Array],
1168 silly audit report       cvss: [Object]
1168 silly audit report     },
1168 silly audit report     {
1168 silly audit report       id: 1113719,
1168 silly audit report       url: 'https://github.com/advisories/GHSA-6rw7-vpxm-498p',
1168 silly audit report       title: "qs's arrayLimit bypass in its bracket notation allows DoS via memory exhaustion",
1168 silly audit report       severity: 'moderate',
1168 silly audit report       vulnerable_versions: '<6.14.1',
1168 silly audit report       cwe: [Array],
1168 silly audit report       cvss: [Object]
1168 silly audit report     }
1168 silly audit report   ],
1168 silly audit report   sequelize: [
1168 silly audit report     {
1168 silly audit report       id: 1114318,
1168 silly audit report       url: 'https://github.com/advisories/GHSA-6457-6jrx-69cr',
1168 silly audit report       title: 'Sequelize v6 Vulnerable to SQL Injection via JSON Column Cast Type',
1168 silly audit report       severity: 'high',
1168 silly audit report       vulnerable_versions: '>=6.0.0-beta.1 <=6.37.7',
1168 silly audit report       cwe: [Array],
1168 silly audit report       cvss: [Object]
1168 silly audit report     }
1168 silly audit report   ],
1168 silly audit report   'serialize-javascript': [
1168 silly audit report     {
1168 silly audit report       id: 1113686,
1168 silly audit report       url: 'https://github.com/advisories/GHSA-5c6j-r48x-rmvq',
1168 silly audit report       title: 'Serialize JavaScript is Vulnerable to RCE via RegExp.flags and Date.prototype.toISOString()',
1168 silly audit report       severity: 'high',
1168 silly audit report       vulnerable_versions: '<=7.0.2',
1168 silly audit report       cwe: [Array],
1168 silly audit report       cvss: [Object]
1168 silly audit report     },
1168 silly audit report     {
1168 silly audit report       id: 1115519,
1168 silly audit report       url: 'https://github.com/advisories/GHSA-qj8w-gfj5-8c6v',
1168 silly audit report       title: 'Serialize JavaScript has CPU Exhaustion Denial of Service via crafted array-like objects',
1168 silly audit report       severity: 'moderate',
1168 silly audit report       vulnerable_versions: '<7.0.5',
1168 silly audit report       cwe: [Array],
1168 silly audit report       cvss: [Object]
1168 silly audit report     }
1168 silly audit report   ],
1168 silly audit report   tar: [
1168 silly audit report     {
1168 silly audit report       id: 1112659,
1168 silly audit report       url: 'https://github.com/advisories/GHSA-34x7-hfp2-rc4v',
1168 silly audit report       title: 'node-tar Vulnerable to Arbitrary File Creation/Overwrite via Hardlink Path Traversal',
1168 silly audit report       severity: 'high',
1168 silly audit report       vulnerable_versions: '<7.5.7',
1168 silly audit report       cwe: [Array],
1168 silly audit report       cvss: [Object]
1168 silly audit report     },
1168 silly audit report     {
1168 silly audit report       id: 1113300,
1168 silly audit report       url: 'https://github.com/advisories/GHSA-8qq5-rm4j-mr97',
1168 silly audit report       title: 'node-tar is Vulnerable to Arbitrary File Overwrite and Symlink Poisoning via Insufficient Path Sanitization',
1168 silly audit report       severity: 'high',
1168 silly audit report       vulnerable_versions: '<=7.5.2',
1168 silly audit report       cwe: [Array],
1168 silly audit report       cvss: [Object]
1168 silly audit report     },
1168 silly audit report     {
1168 silly audit report       id: 1113375,
1168 silly audit report       url: 'https://github.com/advisories/GHSA-83g3-92jg-28cx',
1168 silly audit report       title: 'Arbitrary File Read/Write via Hardlink Target Escape Through Symlink Chain in node-tar Extraction',
1168 silly audit report       severity: 'high',
1168 silly audit report       vulnerable_versions: '<7.5.8',
1168 silly audit report       cwe: [Array],
1168 silly audit report       cvss: [Object]
1168 silly audit report     },
1168 silly audit report     {
1168 silly audit report       id: 1114200,
1168 silly audit report       url: 'https://github.com/advisories/GHSA-qffp-2rhf-9h96',
1168 silly audit report       title: 'tar has Hardlink Path Traversal via Drive-Relative Linkpath',
1168 silly audit report       severity: 'high',
1168 silly audit report       vulnerable_versions: '<=7.5.9',
1168 silly audit report       cwe: [Array],
1168 silly audit report       cvss: [Object]
1168 silly audit report     },
1168 silly audit report     {
1168 silly audit report       id: 1114302,
1168 silly audit report       url: 'https://github.com/advisories/GHSA-9ppj-qmqm-q256',
1168 silly audit report       title: 'node-tar Symlink Path Traversal via Drive-Relative Linkpath',
1168 silly audit report       severity: 'high',
1168 silly audit report       vulnerable_versions: '<=7.5.10',
1168 silly audit report       cwe: [Array],
1168 silly audit report       cvss: [Object]
1168 silly audit report     },
1168 silly audit report     {
1168 silly audit report       id: 1114680,
1168 silly audit report       url: 'https://github.com/advisories/GHSA-r6q2-hw4h-h46w',
1168 silly audit report       title: 'Race Condition in node-tar Path Reservations via Unicode Ligature Collisions on macOS APFS',
1168 silly audit report       severity: 'high',
1168 silly audit report       vulnerable_versions: '<=7.5.3',
1168 silly audit report       cwe: [Array],
1168 silly audit report       cvss: [Object]
1168 silly audit report     },
1168 silly audit report     {
1168 silly audit report       id: 1097493,
1168 silly audit report       url: 'https://github.com/advisories/GHSA-f5x3-32g6-xq36',
1168 silly audit report       title: 'Denial of service while parsing a tar file due to lack of folders count validation',
1168 silly audit report       severity: 'moderate',
1168 silly audit report       vulnerable_versions: '<6.2.1',
1168 silly audit report       cwe: [Array],
1168 silly audit report       cvss: [Object]
1168 silly audit report     }
1168 silly audit report   ],
1168 silly audit report   'tar-fs': [
1168 silly audit report     {
1168 silly audit report       id: 1109532,
1168 silly audit report       url: 'https://github.com/advisories/GHSA-vj76-c3g6-qr5v',
1168 silly audit report       title: 'tar-fs has a symlink validation bypass if destination directory is predictable with a specific tarball',
1168 silly audit report       severity: 'high',
1168 silly audit report       vulnerable_versions: '>=2.0.0 <2.1.4',
1168 silly audit report       cwe: [Array],
1168 silly audit report       cvss: [Object]
1168 silly audit report     },
1168 silly audit report     {
1168 silly audit report       id: 1109543,
1168 silly audit report       url: 'https://github.com/advisories/GHSA-8cj5-5rvv-wf4v',
1168 silly audit report       title: 'tar-fs can extract outside the specified dir with a specific tarball',
1168 silly audit report       severity: 'high',
1168 silly audit report       vulnerable_versions: '>=2.0.0 <2.1.3',
1168 silly audit report       cwe: [Array],
1168 silly audit report       cvss: [Object]
1168 silly audit report     },
1168 silly audit report     {
1168 silly audit report       id: 1109552,
1168 silly audit report       url: 'https://github.com/advisories/GHSA-pq67-2wwv-3xjx',
1168 silly audit report       title: 'tar-fs Vulnerable to Link Following and Path Traversal via Extracting a Crafted tar File',
1168 silly audit report       severity: 'high',
1168 silly audit report       vulnerable_versions: '>=2.0.0 <2.1.2',
1168 silly audit report       cwe: [Array],
1168 silly audit report       cvss: [Object]
1168 silly audit report     }
1168 silly audit report   ],
1168 silly audit report   validator: [
1168 silly audit report     {
1168 silly audit report       id: 1109241,
1168 silly audit report       url: 'https://github.com/advisories/GHSA-9965-vmph-33xx',
1168 silly audit report       title: 'validator.js has a URL validation bypass vulnerability in its isURL function',
1168 silly audit report       severity: 'moderate',
1168 silly audit report       vulnerable_versions: '<13.15.20',
1168 silly audit report       cwe: [Array],
1168 silly audit report       cvss: [Object]
1168 silly audit report     },
1168 silly audit report     {
1168 silly audit report       id: 1112713,
1168 silly audit report       url: 'https://github.com/advisories/GHSA-vghf-hv5q-vc2g',
1168 silly audit report       title: 'Validator is Vulnerable to Incomplete Filtering of One or More Instances of Special Elements',
1168 silly audit report       severity: 'high',
1168 silly audit report       vulnerable_versions: '<13.15.22',
1168 silly audit report       cwe: [Array],
1168 silly audit report       cvss: [Object]
1168 silly audit report     }
1168 silly audit report   ],
1168 silly audit report   webpack: [
1168 silly audit report     {
1168 silly audit report       id: 1113041,
1168 silly audit report       url: 'https://github.com/advisories/GHSA-8fgc-7cc6-rx7x',
1168 silly audit report       title: 'webpack buildHttp: allowedUris allow-list bypass via URL userinfo (@) leading to build-time SSRF behavior',
1168 silly audit report       severity: 'low',
1168 silly audit report       vulnerable_versions: '>=5.49.0 <=5.104.0',
1168 silly audit report       cwe: [Array],
1168 silly audit report       cvss: [Object]
1168 silly audit report     },
1168 silly audit report     {
1168 silly audit report       id: 1113042,
1168 silly audit report       url: 'https://github.com/advisories/GHSA-38r7-794h-5758',
1168 silly audit report       title: 'webpack buildHttp HttpUriPlugin allowedUris bypass via HTTP redirects → SSRF + cache persistence',
1168 silly audit report       severity: 'low',
1168 silly audit report       vulnerable_versions: '>=5.49.0 <5.104.0',
1168 silly audit report       cwe: [Array],
1168 silly audit report       cvss: [Object]
1168 silly audit report     },
1168 silly audit report     {
1168 silly audit report       id: 1099351,
1168 silly audit report       url: 'https://github.com/advisories/GHSA-4vvj-4cpr-p986',
1168 silly audit report       title: "Webpack's AutoPublicPathRuntimeModule has a DOM Clobbering Gadget that leads to XSS",
1168 silly audit report       severity: 'moderate',
1168 silly audit report       vulnerable_versions: '>=5.0.0-alpha.0 <5.94.0',
1168 silly audit report       cwe: [Array],
1168 silly audit report       cvss: [Object]
1168 silly audit report     }
1168 silly audit report   ]
1168 silly audit report }
1169 timing metavuln:cache:get:security-advisory:@babel/helpers:+NsF1flAI8VENgJn0XVIWaC4lCe3b89AZgBOx219qXn/BdXH1EWl/yD49aHbhQimIG4kna8zgkunsmpiAVwNPQ== Completed in 608ms
1170 timing metavuln:cache:get:security-advisory:js-yaml:MQ5RokLIvrWmT8/NQU0dD+jQ+6pFslHlaXx1Z5q7mESITohR8AwLT525ddIc2KvKZYbB1p5yclW3kV4xeRYXEg== Completed in 606ms
1171 timing metavuln:cache:get:security-advisory:js-yaml:621IdjBdZEeVoUcjWGl1jXN0jFDGaf7dIQMeaPVKf5MxqYprJztiOC0OHOUPVoayh7Cq/fTC8L5CqEb98qlE7w== Completed in 606ms
1172 timing metavuln:cache:get:security-advisory:glob:NTB2XjbDOgk4lkd8PZ3tUAm1F3E/ohGF6rl9/3LEO7Z0FDzSR5nWwzd3nUENA3NCNdyeR+35DOC12wPml2IV+g== Completed in 607ms
1173 timing metavuln:cache:get:security-advisory:ajv:u4HOZ0QFYFTDLqnZ5TPSC8VEvP+HMuGcZACJuTqG8bm/gunrgkQwsiiH2pbF9tNIl45RK0sW2ccPzEojb1k0xQ== Completed in 608ms
1174 timing metavuln:cache:get:security-advisory:@babel/runtime:xDaNmlS3J8LRk7IfDb7e9Gp3gcy/xDr1QZXCKC997SMkqKVemm2guY9vQpRI6omD11L5cfCI+STpoAdxUgnVsA== Completed in 608ms
1175 timing metavuln:cache:get:security-advisory:ajv:URErmxoyazZWR5lFcXpgTkGsbkrUBDlzD8W6txjBw2wZoOC7oHjHFfCrRr/VnGeJvbyUY9E2jxrL8p2XbwfP8g== Completed in 608ms
1176 timing metavuln:cache:get:security-advisory:@tootallnate/once:Bij+qufwr7God+MYI0JIFJYEDFT3IlGllIhDaMb6DB6UZOYpGBBfXc1Jq59Wdg/M2NdGRUO2+zYnIEZHW42YDw== Completed in 607ms
1177 timing metavuln:cache:get:security-advisory:brace-expansion:7IQMvcVTr+svbh5KCx4Kl6FQKJ1GciM03BnJAve/5WYJjUeRzKAIrStVpfachbl3T6a7o8nYlQEVG6Ih0TNXRg== Completed in 607ms
1178 timing metavuln:cache:get:security-advisory:brace-expansion:mClmYqWawCNXseeTBHWiIwZH/2CmFUqPCmosJIeOhAgD9z1v3SayhHAwaWVo8wmeKU/JN9VP4zDBeXaqy3Ay2A== Completed in 606ms
1179 timing metavuln:cache:get:security-advisory:brace-expansion:kIHgu1L8zIy7pY0wp6wYzUm7tst3xTM2tiSYrstcGK/XsO7o4p6zyuUSjq93oH1dvU2tbEvlSW+gaNbGIbeudw== Completed in 606ms
1180 timing metavuln:cache:get:security-advisory:brace-expansion:ZHzAtnciS42HIMtUGajCifTIrkCUkWb93u/V1lJEt9HzdJ+ypMofn/dKgSOaziPQj+WGAcGS7t7WdPUHJBz0LA== Completed in 606ms
1181 timing metavuln:cache:get:security-advisory:minimatch:V/3cIcyAQcG1bwuH0e0PI9Qt5WRtbvb/WOz2mBxAfNzXf+Dvs9G1X05eHjnPq2b0TJY4zXXpqhCAkRAipgk3iQ== Completed in 606ms
1182 timing metavuln:cache:get:security-advisory:minimatch:/utMkAt3a6jSPsaWIJ1J7tAb7G+ccGxNsymbhFTVWOMIyhRZOJ9QR0zn1SNtejrdUO5fsO4RDJKDMI6C5/bkuw== Completed in 606ms
1183 timing metavuln:cache:get:security-advisory:minimatch:B00WbbnnDNaFGA7l9BgrTioYpRMzU4+U8SUF8cn65LwArJAK0O380QwyP/UyxPr7i9XUjX9/AADC41/edu9OrA== Completed in 606ms
1184 timing metavuln:cache:get:security-advisory:minimatch:kx7kRjUmjSYmgQBpfsU82Na4xORZqvqpRRSlOyPLadasPBl0YfFJCjIETC00BG7Gd2omQLizgz8/GnnE/hk+Jw== Completed in 606ms
1185 timing metavuln:cache:get:security-advisory:minimatch:txOieOIAfgHfBPiN09+pYAjPLRzgUOz3D3illtf9vTzeqs41QJZjfj5jVXCi/3ICpBX0YlJi/ghdWSjCJwNtwA== Completed in 606ms
1186 timing metavuln:cache:get:security-advisory:minimatch:tJ9Z2VGWqiQfLaVKxc9K/6Rz1g70Mpl3An4UK+K1lyHdz27vYPzhMIkC4jRGAN2wpssY+8l13Ql259B6zkaX/Q== Completed in 606ms
1187 timing metavuln:cache:get:security-advisory:minimatch:tdaAHfWGUw/nl/W8ALWVH+LvG2E3gvo3P2FI/fVPxm3aZteLxWMOEuk/9iDk5O0/cZN/GRXnabt/mW/bfUoL/g== Completed in 607ms
1188 timing metavuln:cache:get:security-advisory:minimatch:d1vHbFmApmPZ8D7tU5wibuYDk+ODEPdqBqmhQYykwFs/yMixetMkwY01zYVdWNOsg0NvkvSTlNgJ2ddzclruSA== Completed in 607ms
1189 timing metavuln:cache:get:security-advisory:minimatch:IBqefxF0lKwSFXzwGHp5L8khqSaPYY99x0GHtXNH4YxtdIexeL4FFPzrnnBvkhgmGDEWHo3XAgpPYGyM1jidQQ== Completed in 606ms
1190 timing metavuln:cache:get:security-advisory:braces:JiXBFkEDkUnBQLw3PO6emUmmm2JXqgEbh+FhB3SNDS8k6Z0wM20irrfaOjjxYuMxZaKaDudvR037mtEoeqZzXw== Completed in 606ms
1191 timing metavuln:cache:get:security-advisory:cookie:EFt7h/FZLeopARa06+F2CBY5ItUm007mP/cHgZjTJZX1MeIwg3JD7toSioRoDeE8wm5VdkimqlS+CnuPhZqbIg== Completed in 606ms
1192 timing metavuln:cache:get:security-advisory:cross-spawn:PBcc/5P1UEO/1Ba/jUNR65wOzs1wU0Y+m+OOSfB57dG5EajzjbqRMRm0l7MWqcJgHDYM5GoZ36Hm7qAYFlIH3A== Completed in 606ms
1193 timing metavuln:cache:get:security-advisory:dottie:0ACVlgh2XixrZ76V6Aw4AGmXe/vScI8AGIUQKFGZaYZxp4MyNabKSDBfLcT9XlERSFeHYQ9hiMRtZaHo1b3mTw== Completed in 606ms
1194 timing metavuln:cache:get:security-advisory:fastify:5OdrwYv5Xzq+rI3bchsuaHIz85Yyo5gTdhOrQGf2Em7pRhXXR2ur0R7W7qQ6UpWsSxuRBW8Fdp57dyqUhR5/yw== Completed in 605ms
1195 timing metavuln:cache:get:security-advisory:fastify:Mu3bbsgGIQMzQU+JUqKbxbOdmJ9sahc+8jmwkzzm3/7BqYYzReNvhjLjZ9XT5ElUjr+2gUCz/6X6tV16iM+obQ== Completed in 605ms
1196 timing metavuln:cache:get:security-advisory:fastify:vrddC5kD1iC6bjQC2yMAnNLy1/+VmRDX3Vr+8eGmbbd/ikD6VgNiIpwTn2TMS3TAzr8ZR+5OeLpu/4I5U8QBKA== Completed in 605ms
1197 timing metavuln:cache:get:security-advisory:find-my-way:ncPGiupWBmuLy3osYbi6NeA3zAkV0H2ETbz204QySGfjGMvhOUrckXpvAqjVyzsYU9NNJZrPHuMSulTPi+/bfw== Completed in 605ms
1198 timing metavuln:cache:get:security-advisory:flatted:oa7V2KnuHnLCPcrXFvcQLRAa1NASGJm9yZ+B92xpfwxan7PZyVrZjYAHt6LB51PFfA2mM8KGE+VHR+U5X/2uZw== Completed in 602ms
1199 timing metavuln:cache:get:security-advisory:flatted:uMG/3R828PE31LVzr7SnM2pFAXessH3XoRtonZYiGJtZfR5a//VWhmdMxy/RepstCydCDFxkci7fqEuzEvhnAA== Completed in 602ms
1200 timing metavuln:cache:get:security-advisory:ip:FcMhhitnipE8n5zCPiVRq2NLRNmu7UZkoO9lrM5CRC/emGwY5wSoa1+q1Q1Z8SPpfXO9tzox/MNRv7luhyJvqg== Completed in 602ms
1201 timing metavuln:cache:get:security-advisory:ip:kueZWtHx2OlOfcgg7jCuzsMg1G+hSWSz46I4qS9A9YkI1yyLIkm6qmb9EAp6afwx9qKW96Z5AKmkLgtElUvJrg== Completed in 601ms
1202 timing metavuln:cache:get:security-advisory:lodash:OGNA5lR8rR8aeucWHqvJLBV5oaroI/lF2JfG9J2l63dx9uiGUyHuI4ymC6nv+dqWwxtqCIMcqBukiWYEiF5/RQ== Completed in 601ms
1203 timing metavuln:cache:get:security-advisory:markdown-it:745Vt4mrHCdT8gFHVh7oHROmP4aH4fErXXhbpeVBhtIHmsxTVI7P3rJSdfXZ1iZTBS6GEnTERL4OWUfc4Co9jQ== Completed in 601ms
1204 timing metavuln:cache:get:security-advisory:micromatch:TlYHmS8BZBwkbsPHbTfH2/e91KJnOnqfC63ZoKdiRy+yt6biPd8BwjBdyfPUht1+ZO675I3Gg00RQPYaWiOm8Q== Completed in 601ms
1205 timing metavuln:cache:get:security-advisory:nanoid:SvMVdtEUVO5ESues2DL9aEFMy6oMG+saOn/tNitKJcx7q7CvMfC5ZcstpC8dbnZl5KL/q/3pYBvQrAPBFsC+nQ== Completed in 600ms
1206 timing metavuln:cache:get:security-advisory:path-to-regexp:TmkHz1g6xKc2pnDD1h6+ZDKMikxz0M1BBY/wyR9ER8446AKOUk6gXjoSR2douZ5enAllzNSKaynTW1H+LBi1CA== Completed in 601ms
1207 timing metavuln:cache:get:security-advisory:picomatch:GSQ5ghUF1JWDKMssoydWDVRebjlPePRwktLhrdWzXCq5xeBXdo4Cm9HGHnH2b6P1Nq93YjwPmimVjAx6kge32A== Completed in 601ms
1208 timing metavuln:cache:get:security-advisory:picomatch:H8EHkZXRRUdil3DyUl8tc8lCQUliQzjc5H5D4llqFojH152sBqO1suz3XiNiRQT++wJdWkgXe/zFc/Bbrrz6ng== Completed in 601ms
1209 timing metavuln:cache:get:security-advisory:pug:q1QCNIb5doZm6I3eRGcu7TI0K8fyc7dAf2McLW9B8u9n+aVFF2mdYrDZecswkGEqvp/OYAJdtseKaRANUQq8pQ== Completed in 601ms
1210 timing metavuln:cache:get:security-advisory:pug-code-gen:jYtA+ua4XfswkuObBtnwWn2fYvQUK4ca+Iv1+bqgs4mXRLiX4zUdwwNSawL0T4CvKtEq8q6TFgvFydQ8OKg+/Q== Completed in 600ms
1211 timing metavuln:cache:get:security-advisory:qs:vVSN+MRVpdux32gCUfPGidHUGmS/0G5Ziwtmb1YXw3NARw1r47LtySeR7yFf/LZ4sKzi41443WWDDZzPHuCh9g== Completed in 600ms
1212 timing metavuln:cache:get:security-advisory:qs:iChjlXxtVMTpyXsUse674XoeCayLW4gF6rE7sQcXvHRFegwpM44fUr9Eqlmsmu+S9udu9w9eZmpzcAcyiUJMIQ== Completed in 600ms
1213 timing metavuln:cache:get:security-advisory:sequelize:wjhMoLZiiqIacD4+V2lI9921Z2ZeJryL/EpzUzvbYcIegwFDJzNWjjO/YQBa50uUmoyjfCuJxHX0z9qwD769Dg== Completed in 600ms
1214 timing metavuln:cache:get:security-advisory:serialize-javascript:VNhzhjSQJJPSfVWQUXMpEy6hsW23faurQllLlGbSJ7QrUHjncb9PKDTQYw8APRVBzMug+7YJc5EWXV6SYvPIiw== Completed in 600ms
1215 timing metavuln:cache:get:security-advisory:serialize-javascript:YrpAzJikcaEK6U7y11zmmRITGnSTqoXdMRbxLiMf/nPn9B5sJrSY0SS0JQJpCtWZWBD1YeLrOPjFv5fBwOa8Rw== Completed in 599ms
1216 timing metavuln:cache:get:security-advisory:tar:qPQeYPFDBIedTWfYK3sbnScF6Ha7ouTs+wgndnz4PT5P+/K+GBD4epoPcYpXlu6AC7gSJlCJTJeuKbYAFoK9PA== Completed in 599ms
1217 timing metavuln:cache:get:security-advisory:tar:cbwMpzkxWE086TmEbj2aUk80Z6hlvP0jzlWS+XiX15JwqEtFzUgHyHj3QX4I6EZYk8tgcYPuNr3hYFVCQY6e3Q== Completed in 599ms
1218 timing metavuln:cache:get:security-advisory:tar:Bbf0Br7FJ1lJBIJDoLLFwjsDrbaYgLVqfrwr0ATzSQWEKW7Xp073S+5zxU9imRf4OqRJHo2MsCDeyKR0KRVsdA== Completed in 599ms
1219 timing metavuln:cache:get:security-advisory:tar:eeMx7uxRjV2T2ub1XcSZGVUMDQllh5SgBOjApRXoDwccZb2xPyoJEKCNDkl/ZQGHcurw9K/Nf+wQF6u7SWH6CQ== Completed in 599ms
1220 timing metavuln:cache:get:security-advisory:tar:UWW3Y4BpqE/fE3Qp2/QBaix5a7TZZoP7gM6asxPYL9ED9MweoK3ryao+Bp0Y6Y8Xds/rmjAafpG21YRYkP3N4g== Completed in 599ms
1221 timing metavuln:cache:get:security-advisory:tar:vbDW3SJe6e2hhLv65iuyXehzCzEAirdu2MloZluu8ApJ5S0mpjZNCz+7tMRaz8WDOzMKfYQKi/M/IfcFNOa3Cw== Completed in 599ms
1222 timing metavuln:cache:get:security-advisory:tar:xsfciMtNhQn+Vb692L8h5HEYBYUJ5Lhjy3bF//LOsKSn8tp0f1hbuDX26k9UtKJNPZjM5uuq2Cxlz3KwL19oJg== Completed in 599ms
1223 timing metavuln:cache:get:security-advisory:tar-fs:cvuUIK3mvYU/u7TShVqDjuuoWy7Jgl2iyysqZzndeGLLwvbCDiePQ/rot9wwSNqpYc8yRaszF/7dU1Uelp1dUw== Completed in 600ms
1224 timing metavuln:cache:get:security-advisory:tar-fs:Ix/Js08sk80rCM814qr/o6ab9zjh7+H8VVJui+xRbBltVjhzX21eodMzpIt77aC2gIFcrK8EEBkOSiDgsanD1w== Completed in 599ms
1225 timing metavuln:cache:get:security-advisory:webpack:IzHFkMfHDC+SV3IL23ZHngntgLDUgyESA9Ge8Mh5rKNVcDpaWLuTZIcoUJg4/bAH+BQlnDzJ4nLfJCy6fOIM0A== Completed in 599ms
1226 timing metavuln:cache:get:security-advisory:tar-fs:1dRVXY1/KAgNRzluJejkcnnY74RNVCtUBdSLW4DLR6KPpPmll6CDT96fyxIYOX7Nsq4AChUF8ivPlQmppqQqYw== Completed in 599ms
1227 timing metavuln:cache:get:security-advisory:webpack:7Pl1j4sHKhCQAEccTmt3XZIEEazRzvyC0TOx07N0G7o5OIhhZ0j0Ji3KSCbTwfmCR/2OHJ3Mx5ZmedDQEQeBbg== Completed in 599ms
1228 timing metavuln:cache:get:security-advisory:webpack:s8eUYzfoKCRSDroeyV91F0huXvDaY4W8tlhzcL2BszFV9dolZHIAn/UZ/7LVU12F35esXqY1PqnhYKHfHcDozQ== Completed in 610ms
1229 timing metavuln:cache:get:security-advisory:validator:IkyJOqfhkev0E9tRX4zbgkqtsxJX67cd4upO2f1EheDpncnx522qyf9oLyXwjDcWGeZOQHSqJUAh/kUyYH60qQ== Completed in 614ms
1230 timing metavuln:cache:get:security-advisory:validator:K8tnmsGw+QkTexUmTWxKwuHjWuT7Hea3z5nNI9JdW3F0rI0+n7L2rpU8PIPJJVMbPs2Qmf97TEHw10QorOnMzQ== Completed in 614ms
1231 http fetch GET 200 https://registry.npmjs.org/yallist/-/yallist-4.0.0.tgz 1633ms (cache miss)
1232 timing reifyNode:node_modules/yallist Completed in 2085ms
1233 http fetch GET 200 https://registry.npmjs.org/which-typed-array/-/which-typed-array-1.1.15.tgz 1920ms (cache miss)
1234 timing reifyNode:node_modules/which-typed-array Completed in 2373ms
1235 http fetch GET 200 https://registry.npmjs.org/strip-final-newline/-/strip-final-newline-2.0.0.tgz 2503ms (cache miss)
1236 timing reifyNode:node_modules/strip-final-newline Completed in 2980ms
1237 http fetch GET 200 https://registry.npmjs.org/universalify/-/universalify-2.0.1.tgz 2525ms (cache miss)
1238 timing reifyNode:node_modules/universalify Completed in 2985ms
1239 http fetch GET 200 https://registry.npmjs.org/yocto-queue/-/yocto-queue-0.1.0.tgz 2543ms (cache miss)
1240 timing reifyNode:node_modules/yocto-queue Completed in 2993ms
1241 http fetch GET 200 https://registry.npmjs.org/wrap-ansi/-/wrap-ansi-8.1.0.tgz 2619ms (cache miss)
1242 timing reifyNode:node_modules/wrap-ansi Completed in 3070ms
1243 http fetch GET 200 https://registry.npmjs.org/tunnel-agent/-/tunnel-agent-0.6.0.tgz 2598ms (cache miss)
1244 timing reifyNode:node_modules/tunnel-agent Completed in 3067ms
1245 http fetch GET 200 https://registry.npmjs.org/toad-cache/-/toad-cache-3.7.0.tgz 2685ms (cache miss)
1246 timing reifyNode:node_modules/toad-cache Completed in 3155ms
1247 http fetch GET 200 https://registry.npmjs.org/string-length/-/string-length-4.0.2.tgz 2713ms (cache miss)
1248 timing reifyNode:node_modules/string-length Completed in 3195ms
1249 http fetch GET 200 https://registry.npmjs.org/wrappy/-/wrappy-1.0.2.tgz 2773ms (cache miss)
1250 timing reifyNode:node_modules/wrappy Completed in 3224ms
1251 http fetch GET 200 https://registry.npmjs.org/strip-json-comments/-/strip-json-comments-3.1.1.tgz 2762ms (cache miss)
1252 timing reifyNode:node_modules/strip-json-comments Completed in 3240ms
1253 http fetch GET 200 https://registry.npmjs.org/unique-string/-/unique-string-3.0.0.tgz 2785ms (cache miss)
1254 timing reifyNode:node_modules/unique-string Completed in 3246ms
1255 http fetch GET 200 https://registry.npmjs.org/untildify/-/untildify-4.0.0.tgz 2787ms (cache miss)
1256 timing reifyNode:node_modules/untildify Completed in 3247ms
1257 http fetch GET 200 https://registry.npmjs.org/strip-ansi/-/strip-ansi-6.0.1.tgz 2764ms (cache miss)
1258 timing reifyNode:node_modules/strip-ansi-cjs Completed in 3245ms
1259 http fetch GET 200 https://registry.npmjs.org/unique-slug/-/unique-slug-2.0.2.tgz 2782ms (cache miss)
1260 timing reifyNode:node_modules/unique-slug Completed in 3249ms
1261 http fetch GET 200 https://registry.npmjs.org/write-file-atomic/-/write-file-atomic-4.0.2.tgz 2820ms (cache miss)
1262 timing reifyNode:node_modules/write-file-atomic Completed in 3271ms
1263 http fetch GET 200 https://registry.npmjs.org/which/-/which-2.0.2.tgz 2819ms (cache miss)
1264 timing reifyNode:node_modules/which Completed in 3273ms
1265 http fetch GET 200 https://registry.npmjs.org/update-browserslist-db/-/update-browserslist-db-1.0.13.tgz 2812ms (cache miss)
1266 timing reifyNode:node_modules/update-browserslist-db Completed in 3272ms
1267 http fetch GET 200 https://registry.npmjs.org/supports-color/-/supports-color-7.2.0.tgz 2795ms (cache miss)
1268 timing reifyNode:node_modules/supports-color Completed in 3272ms
1269 http fetch GET 200 https://registry.npmjs.org/strip-bom/-/strip-bom-4.0.0.tgz 2812ms (cache miss)
1270 timing reifyNode:node_modules/strip-bom Completed in 3290ms
1271 http fetch GET 200 https://registry.npmjs.org/string_decoder/-/string_decoder-1.3.0.tgz 2815ms (cache miss)
1272 timing reifyNode:node_modules/string_decoder Completed in 3297ms
1273 http fetch GET 200 https://registry.npmjs.org/strip-ansi/-/strip-ansi-6.0.1.tgz 2820ms (cache miss)
1274 timing reifyNode:node_modules/strip-ansi Completed in 3299ms
1275 http fetch GET 200 https://registry.npmjs.org/typedarray-to-buffer/-/typedarray-to-buffer-3.1.5.tgz 2840ms (cache miss)
1276 timing reifyNode:node_modules/typedarray-to-buffer Completed in 3305ms
1277 http fetch GET 200 https://registry.npmjs.org/toidentifier/-/toidentifier-1.0.1.tgz 2836ms (cache miss)
1278 timing reifyNode:node_modules/toidentifier Completed in 3305ms
1279 http fetch GET 200 https://registry.npmjs.org/token-stream/-/token-stream-1.0.0.tgz 2836ms (cache miss)
1280 timing reifyNode:node_modules/token-stream Completed in 3306ms
1281 http fetch GET 200 https://registry.npmjs.org/validate-npm-package-license/-/validate-npm-package-license-3.0.4.tgz 2865ms (cache miss)
1282 timing reifyNode:node_modules/validate-npm-package-license Completed in 3326ms
1283 http fetch GET 200 https://registry.npmjs.org/widest-line/-/widest-line-4.0.1.tgz 2866ms (cache miss)
1284 timing reifyNode:node_modules/widest-line Completed in 3328ms
1285 http fetch GET 200 https://registry.npmjs.org/xdg-basedir/-/xdg-basedir-5.1.0.tgz 2871ms (cache miss)
1286 timing reifyNode:node_modules/xdg-basedir Completed in 3330ms
1287 http fetch GET 200 https://registry.npmjs.org/wide-align/-/wide-align-1.1.5.tgz 2877ms (cache miss)
1288 timing reifyNode:node_modules/wide-align Completed in 3329ms
1289 http fetch GET 200 https://registry.npmjs.org/tmpl/-/tmpl-1.0.5.tgz 2856ms (cache miss)
1290 timing reifyNode:node_modules/tmpl Completed in 3326ms
1291 http fetch GET 200 https://registry.npmjs.org/tildify/-/tildify-2.0.0.tgz 2855ms (cache miss)
1292 timing reifyNode:node_modules/tildify Completed in 3327ms
1293 http fetch GET 200 https://registry.npmjs.org/semver-diff/-/semver-diff-4.0.0.tgz 2822ms (cache miss)
1294 timing reifyNode:node_modules/semver-diff Completed in 3321ms
1295 http fetch GET 200 https://registry.npmjs.org/set-blocking/-/set-blocking-2.0.0.tgz 2830ms (cache miss)
1296 timing reifyNode:node_modules/set-blocking Completed in 3323ms
1297 http fetch GET 200 https://registry.npmjs.org/pug-linker/-/pug-linker-4.0.0.tgz 2801ms (cache miss)
1298 timing reifyNode:node_modules/pug-linker Completed in 3321ms
1299 http fetch GET 200 https://registry.npmjs.org/simple-concat/-/simple-concat-1.0.1.tgz 2834ms (cache miss)
1300 timing reifyNode:node_modules/simple-concat Completed in 3328ms
1301 http fetch GET 200 https://registry.npmjs.org/require-from-string/-/require-from-string-2.0.2.tgz 2821ms (cache miss)
1302 timing reifyNode:node_modules/require-from-string Completed in 3327ms
1303 http fetch GET 200 https://registry.npmjs.org/registry-url/-/registry-url-6.0.1.tgz 2819ms (cache miss)
1304 timing reifyNode:node_modules/registry-url Completed in 3329ms
1305 http fetch GET 200 https://registry.npmjs.org/wrap-ansi/-/wrap-ansi-7.0.0.tgz 2894ms (cache miss)
1306 timing reifyNode:node_modules/wrap-ansi-cjs Completed in 3345ms
1307 http fetch GET 200 https://registry.npmjs.org/tree-kill/-/tree-kill-1.2.2.tgz 2871ms (cache miss)
1308 timing reifyNode:node_modules/tree-kill Completed in 3342ms
1309 http fetch GET 200 https://registry.npmjs.org/validate-npm-package-name/-/validate-npm-package-name-5.0.0.tgz 2888ms (cache miss)
1310 timing reifyNode:node_modules/validate-npm-package-name Completed in 3344ms
1311 http fetch GET 200 https://registry.npmjs.org/shebang-regex/-/shebang-regex-3.0.0.tgz 2844ms (cache miss)
1312 timing reifyNode:node_modules/shebang-regex Completed in 3337ms
1313 http fetch GET 200 https://registry.npmjs.org/shebang-command/-/shebang-command-2.0.0.tgz 2845ms (cache miss)
1314 timing reifyNode:node_modules/shebang-command Completed in 3338ms
1315 http fetch GET 200 https://registry.npmjs.org/read-package-json-fast/-/read-package-json-fast-3.0.2.tgz 2823ms (cache miss)
1316 timing reifyNode:node_modules/read-package-json-fast Completed in 3335ms
1317 http fetch GET 200 https://registry.npmjs.org/stack-trace/-/stack-trace-0.0.10.tgz 2860ms (cache miss)
1318 timing reifyNode:node_modules/stack-trace Completed in 3343ms
1319 http fetch GET 200 https://registry.npmjs.org/slash/-/slash-3.0.0.tgz 2834ms (cache miss)
1320 timing reifyNode:node_modules/slash Completed in 3340ms
1321 http fetch GET 200 https://registry.npmjs.org/to-fast-properties/-/to-fast-properties-2.0.0.tgz 2874ms (cache miss)
1322 timing reifyNode:node_modules/to-fast-properties Completed in 3347ms
1323 http fetch GET 200 https://registry.npmjs.org/void-elements/-/void-elements-3.1.0.tgz 2895ms (cache miss)
1324 timing reifyNode:node_modules/void-elements Completed in 3351ms
1325 http fetch GET 200 https://registry.npmjs.org/pump/-/pump-3.0.0.tgz 2822ms (cache miss)
1326 timing reifyNode:node_modules/pump Completed in 3339ms
1327 http fetch GET 200 https://registry.npmjs.org/safe-regex2/-/safe-regex2-2.0.0.tgz 2846ms (cache miss)
1328 timing reifyNode:node_modules/safe-regex2 Completed in 3346ms
1329 http fetch GET 200 https://registry.npmjs.org/pug-walk/-/pug-walk-2.0.0.tgz 2828ms (cache miss)
1330 timing reifyNode:node_modules/pug-walk Completed in 3345ms
1331 http fetch GET 200 https://registry.npmjs.org/resolve-alpn/-/resolve-alpn-1.2.1.tgz 2849ms (cache miss)
1332 timing reifyNode:node_modules/resolve-alpn Completed in 3355ms
1333 http fetch GET 200 https://registry.npmjs.org/quick-lru/-/quick-lru-5.1.1.tgz 2841ms (cache miss)
1334 timing reifyNode:node_modules/quick-lru Completed in 3354ms
1335 http fetch GET 200 https://registry.npmjs.org/string-width/-/string-width-4.2.3.tgz 2884ms (cache miss)
1336 timing reifyNode:node_modules/string-width Completed in 3364ms
1337 http fetch GET 200 https://registry.npmjs.org/vary/-/vary-1.1.2.tgz 2915ms (cache miss)
1338 timing reifyNode:node_modules/vary Completed in 3370ms
1339 http fetch GET 200 https://registry.npmjs.org/spdx-exceptions/-/spdx-exceptions-2.5.0.tgz 2879ms (cache miss)
1340 timing reifyNode:node_modules/spdx-exceptions Completed in 3365ms
1341 http fetch GET 200 https://registry.npmjs.org/resolve-from/-/resolve-from-5.0.0.tgz 2847ms (cache miss)
1342 timing reifyNode:node_modules/resolve-from Completed in 3362ms
1343 http fetch GET 200 https://registry.npmjs.org/signal-exit/-/signal-exit-3.0.7.tgz 2874ms (cache miss)
1344 timing reifyNode:node_modules/signal-exit Completed in 3365ms
1345 http fetch GET 200 https://registry.npmjs.org/text-table/-/text-table-0.2.0.tgz 2900ms (cache miss)
1346 http fetch GET 200 https://registry.npmjs.org/queue-microtask/-/queue-microtask-1.2.3.tgz 2852ms (cache miss)
1347 timing reifyNode:node_modules/queue-microtask Completed in 3366ms
1348 http fetch GET 200 https://registry.npmjs.org/split2/-/split2-3.2.2.tgz 2891ms (cache miss)
1349 timing reifyNode:node_modules/split2 Completed in 3374ms
1350 http fetch GET 200 https://registry.npmjs.org/shallow-clone/-/shallow-clone-3.0.1.tgz 2853ms (cache miss)
1351 timing reifyNode:node_modules/shallow-clone Completed in 3371ms
1352 http fetch GET 200 https://registry.npmjs.org/reusify/-/reusify-1.0.4.tgz 2868ms (cache miss)
1353 timing reifyNode:node_modules/reusify Completed in 3370ms
1354 http fetch GET 200 https://registry.npmjs.org/pug-filters/-/pug-filters-4.0.0.tgz 2849ms (cache miss)
1355 timing reifyNode:node_modules/pug-filters Completed in 3369ms
1356 http fetch GET 200 https://registry.npmjs.org/supports-preserve-symlinks-flag/-/supports-preserve-symlinks-flag-1.0.0.tgz 2904ms (cache miss)
1357 timing reifyNode:node_modules/supports-preserve-symlinks-flag Completed in 3381ms
1358 http fetch GET 200 https://registry.npmjs.org/serialize-javascript/-/serialize-javascript-6.0.2.tgz 2881ms (cache miss)
1359 timing reifyNode:node_modules/serialize-javascript Completed in 3376ms
1360 http fetch GET 200 https://registry.npmjs.org/statuses/-/statuses-2.0.1.tgz 2899ms (cache miss)
1361 timing reifyNode:node_modules/statuses Completed in 3382ms
1362 http fetch GET 200 https://registry.npmjs.org/walker/-/walker-1.0.8.tgz 2935ms (cache miss)
1363 timing reifyNode:node_modules/walker Completed in 3389ms
1364 http fetch GET 200 https://registry.npmjs.org/util-deprecate/-/util-deprecate-1.0.2.tgz 2933ms (cache miss)
1365 timing reifyNode:node_modules/util-deprecate Completed in 3389ms
1366 http fetch GET 200 https://registry.npmjs.org/real-require/-/real-require-0.2.0.tgz 2867ms (cache miss)
1367 timing reifyNode:node_modules/real-require Completed in 3378ms
1368 http fetch GET 200 https://registry.npmjs.org/run-parallel/-/run-parallel-1.2.0.tgz 2879ms (cache miss)
1369 timing reifyNode:node_modules/run-parallel Completed in 3380ms
1370 http fetch GET 200 https://registry.npmjs.org/require-directory/-/require-directory-2.1.1.tgz 2876ms (cache miss)
1371 timing reifyNode:node_modules/require-directory Completed in 3381ms
1372 http fetch GET 200 https://registry.npmjs.org/quick-format-unescaped/-/quick-format-unescaped-4.0.4.tgz 2867ms (cache miss)
1373 http fetch GET 200 https://registry.npmjs.org/resolve-cwd/-/resolve-cwd-3.0.0.tgz 2878ms (cache miss)
1374 timing reifyNode:node_modules/resolve-cwd Completed in 3383ms
1375 timing reifyNode:node_modules/quick-format-unescaped Completed in 3381ms
1376 http fetch GET 200 https://registry.npmjs.org/remote-git-tags/-/remote-git-tags-3.0.0.tgz 2874ms (cache miss)
1377 timing reifyNode:node_modules/remote-git-tags Completed in 3382ms
1378 http fetch GET 200 https://registry.npmjs.org/rechoir/-/rechoir-0.8.0.tgz 2873ms (cache miss)
1379 timing reifyNode:node_modules/rechoir Completed in 3383ms
1380 http fetch GET 200 https://registry.npmjs.org/type-is/-/type-is-1.6.18.tgz 2928ms (cache miss)
1381 timing reifyNode:node_modules/type-is Completed in 3394ms
1382 http fetch GET 200 https://registry.npmjs.org/spdx-expression-parse/-/spdx-expression-parse-3.0.1.tgz 2904ms (cache miss)
1383 timing reifyNode:node_modules/spdx-expression-parse Completed in 3390ms
1384 http fetch GET 200 https://registry.npmjs.org/stack-utils/-/stack-utils-2.0.6.tgz 2910ms (cache miss)
1385 timing reifyNode:node_modules/stack-utils Completed in 3393ms
1386 http fetch GET 200 https://registry.npmjs.org/simple-get/-/simple-get-4.0.1.tgz 2900ms (cache miss)
1387 timing reifyNode:node_modules/simple-get Completed in 3390ms
1388 http fetch GET 200 https://registry.npmjs.org/ret/-/ret-0.2.2.tgz 2886ms (cache miss)
1389 timing reifyNode:node_modules/ret Completed in 3390ms
1390 http fetch GET 200 https://registry.npmjs.org/which-boxed-primitive/-/which-boxed-primitive-1.0.2.tgz 2948ms (cache miss)
1391 timing reifyNode:node_modules/which-boxed-primitive Completed in 3402ms
1392 http fetch GET 200 https://registry.npmjs.org/string-width/-/string-width-4.2.3.tgz 2917ms (cache miss)
1393 timing reifyNode:node_modules/string-width-cjs Completed in 3397ms
1394 http fetch GET 200 https://registry.npmjs.org/read-package-json/-/read-package-json-6.0.4.tgz 2881ms (cache miss)
1395 timing reifyNode:node_modules/read-package-json Completed in 3395ms
1396 http fetch GET 200 https://registry.npmjs.org/responselike/-/responselike-2.0.1.tgz 2892ms (cache miss)
1397 timing reifyNode:node_modules/responselike Completed in 3396ms
1398 http fetch GET 200 https://registry.npmjs.org/randombytes/-/randombytes-2.1.0.tgz 2877ms (cache miss)
1399 timing reifyNode:node_modules/randombytes Completed in 3394ms
1400 http fetch GET 200 https://registry.npmjs.org/proxy-addr/-/proxy-addr-2.0.7.tgz 2871ms (cache miss)
1401 timing reifyNode:node_modules/proxy-addr Completed in 3396ms
1402 http fetch GET 200 https://registry.npmjs.org/sisteransi/-/sisteransi-1.0.5.tgz 2910ms (cache miss)
1403 timing reifyNode:node_modules/sisteransi Completed in 3400ms
1404 http fetch GET 200 https://registry.npmjs.org/spdx-license-ids/-/spdx-license-ids-3.0.17.tgz 2916ms (cache miss)
1405 timing reifyNode:node_modules/spdx-license-ids Completed in 3402ms
1406 http fetch GET 200 https://registry.npmjs.org/setprototypeof/-/setprototypeof-1.2.0.tgz 2907ms (cache miss)
1407 timing reifyNode:node_modules/setprototypeof Completed in 3401ms
1408 http fetch GET 200 https://registry.npmjs.org/rimraf/-/rimraf-3.0.2.tgz 2897ms (cache miss)
1409 timing reifyNode:node_modules/rimraf Completed in 3401ms
1410 http fetch GET 200 https://registry.npmjs.org/registry-auth-token/-/registry-auth-token-5.0.1.tgz 2891ms (cache miss)
1411 timing reifyNode:node_modules/registry-auth-token Completed in 3401ms
1412 timing reifyNode:node_modules/text-table Completed in 3411ms
1413 http fetch GET 200 https://registry.npmjs.org/y18n/-/y18n-5.0.8.tgz 2918ms (cache miss)
1414 timing reifyNode:node_modules/y18n Completed in 3418ms
1415 http fetch GET 200 https://registry.npmjs.org/type-detect/-/type-detect-4.0.8.tgz 2946ms (cache miss)
1416 timing reifyNode:node_modules/type-detect Completed in 3414ms
1417 http fetch GET 200 https://registry.npmjs.org/toposort-class/-/toposort-class-1.0.1.tgz 2945ms (cache miss)
1418 http fetch GET 200 https://registry.npmjs.org/spdx-correct/-/spdx-correct-3.2.0.tgz 2921ms (cache miss)
1419 timing reifyNode:node_modules/spdx-correct Completed in 3413ms
1420 http fetch GET 200 https://registry.npmjs.org/xtend/-/xtend-4.0.2.tgz 2925ms (cache miss)
1421 timing reifyNode:node_modules/xtend Completed in 3424ms
1422 http fetch GET 200 https://registry.npmjs.org/punycode/-/punycode-2.1.1.tgz 2892ms (cache miss)
1423 timing reifyNode:node_modules/punycode Completed in 3408ms
1424 http fetch GET 200 https://registry.npmjs.org/semver-utils/-/semver-utils-1.1.4.tgz 2913ms (cache miss)
1425 timing reifyNode:node_modules/semver-utils Completed in 3412ms
1426 http fetch GET 200 https://registry.npmjs.org/pug-load/-/pug-load-3.0.0.tgz 2890ms (cache miss)
1427 timing reifyNode:node_modules/pug-load Completed in 3409ms
1428 http fetch GET 200 https://registry.npmjs.org/set-cookie-parser/-/set-cookie-parser-2.6.0.tgz 2919ms (cache miss)
1429 timing reifyNode:node_modules/set-cookie-parser Completed in 3413ms
1430 http fetch GET 200 https://registry.npmjs.org/type-check/-/type-check-0.4.0.tgz 2955ms (cache miss)
1431 timing reifyNode:node_modules/type-check Completed in 3422ms
1432 http fetch GET 200 https://registry.npmjs.org/pug-parser/-/pug-parser-6.0.0.tgz 2894ms (cache miss)
1433 timing reifyNode:node_modules/pug-parser Completed in 3413ms
1434 http fetch GET 200 https://registry.npmjs.org/react-is/-/react-is-18.2.0.tgz 2901ms (cache miss)
1435 timing reifyNode:node_modules/react-is Completed in 3415ms
1436 http fetch GET 200 https://registry.npmjs.org/readdirp/-/readdirp-3.6.0.tgz 2905ms (cache miss)
1437 timing reifyNode:node_modules/readdirp Completed in 3416ms
1438 http fetch GET 200 https://registry.npmjs.org/unbox-primitive/-/unbox-primitive-1.0.2.tgz 2967ms (cache miss)
1439 timing reifyNode:node_modules/unbox-primitive Completed in 3431ms
1440 http fetch GET 200 https://registry.npmjs.org/uc.micro/-/uc.micro-1.0.6.tgz 2968ms (cache miss)
1441 http fetch GET 200 https://registry.npmjs.org/rfdc/-/rfdc-1.3.1.tgz 2923ms (cache miss)
1442 timing reifyNode:node_modules/rfdc Completed in 3425ms
1443 http fetch GET 200 https://registry.npmjs.org/pug-code-gen/-/pug-code-gen-3.0.2.tgz 2900ms (cache miss)
1444 timing reifyNode:node_modules/pug-code-gen Completed in 3425ms
1445 http fetch GET 200 https://registry.npmjs.org/wildcard/-/wildcard-2.0.0.tgz 2992ms (cache miss)
1446 timing reifyNode:node_modules/wildcard Completed in 3445ms
1447 http fetch GET 200 https://registry.npmjs.org/to-regex-range/-/to-regex-range-5.0.1.tgz 2970ms (cache miss)
1448 timing reifyNode:node_modules/to-regex-range Completed in 3441ms
1449 timing reifyNode:node_modules/toposort-class Completed in 3445ms
1450 http fetch GET 200 https://registry.npmjs.org/pug-lexer/-/pug-lexer-5.0.1.tgz 2915ms (cache miss)
1451 timing reifyNode:node_modules/pug-lexer Completed in 3436ms
1452 http fetch GET 200 https://registry.npmjs.org/set-function-length/-/set-function-length-1.2.2.tgz 2947ms (cache miss)
1453 timing reifyNode:node_modules/set-function-length Completed in 3440ms
1454 http fetch GET 200 https://registry.npmjs.org/update-notifier/-/update-notifier-6.0.2.tgz 2951ms (cache miss)
1455 timing reifyNode:node_modules/update-notifier Completed in 3450ms
1456 http fetch GET 200 https://registry.npmjs.org/timers-ext/-/timers-ext-0.1.7.tgz 2980ms (cache miss)
1457 http fetch GET 200 https://registry.npmjs.org/safer-buffer/-/safer-buffer-2.1.2.tgz 2944ms (cache miss)
1458 timing reifyNode:node_modules/safer-buffer Completed in 3444ms
1459 http fetch GET 200 https://registry.npmjs.org/safe-stable-stringify/-/safe-stable-stringify-2.4.3.tgz 2944ms (cache miss)
1460 timing reifyNode:node_modules/safe-stable-stringify Completed in 3445ms
1461 http fetch GET 200 https://registry.npmjs.org/retry-as-promised/-/retry-as-promised-7.0.4.tgz 2943ms (cache miss)
1462 timing reifyNode:node_modules/retry-as-promised Completed in 3446ms
1463 http fetch GET 200 https://registry.npmjs.org/pug-runtime/-/pug-runtime-3.0.1.tgz 2927ms (cache miss)
1464 timing reifyNode:node_modules/pug-runtime Completed in 3445ms
1465 http fetch GET 200 https://registry.npmjs.org/typed-array-byte-offset/-/typed-array-byte-offset-1.0.2.tgz 2992ms (cache miss)
1466 timing reifyNode:node_modules/typed-array-byte-offset Completed in 3457ms
1467 http fetch GET 200 https://registry.npmjs.org/set-function-name/-/set-function-name-2.0.2.tgz 2956ms (cache miss)
1468 timing reifyNode:node_modules/set-function-name Completed in 3450ms
1469 http fetch GET 200 https://registry.npmjs.org/resolve.exports/-/resolve.exports-2.0.2.tgz 2945ms (cache miss)
1470 timing reifyNode:node_modules/resolve.exports Completed in 3449ms
1471 http fetch GET 200 https://registry.npmjs.org/regenerator-runtime/-/regenerator-runtime-0.14.1.tgz 2938ms (cache miss)
1472 timing reifyNode:node_modules/regenerator-runtime Completed in 3449ms
1473 http fetch GET 200 https://registry.npmjs.org/test-exclude/-/test-exclude-6.0.0.tgz 2987ms (cache miss)
1474 timing reifyNode:node_modules/test-exclude Completed in 3460ms
1475 http fetch GET 200 https://registry.npmjs.org/typed-array-length/-/typed-array-length-1.0.6.tgz 2998ms (cache miss)
1476 timing reifyNode:node_modules/typed-array-length Completed in 3463ms
1477 http fetch GET 200 https://registry.npmjs.org/rc-config-loader/-/rc-config-loader-4.1.3.tgz 2938ms (cache miss)
1478 timing reifyNode:node_modules/rc-config-loader Completed in 3452ms
1479 timing reifyNode:node_modules/uc.micro Completed in 3464ms
1480 http fetch GET 200 https://registry.npmjs.org/typed-array-buffer/-/typed-array-buffer-1.0.2.tgz 2987ms (cache miss)
1481 timing reifyNode:node_modules/typed-array-buffer Completed in 3464ms
1482 http fetch GET 200 https://registry.npmjs.org/ssri/-/ssri-10.0.5.tgz 2977ms (cache miss)
1483 timing reifyNode:node_modules/ssri Completed in 3462ms
1484 http fetch GET 200 https://registry.npmjs.org/safe-buffer/-/safe-buffer-5.2.1.tgz 2959ms (cache miss)
1485 timing reifyNode:node_modules/safe-buffer Completed in 3460ms
1486 http fetch GET 200 https://registry.npmjs.org/safe-regex-test/-/safe-regex-test-1.0.3.tgz 2962ms (cache miss)
1487 timing reifyNode:node_modules/safe-regex-test Completed in 3463ms
1488 timing reifyNode:node_modules/timers-ext Completed in 3479ms
1489 http fetch GET 200 https://registry.npmjs.org/typed-array-byte-length/-/typed-array-byte-length-1.0.1.tgz 3016ms (cache miss)
1490 timing reifyNode:node_modules/typed-array-byte-length Completed in 3481ms
1491 http fetch GET 200 https://registry.npmjs.org/side-channel/-/side-channel-1.0.6.tgz 2984ms (cache miss)
1492 timing reifyNode:node_modules/side-channel Completed in 3476ms
1493 http fetch GET 200 https://registry.npmjs.org/tar-stream/-/tar-stream-2.2.0.tgz 3006ms (cache miss)
1494 timing reifyNode:node_modules/tar-stream Completed in 3482ms
1495 http fetch GET 200 https://registry.npmjs.org/umzug/-/umzug-2.3.0.tgz 3029ms (cache miss)
1496 timing reifyNode:node_modules/umzug Completed in 3494ms
1497 http fetch GET 200 https://registry.npmjs.org/watchpack/-/watchpack-2.4.1.tgz 3041ms (cache miss)
1498 timing reifyNode:node_modules/watchpack Completed in 3496ms
1499 http fetch GET 200 https://registry.npmjs.org/secure-json-parse/-/secure-json-parse-2.7.0.tgz 2988ms (cache miss)
1500 http fetch GET 200 https://registry.npmjs.org/string.prototype.trimend/-/string.prototype.trimend-1.0.8.tgz 3013ms (cache miss)
1501 timing reifyNode:node_modules/string.prototype.trimend Completed in 3493ms
1502 http fetch GET 200 https://registry.npmjs.org/v8-to-istanbul/-/v8-to-istanbul-9.2.0.tgz 3045ms (cache miss)
1503 timing reifyNode:node_modules/v8-to-istanbul Completed in 3505ms
1504 http fetch GET 200 https://registry.npmjs.org/safe-array-concat/-/safe-array-concat-1.1.2.tgz 2997ms (cache miss)
1505 timing reifyNode:node_modules/safe-array-concat Completed in 3498ms
1506 http fetch GET 200 https://registry.npmjs.org/string.prototype.trimstart/-/string.prototype.trimstart-1.0.8.tgz 2984ms (cache miss)
1507 timing reifyNode:node_modules/string.prototype.trimstart Completed in 3508ms
1508 http fetch GET 200 https://registry.npmjs.org/tarn/-/tarn-3.0.2.tgz 3037ms (cache miss)
1509 timing reifyNode:node_modules/tarn Completed in 3514ms
1510 http fetch GET 200 https://registry.npmjs.org/retry/-/retry-0.12.0.tgz 3006ms (cache miss)
1511 timing reifyNode:node_modules/secure-json-parse Completed in 3511ms
1512 timing reifyNode:node_modules/retry Completed in 3518ms
1513 http fetch GET 200 https://registry.npmjs.org/with/-/with-7.0.2.tgz 3081ms (cache miss)
1514 timing reifyNode:node_modules/with Completed in 3533ms
1515 http fetch GET 200 https://registry.npmjs.org/unique-filename/-/unique-filename-1.1.1.tgz 3069ms (cache miss)
1516 timing reifyNode:node_modules/unique-filename Completed in 3533ms
1517 http fetch GET 200 https://registry.npmjs.org/sprintf-js/-/sprintf-js-1.0.3.tgz 3046ms (cache miss)
1518 timing reifyNode:node_modules/sprintf-js Completed in 3529ms
1519 http fetch GET 200 https://registry.npmjs.org/sequelize-pool/-/sequelize-pool-7.1.0.tgz 3029ms (cache miss)
1520 timing reifyNode:node_modules/sequelize-pool Completed in 3527ms
1521 http fetch GET 200 https://registry.npmjs.org/tuf-js/-/tuf-js-1.1.7.tgz 3067ms (cache miss)
1522 timing reifyNode:node_modules/tuf-js Completed in 3536ms
1523 http fetch GET 200 https://registry.npmjs.org/string.prototype.trim/-/string.prototype.trim-1.2.9.tgz 3063ms (cache miss)
1524 timing reifyNode:node_modules/string.prototype.trim Completed in 3543ms
1525 http fetch GET 200 https://registry.npmjs.org/pug/-/pug-3.0.2.tgz 3011ms (cache miss)
1526 timing reifyNode:node_modules/pug Completed in 3539ms
1527 http fetch GET 200 https://registry.npmjs.org/tslib/-/tslib-2.6.2.tgz 3093ms (cache miss)
1528 timing reifyNode:node_modules/tslib Completed in 3562ms
1529 http fetch GET 200 https://registry.npmjs.org/terser-webpack-plugin/-/terser-webpack-plugin-5.3.10.tgz 3088ms (cache miss)
1530 timing reifyNode:node_modules/terser-webpack-plugin Completed in 3563ms
1531 http fetch GET 200 https://registry.npmjs.org/tapable/-/tapable-2.2.1.tgz 3073ms (cache miss)
1532 timing reifyNode:node_modules/tapable Completed in 3563ms
1533 http fetch GET 200 https://registry.npmjs.org/yargs-parser/-/yargs-parser-21.1.1.tgz 3130ms (cache miss)
1534 timing reifyNode:node_modules/yargs-parser Completed in 3581ms
1535 http fetch GET 200 https://registry.npmjs.org/youch/-/youch-2.2.2.tgz 3084ms (cache miss)
1536 timing reifyNode:node_modules/youch Completed in 3581ms
1537 http fetch GET 200 https://registry.npmjs.org/schema-utils/-/schema-utils-4.0.0.tgz 3075ms (cache miss)
1538 http fetch GET 200 https://registry.npmjs.org/regexp.prototype.flags/-/regexp.prototype.flags-1.5.2.tgz 3064ms (cache miss)
1539 timing reifyNode:node_modules/regexp.prototype.flags Completed in 3573ms
1540 timing reifyNode:node_modules/schema-utils Completed in 3581ms
1541 http fetch GET 200 https://registry.npmjs.org/style-loader/-/style-loader-4.0.0.tgz 3110ms (cache miss)
1542 timing reifyNode:node_modules/style-loader Completed in 3588ms
1543 http fetch GET 200 https://registry.npmjs.org/webpack-cli/-/webpack-cli-5.1.4.tgz 3146ms (cache miss)
1544 timing reifyNode:node_modules/webpack-cli Completed in 3599ms
1545 http fetch GET 200 https://registry.npmjs.org/webpack-sources/-/webpack-sources-3.2.3.tgz 3148ms (cache miss)
1546 timing reifyNode:node_modules/webpack-sources Completed in 3602ms
1547 http fetch GET 200 https://registry.npmjs.org/webpack-merge/-/webpack-merge-5.8.0.tgz 3161ms (cache miss)
1548 timing reifyNode:node_modules/webpack-merge Completed in 3616ms
1549 http fetch GET 200 https://registry.npmjs.org/smart-buffer/-/smart-buffer-4.2.0.tgz 3120ms (cache miss)
1550 timing reifyNode:node_modules/smart-buffer Completed in 3609ms
1551 http fetch GET 200 https://registry.npmjs.org/wkx/-/wkx-0.5.0.tgz 3172ms (cache miss)
1552 timing reifyNode:node_modules/wkx Completed in 3624ms
1553 http fetch GET 200 https://registry.npmjs.org/shell-quote/-/shell-quote-1.8.1.tgz 3126ms (cache miss)
1554 timing reifyNode:node_modules/shell-quote Completed in 3617ms
1555 http fetch GET 200 https://registry.npmjs.org/sonic-boom/-/sonic-boom-3.8.1.tgz 3143ms (cache miss)
1556 timing reifyNode:node_modules/sonic-boom Completed in 3632ms
1557 http fetch GET 200 https://registry.npmjs.org/tar-fs/-/tar-fs-2.1.1.tgz 3158ms (cache miss)
1558 timing reifyNode:node_modules/tar-fs Completed in 3643ms
1559 http fetch GET 200 https://registry.npmjs.org/source-map-js/-/source-map-js-1.2.0.tgz 3167ms (cache miss)
1560 timing reifyNode:node_modules/source-map-js Completed in 3654ms
1561 http fetch GET 200 https://registry.npmjs.org/undici-types/-/undici-types-5.26.5.tgz 3201ms (cache miss)
1562 timing reifyNode:node_modules/undici-types Completed in 3665ms
1563 http fetch GET 200 https://registry.npmjs.org/socks-proxy-agent/-/socks-proxy-agent-7.0.0.tgz 3186ms (cache miss)
1564 timing reifyNode:node_modules/socks-proxy-agent Completed in 3675ms
1565 http fetch GET 200 https://registry.npmjs.org/tar/-/tar-6.1.11.tgz 3211ms (cache miss)
1566 timing reifyNode:node_modules/tar Completed in 3686ms
1567 http fetch GET 200 https://registry.npmjs.org/readable-stream/-/readable-stream-3.6.2.tgz 3170ms (cache miss)
1568 timing reifyNode:node_modules/readable-stream Completed in 3682ms
1569 http fetch GET 200 https://registry.npmjs.org/sequelize-cli/-/sequelize-cli-6.6.2.tgz 3192ms (cache miss)
1570 timing reifyNode:node_modules/sequelize-cli Completed in 3686ms
1571 http fetch GET 200 https://registry.npmjs.org/qs/-/qs-6.12.1.tgz 3179ms (cache miss)
1572 timing reifyNode:node_modules/qs Completed in 3695ms
1573 http fetch GET 200 https://registry.npmjs.org/thread-stream/-/thread-stream-2.6.0.tgz 3234ms (cache miss)
1574 http fetch GET 200 https://registry.npmjs.org/type-fest/-/type-fest-0.20.2.tgz 3253ms (cache miss)
1575 timing reifyNode:node_modules/type-fest Completed in 3719ms
1576 timing reifyNode:node_modules/thread-stream Completed in 3719ms
1577 http fetch GET 200 https://registry.npmjs.org/socks/-/socks-2.7.0.tgz 3232ms (cache miss)
1578 timing reifyNode:node_modules/socks Completed in 3722ms
1579 http fetch GET 200 https://registry.npmjs.org/semver/-/semver-7.6.0.tgz 3231ms (cache miss)
1580 timing reifyNode:node_modules/semver Completed in 3730ms
1581 http fetch GET 200 https://registry.npmjs.org/uuid/-/uuid-8.3.2.tgz 3323ms (cache miss)
1582 timing reifyNode:node_modules/uuid Completed in 3781ms
1583 http fetch GET 200 https://registry.npmjs.org/yargs/-/yargs-17.7.2.tgz 3338ms (cache miss)
1584 http fetch GET 200 https://registry.npmjs.org/uri-js/-/uri-js-4.4.1.tgz 3355ms (cache miss)
1585 timing reifyNode:node_modules/yargs Completed in 3820ms
1586 timing reifyNode:node_modules/uri-js Completed in 3821ms
1587 http fetch GET 200 https://registry.npmjs.org/source-map/-/source-map-0.6.1.tgz 3332ms (cache miss)
1588 timing reifyNode:node_modules/source-map Completed in 3819ms
1589 http fetch GET 200 https://registry.npmjs.org/tsconfig-paths/-/tsconfig-paths-3.15.0.tgz 3376ms (cache miss)
1590 timing reifyNode:node_modules/tsconfig-paths Completed in 3844ms
1591 http fetch GET 200 https://registry.npmjs.org/sigstore/-/sigstore-1.9.0.tgz 3349ms (cache miss)
1592 timing reifyNode:node_modules/sigstore Completed in 3840ms
1593 http fetch GET 200 https://registry.npmjs.org/pure-rand/-/pure-rand-6.1.0.tgz 3324ms (cache miss)
1594 timing reifyNode:node_modules/pure-rand Completed in 3842ms
1595 http fetch GET 200 https://registry.npmjs.org/type/-/type-2.7.2.tgz 3466ms (cache miss)
1596 timing reifyNode:node_modules/type Completed in 3937ms
1597 http fetch GET 200 https://registry.npmjs.org/resolve/-/resolve-1.22.8.tgz 3422ms (cache miss)
1598 timing reifyNode:node_modules/resolve Completed in 3928ms
1599 http fetch GET 200 https://registry.npmjs.org/terser/-/terser-5.30.4.tgz 3475ms (cache miss)
1600 timing reifyNode:node_modules/terser Completed in 3951ms
1601 http fetch GET 200 https://registry.npmjs.org/sqlite3/-/sqlite3-5.1.7.tgz 3512ms (cache miss)
1602 timing reifyNode:node_modules/sqlite3 Completed in 3995ms
1603 http fetch GET 200 https://registry.npmjs.org/validator/-/validator-13.11.0.tgz 3552ms (cache miss)
1604 timing reifyNode:node_modules/validator Completed in 4007ms
1605 http fetch GET 200 https://registry.npmjs.org/sequelize/-/sequelize-6.37.3.tgz 3703ms (cache miss)
1606 timing reifyNode:node_modules/sequelize Completed in 4202ms
1607 http fetch GET 200 https://registry.npmjs.org/webpack/-/webpack-5.91.0.tgz 4121ms (cache miss)
1608 timing reifyNode:node_modules/webpack Completed in 4575ms
1609 http fetch GET 200 https://registry.npmjs.org/sodium-native/-/sodium-native-4.1.1.tgz 4089ms (cache miss)
1610 timing reifyNode:node_modules/sodium-native Completed in 4577ms
1611 http fetch GET 200 https://registry.npmjs.org/rxjs/-/rxjs-7.8.1.tgz 4432ms (cache miss)
1612 timing reifyNode:node_modules/rxjs Completed in 4934ms
1613 http fetch GET 200 https://registry.npmjs.org/buffer-from/-/buffer-from-1.1.2.tgz 12661ms attempt #2 (cache miss)
1614 timing reifyNode:node_modules/buffer-from Completed in 13386ms
1615 http fetch GET 200 https://registry.npmjs.org/builtins/-/builtins-5.1.0.tgz 12689ms attempt #2 (cache miss)
1616 timing reifyNode:node_modules/builtins Completed in 13414ms
1617 http fetch GET 200 https://registry.npmjs.org/cacheable-request/-/cacheable-request-7.0.2.tgz 12712ms attempt #2 (cache miss)
1618 timing reifyNode:node_modules/cacheable-request Completed in 13436ms
1619 http fetch GET 200 https://registry.npmjs.org/braces/-/braces-3.0.2.tgz 12713ms attempt #2 (cache miss)
1620 http fetch GET 200 https://registry.npmjs.org/@babel/plugin-syntax-async-generators/-/plugin-syntax-async-generators-7.8.4.tgz 12643ms attempt #2 (cache miss)
1621 timing reifyNode:node_modules/@babel/plugin-syntax-async-generators Completed in 13426ms
1622 http fetch GET 200 https://registry.npmjs.org/@babel/plugin-syntax-bigint/-/plugin-syntax-bigint-7.8.3.tgz 12644ms attempt #2 (cache miss)
1623 timing reifyNode:node_modules/@babel/plugin-syntax-bigint Completed in 13427ms
1624 http fetch GET 200 https://registry.npmjs.org/@babel/plugin-syntax-json-strings/-/plugin-syntax-json-strings-7.8.3.tgz 12667ms attempt #2 (cache miss)
1625 timing reifyNode:node_modules/@babel/plugin-syntax-json-strings Completed in 13448ms
1626 http fetch GET 200 https://registry.npmjs.org/@babel/helper-string-parser/-/helper-string-parser-7.24.1.tgz 12665ms attempt #2 (cache miss)
1627 timing reifyNode:node_modules/@babel/helper-string-parser Completed in 13449ms
1628 http fetch GET 200 https://registry.npmjs.org/@babel/helper-validator-identifier/-/helper-validator-identifier-7.22.20.tgz 12666ms attempt #2 (cache miss)
1629 http fetch GET 200 https://registry.npmjs.org/content-disposition/-/content-disposition-0.5.4.tgz 12754ms attempt #2 (cache miss)
1630 timing reifyNode:node_modules/content-disposition Completed in 13466ms
1631 http fetch GET 200 https://registry.npmjs.org/bser/-/bser-2.1.1.tgz 12770ms attempt #2 (cache miss)
1632 timing reifyNode:node_modules/bser Completed in 13496ms
1633 http fetch GET 200 https://registry.npmjs.org/at-least-node/-/at-least-node-1.0.0.tgz 12763ms attempt #2 (cache miss)
1634 timing reifyNode:node_modules/at-least-node Completed in 13497ms
1635 http fetch GET 200 https://registry.npmjs.org/buffer/-/buffer-5.7.1.tgz 12788ms attempt #2 (cache miss)
1636 timing reifyNode:node_modules/buffer Completed in 13513ms
1637 http fetch GET 200 https://registry.npmjs.org/brace-expansion/-/brace-expansion-1.1.11.tgz 12787ms attempt #2 (cache miss)
1638 timing reifyNode:node_modules/brace-expansion Completed in 13514ms
1639 timing reifyNode:node_modules/braces Completed in 13514ms
1640 http fetch GET 200 https://registry.npmjs.org/collect-v8-coverage/-/collect-v8-coverage-1.0.2.tgz 12800ms attempt #2 (cache miss)
1641 timing reifyNode:node_modules/collect-v8-coverage Completed in 13517ms
1642 http fetch GET 200 https://registry.npmjs.org/confusing-browser-globals/-/confusing-browser-globals-1.0.11.tgz 12806ms attempt #2 (cache miss)
1643 timing reifyNode:node_modules/confusing-browser-globals Completed in 13518ms
1644 http fetch GET 200 https://registry.npmjs.org/color-convert/-/color-convert-2.0.1.tgz 12803ms attempt #2 (cache miss)
1645 timing reifyNode:node_modules/color-convert Completed in 13519ms
1646 timing reifyNode:node_modules/@babel/helper-validator-identifier Completed in 13520ms
1647 http fetch GET 200 https://registry.npmjs.org/@babel/plugin-syntax-class-properties/-/plugin-syntax-class-properties-7.12.13.tgz 12739ms attempt #2 (cache miss)
1648 timing reifyNode:node_modules/@babel/plugin-syntax-class-properties Completed in 13521ms
1649 http fetch GET 200 https://registry.npmjs.org/babel-jest/-/babel-jest-29.7.0.tgz 12804ms attempt #2 (cache miss)
1650 timing reifyNode:node_modules/babel-jest Completed in 13533ms
1651 http fetch GET 200 https://registry.npmjs.org/@babel/highlight/-/highlight-7.24.2.tgz 12740ms attempt #2 (cache miss)
1652 timing reifyNode:node_modules/@babel/highlight Completed in 13523ms
1653 http fetch GET 200 https://registry.npmjs.org/color-support/-/color-support-1.1.3.tgz 12822ms attempt #2 (cache miss)
1654 timing reifyNode:node_modules/color-support Completed in 13538ms
1655 http fetch GET 200 https://registry.npmjs.org/@types/graceful-fs/-/graceful-fs-4.1.9.tgz 12779ms attempt #2 (cache miss)
1656 timing reifyNode:node_modules/@types/graceful-fs Completed in 13531ms
1657 http fetch GET 200 https://registry.npmjs.org/@webassemblyjs/helper-api-error/-/helper-api-error-1.11.6.tgz 12788ms attempt #2 (cache miss)
1658 timing reifyNode:node_modules/@webassemblyjs/helper-api-error Completed in 13534ms
1659 http fetch GET 200 https://registry.npmjs.org/@types/json5/-/json5-0.0.29.tgz 12783ms attempt #2 (cache miss)
1660 timing reifyNode:node_modules/@types/json5 Completed in 13534ms
1661 http fetch GET 200 https://registry.npmjs.org/@types/ms/-/ms-0.7.34.tgz 12787ms attempt #2 (cache miss)
1662 timing reifyNode:node_modules/@types/ms Completed in 13536ms
1663 http fetch GET 200 https://registry.npmjs.org/@babel/plugin-syntax-object-rest-spread/-/plugin-syntax-object-rest-spread-7.8.3.tgz 12749ms attempt #2 (cache miss)
1664 timing reifyNode:node_modules/@babel/plugin-syntax-object-rest-spread Completed in 13530ms
1665 http fetch GET 200 https://registry.npmjs.org/@webassemblyjs/ieee754/-/ieee754-1.11.6.tgz 12794ms attempt #2 (cache miss)
1666 timing reifyNode:node_modules/@webassemblyjs/ieee754 Completed in 13540ms
1667 http fetch GET 200 https://registry.npmjs.org/cacheable-lookup/-/cacheable-lookup-6.1.0.tgz 12830ms attempt #2 (cache miss)
1668 timing reifyNode:node_modules/cacheable-lookup Completed in 13553ms
1669 http fetch GET 200 https://registry.npmjs.org/babel-preset-current-node-syntax/-/babel-preset-current-node-syntax-1.0.1.tgz 12825ms attempt #2 (cache miss)
1670 timing reifyNode:node_modules/babel-preset-current-node-syntax Completed in 13553ms
1671 http fetch GET 200 https://registry.npmjs.org/config-chain/-/config-chain-1.1.13.tgz 12843ms attempt #2 (cache miss)
1672 timing reifyNode:node_modules/config-chain Completed in 13558ms
1673 http fetch GET 200 https://registry.npmjs.org/create-jest/-/create-jest-29.7.0.tgz 12843ms attempt #2 (cache miss)
1674 http fetch GET 200 https://registry.npmjs.org/@types/istanbul-lib-report/-/istanbul-lib-report-3.0.3.tgz 12803ms attempt #2 (cache miss)
1675 timing reifyNode:node_modules/@types/istanbul-lib-report Completed in 13555ms
1676 http fetch GET 200 https://registry.npmjs.org/balanced-match/-/balanced-match-1.0.2.tgz 12835ms attempt #2 (cache miss)
1677 timing reifyNode:node_modules/balanced-match Completed in 13563ms
1678 http fetch GET 200 https://registry.npmjs.org/anymatch/-/anymatch-3.1.2.tgz 12838ms attempt #2 (cache miss)
1679 timing reifyNode:node_modules/anymatch Completed in 13574ms
1680 http fetch GET 200 https://registry.npmjs.org/atomic-sleep/-/atomic-sleep-1.0.0.tgz 12845ms attempt #2 (cache miss)
1681 timing reifyNode:node_modules/atomic-sleep Completed in 13576ms
1682 http fetch GET 200 https://registry.npmjs.org/@webpack-cli/info/-/info-2.0.2.tgz 12832ms attempt #2 (cache miss)
1683 timing reifyNode:node_modules/@webpack-cli/info Completed in 13576ms
1684 http fetch GET 200 https://registry.npmjs.org/@babel/plugin-syntax-logical-assignment-operators/-/plugin-syntax-logical-assignment-operators-7.10.4.tgz 12788ms attempt #2 (cache miss)
1685 timing reifyNode:node_modules/@babel/plugin-syntax-logical-assignment-operators Completed in 13569ms
1686 http fetch GET 200 https://registry.npmjs.org/@webpack-cli/configtest/-/configtest-2.1.1.tgz 12833ms attempt #2 (cache miss)
1687 timing reifyNode:node_modules/@webpack-cli/configtest Completed in 13578ms
1688 http fetch GET 200 https://registry.npmjs.org/@babel/plugin-syntax-optional-chaining/-/plugin-syntax-optional-chaining-7.8.3.tgz 12792ms attempt #2 (cache miss)
1689 timing reifyNode:node_modules/@babel/plugin-syntax-optional-chaining Completed in 13572ms
1690 http fetch GET 200 https://registry.npmjs.org/aproba/-/aproba-2.0.0.tgz 12847ms attempt #2 (cache miss)
1691 timing reifyNode:node_modules/aproba Completed in 13582ms
1692 http fetch GET 200 https://registry.npmjs.org/@webpack-cli/serve/-/serve-2.0.5.tgz 12839ms attempt #2 (cache miss)
1693 timing reifyNode:node_modules/@webpack-cli/serve Completed in 13582ms
1694 http fetch GET 200 https://registry.npmjs.org/@types/http-cache-semantics/-/http-cache-semantics-4.0.1.tgz 12829ms attempt #2 (cache miss)
1695 timing reifyNode:node_modules/@types/http-cache-semantics Completed in 13580ms
1696 http fetch GET 200 https://registry.npmjs.org/@npmcli/node-gyp/-/node-gyp-3.0.0.tgz 12817ms attempt #2 (cache miss)
1697 timing reifyNode:node_modules/@npmcli/node-gyp Completed in 13580ms
1698 http fetch GET 200 https://registry.npmjs.org/ansi-regex/-/ansi-regex-5.0.1.tgz 12850ms attempt #2 (cache miss)
1699 timing reifyNode:node_modules/ansi-regex Completed in 13586ms
1700 http fetch GET 200 https://registry.npmjs.org/@babel/plugin-syntax-top-level-await/-/plugin-syntax-top-level-await-7.14.5.tgz 12790ms attempt #2 (cache miss)
1701 timing reifyNode:node_modules/@babel/plugin-syntax-top-level-await Completed in 13580ms
1702 http fetch GET 200 https://registry.npmjs.org/@jest/globals/-/globals-29.7.0.tgz 12812ms attempt #2 (cache miss)
1703 timing reifyNode:node_modules/@jest/globals Completed in 13584ms
1704 http fetch GET 200 https://registry.npmjs.org/@babel/helper-plugin-utils/-/helper-plugin-utils-7.24.0.tgz 12801ms attempt #2 (cache miss)
1705 timing reifyNode:node_modules/@babel/helper-plugin-utils Completed in 13586ms
1706 http fetch GET 200 https://registry.npmjs.org/@webassemblyjs/helper-buffer/-/helper-buffer-1.12.1.tgz 12848ms attempt #2 (cache miss)
1707 timing reifyNode:node_modules/@webassemblyjs/helper-buffer Completed in 13595ms
1708 http fetch GET 200 https://registry.npmjs.org/@npmcli/move-file/-/move-file-2.0.1.tgz 12829ms attempt #2 (cache miss)
1709 warn deprecated @npmcli/move-file@2.0.1: This functionality has been moved to @npmcli/fs
1710 timing reifyNode:node_modules/@npmcli/move-file Completed in 13595ms
1711 http fetch GET 200 https://registry.npmjs.org/ansi-escapes/-/ansi-escapes-4.3.2.tgz 12865ms attempt #2 (cache miss)
1712 timing reifyNode:node_modules/ansi-escapes Completed in 13601ms
1713 http fetch GET 200 https://registry.npmjs.org/@webassemblyjs/wasm-opt/-/wasm-opt-1.12.1.tgz 12854ms attempt #2 (cache miss)
1714 timing reifyNode:node_modules/@webassemblyjs/wasm-opt Completed in 13602ms
1715 http fetch GET 200 https://registry.npmjs.org/aggregate-error/-/aggregate-error-3.1.0.tgz 12868ms attempt #2 (cache miss)
1716 timing reifyNode:node_modules/aggregate-error Completed in 13605ms
1717 http fetch GET 200 https://registry.npmjs.org/abbrev/-/abbrev-1.1.1.tgz 12869ms attempt #2 (cache miss)
1718 timing reifyNode:node_modules/abbrev Completed in 13607ms
1719 http fetch GET 200 https://registry.npmjs.org/@webassemblyjs/floating-point-hex-parser/-/floating-point-hex-parser-1.11.6.tgz 12861ms attempt #2 (cache miss)
1720 timing reifyNode:node_modules/@webassemblyjs/floating-point-hex-parser Completed in 13607ms
1721 http fetch GET 200 https://registry.npmjs.org/ansi-align/-/ansi-align-3.0.1.tgz 12875ms attempt #2 (cache miss)
1722 timing reifyNode:node_modules/ansi-align Completed in 13611ms
1723 http fetch GET 200 https://registry.npmjs.org/@webassemblyjs/helper-wasm-bytecode/-/helper-wasm-bytecode-1.11.6.tgz 12866ms attempt #2 (cache miss)
1724 timing reifyNode:node_modules/@webassemblyjs/helper-wasm-bytecode Completed in 13610ms
1725 http fetch GET 200 https://registry.npmjs.org/@types/eslint-scope/-/eslint-scope-3.7.4.tgz 12857ms attempt #2 (cache miss)
1726 timing reifyNode:node_modules/@types/eslint-scope Completed in 13609ms
1727 http fetch GET 200 https://registry.npmjs.org/archy/-/archy-1.0.0.tgz 12881ms attempt #2 (cache miss)
1728 timing reifyNode:node_modules/archy Completed in 13616ms
1729 http fetch GET 200 https://registry.npmjs.org/@jest/schemas/-/schemas-29.6.3.tgz 12840ms attempt #2 (cache miss)
1730 timing reifyNode:node_modules/@jest/schemas Completed in 13612ms
1731 http fetch GET 200 https://registry.npmjs.org/@babel/plugin-syntax-import-meta/-/plugin-syntax-import-meta-7.10.4.tgz 12840ms attempt #2 (cache miss)
1732 timing reifyNode:node_modules/@babel/plugin-syntax-import-meta Completed in 13623ms
1733 http fetch GET 200 https://registry.npmjs.org/strip-bom/-/strip-bom-3.0.0.tgz 12831ms attempt #2 (cache miss)
1734 timing reifyNode:node_modules/tsconfig-paths/node_modules/strip-bom Completed in 13682ms
1735 timing reifyNode:node_modules/create-jest Completed in 13654ms
1736 http fetch GET 200 https://registry.npmjs.org/base64-js/-/base64-js-1.5.1.tgz 12927ms attempt #2 (cache miss)
1737 timing reifyNode:node_modules/base64-js Completed in 13654ms
1738 http fetch GET 200 https://registry.npmjs.org/@tootallnate/once/-/once-2.0.0.tgz 12893ms attempt #2 (cache miss)
1739 http fetch GET 200 https://registry.npmjs.org/@babel/plugin-syntax-nullish-coalescing-operator/-/plugin-syntax-nullish-coalescing-operator-7.8.3.tgz 12865ms attempt #2 (cache miss)
1740 timing reifyNode:node_modules/@babel/plugin-syntax-nullish-coalescing-operator Completed in 13645ms
1741 http fetch GET 200 https://registry.npmjs.org/array-union/-/array-union-2.1.0.tgz 12923ms attempt #2 (cache miss)
1742 timing reifyNode:node_modules/array-union Completed in 13656ms
1743 http fetch GET 200 https://registry.npmjs.org/@jest/test-result/-/test-result-29.7.0.tgz 12878ms attempt #2 (cache miss)
1744 timing reifyNode:node_modules/@jest/test-result Completed in 13654ms
1745 http fetch GET 200 https://registry.npmjs.org/@istanbuljs/load-nyc-config/-/load-nyc-config-1.1.0.tgz 12885ms attempt #2 (cache miss)
1746 timing reifyNode:node_modules/@istanbuljs/load-nyc-config Completed in 13656ms
1747 http fetch GET 200 https://registry.npmjs.org/@webassemblyjs/wast-printer/-/wast-printer-1.12.1.tgz 12921ms attempt #2 (cache miss)
1748 timing reifyNode:node_modules/@webassemblyjs/wast-printer Completed in 13664ms
1749 http fetch GET 200 https://registry.npmjs.org/@types/keyv/-/keyv-3.1.4.tgz 12915ms attempt #2 (cache miss)
1750 timing reifyNode:node_modules/@types/keyv Completed in 13663ms
1751 http fetch GET 200 https://registry.npmjs.org/@fastify/flash/-/flash-5.1.0.tgz 12885ms attempt #2 (cache miss)
1752 http fetch GET 200 https://registry.npmjs.org/assert-never/-/assert-never-1.2.1.tgz 12939ms attempt #2 (cache miss)
1753 timing reifyNode:node_modules/assert-never Completed in 13668ms
1754 http fetch GET 200 https://registry.npmjs.org/@webassemblyjs/utf8/-/utf8-1.11.6.tgz 12924ms attempt #2 (cache miss)
1755 timing reifyNode:node_modules/@webassemblyjs/utf8 Completed in 13668ms
1756 http fetch GET 200 https://registry.npmjs.org/@babel/helper-environment-visitor/-/helper-environment-visitor-7.22.20.tgz 12870ms attempt #2 (cache miss)
1757 timing reifyNode:node_modules/@babel/helper-environment-visitor Completed in 13661ms
1758 http fetch GET 200 https://registry.npmjs.org/ansi-regex/-/ansi-regex-6.0.1.tgz 12869ms attempt #2 (cache miss)
1759 timing reifyNode:node_modules/widest-line/node_modules/ansi-regex Completed in 13720ms
1760 http fetch GET 200 https://registry.npmjs.org/@babel/helper-hoist-variables/-/helper-hoist-variables-7.22.5.tgz 12874ms attempt #2 (cache miss)
1761 timing reifyNode:node_modules/@babel/helper-hoist-variables Completed in 13662ms
1762 timing reifyNode:node_modules/@tootallnate/once Completed in 13679ms
1763 http fetch GET 200 https://registry.npmjs.org/@types/babel__template/-/babel__template-7.4.4.tgz 12922ms attempt #2 (cache miss)
1764 timing reifyNode:node_modules/@types/babel__template Completed in 13680ms
1765 http fetch GET 200 https://registry.npmjs.org/@xtuc/ieee754/-/ieee754-1.2.0.tgz 12941ms attempt #2 (cache miss)
1766 timing reifyNode:node_modules/@xtuc/ieee754 Completed in 13683ms
1767 http fetch GET 200 https://registry.npmjs.org/@jest/source-map/-/source-map-29.6.3.tgz 12913ms attempt #2 (cache miss)
1768 timing reifyNode:node_modules/@jest/source-map Completed in 13680ms
1769 http fetch GET 200 https://registry.npmjs.org/@szmarczak/http-timer/-/http-timer-5.0.1.tgz 12927ms attempt #2 (cache miss)
1770 timing reifyNode:node_modules/@szmarczak/http-timer Completed in 13683ms
1771 http fetch GET 200 https://registry.npmjs.org/@tufjs/canonical-json/-/canonical-json-1.0.0.tgz 12928ms attempt #2 (cache miss)
1772 timing reifyNode:node_modules/@tufjs/canonical-json Completed in 13685ms
1773 http fetch GET 200 https://registry.npmjs.org/@babel/plugin-syntax-numeric-separator/-/plugin-syntax-numeric-separator-7.10.4.tgz 12900ms attempt #2 (cache miss)
1774 timing reifyNode:node_modules/@babel/plugin-syntax-numeric-separator Completed in 13681ms
1775 http fetch GET 200 https://registry.npmjs.org/babel-plugin-jest-hoist/-/babel-plugin-jest-hoist-29.6.3.tgz 12962ms attempt #2 (cache miss)
1776 timing reifyNode:node_modules/babel-plugin-jest-hoist Completed in 13698ms
1777 http fetch GET 200 https://registry.npmjs.org/acorn-import-assertions/-/acorn-import-assertions-1.9.0.tgz 12954ms attempt #2 (cache miss)
1778 timing reifyNode:node_modules/acorn-import-assertions Completed in 13697ms
1779 http fetch GET 200 https://registry.npmjs.org/@types/json-schema/-/json-schema-7.0.11.tgz 12944ms attempt #2 (cache miss)
1780 timing reifyNode:node_modules/@types/json-schema Completed in 13695ms
1781 http fetch GET 200 https://registry.npmjs.org/@webassemblyjs/wasm-gen/-/wasm-gen-1.12.1.tgz 12956ms attempt #2 (cache miss)
1782 timing reifyNode:node_modules/@webassemblyjs/wasm-gen Completed in 13700ms
1783 http fetch GET 200 https://registry.npmjs.org/@jest/console/-/console-29.7.0.tgz 12925ms attempt #2 (cache miss)
1784 timing reifyNode:node_modules/@jest/console Completed in 13695ms
1785 http fetch GET 200 https://registry.npmjs.org/@eslint/js/-/js-9.1.1.tgz 12920ms attempt #2 (cache miss)
1786 timing reifyNode:node_modules/@eslint/js Completed in 13696ms
1787 http fetch GET 200 https://registry.npmjs.org/path-key/-/path-key-3.1.1.tgz 13159ms attempt #2 (cache miss)
1788 timing reifyNode:node_modules/path-key Completed in 13735ms
1789 http fetch GET 200 https://registry.npmjs.org/lru-cache/-/lru-cache-6.0.0.tgz 12893ms attempt #2 (cache miss)
1790 timing reifyNode:node_modules/sqlite3/node_modules/lru-cache Completed in 13747ms
1791 http fetch GET 200 https://registry.npmjs.org/acorn-jsx/-/acorn-jsx-5.3.2.tgz 12975ms attempt #2 (cache miss)
1792 timing reifyNode:node_modules/acorn-jsx Completed in 13712ms
1793 http fetch GET 200 https://registry.npmjs.org/@istanbuljs/schema/-/schema-0.1.3.tgz 12935ms attempt #2 (cache miss)
1794 timing reifyNode:node_modules/@istanbuljs/schema Completed in 13708ms
1795 timing reifyNode:node_modules/@fastify/flash Completed in 13710ms
1796 http fetch GET 200 https://registry.npmjs.org/@types/debug/-/debug-4.1.12.tgz 12962ms attempt #2 (cache miss)
1797 timing reifyNode:node_modules/@types/debug Completed in 13715ms
1798 http fetch GET 200 https://registry.npmjs.org/ansi-styles/-/ansi-styles-6.1.0.tgz 12916ms attempt #2 (cache miss)
1799 timing reifyNode:node_modules/wrap-ansi/node_modules/ansi-styles Completed in 13767ms
1800 http fetch GET 200 https://registry.npmjs.org/@types/yargs-parser/-/yargs-parser-21.0.3.tgz 12962ms attempt #2 (cache miss)
1801 timing reifyNode:node_modules/@types/yargs-parser Completed in 13718ms
1802 http fetch GET 200 https://registry.npmjs.org/@aashutoshrathi/word-wrap/-/word-wrap-1.2.6.tgz 12919ms attempt #2 (cache miss)
1803 timing reifyNode:node_modules/@aashutoshrathi/word-wrap Completed in 13711ms
1804 http fetch GET 200 https://registry.npmjs.org/@jest/environment/-/environment-29.7.0.tgz 12948ms attempt #2 (cache miss)
1805 timing reifyNode:node_modules/@jest/environment Completed in 13717ms
1806 http fetch GET 200 https://registry.npmjs.org/@webassemblyjs/wasm-edit/-/wasm-edit-1.12.1.tgz 12977ms attempt #2 (cache miss)
1807 timing reifyNode:node_modules/@webassemblyjs/wasm-edit Completed in 13724ms
1808 http fetch GET 200 https://registry.npmjs.org/wrap-ansi/-/wrap-ansi-7.0.0.tgz 12865ms attempt #2 (cache miss)
1809 timing reifyNode:node_modules/cliui/node_modules/wrap-ansi Completed in 13733ms
1810 http fetch GET 200 https://registry.npmjs.org/string-width/-/string-width-5.1.2.tgz 12926ms attempt #2 (cache miss)
1811 timing reifyNode:node_modules/wrap-ansi/node_modules/string-width Completed in 13778ms
1812 http fetch GET 200 https://registry.npmjs.org/@fastify/accept-negotiator/-/accept-negotiator-1.0.0.tgz 12948ms attempt #2 (cache miss)
1813 timing reifyNode:node_modules/@fastify/accept-negotiator Completed in 13722ms
1814 http fetch GET 200 https://registry.npmjs.org/ansi-regex/-/ansi-regex-6.0.1.tgz 12930ms attempt #2 (cache miss)
1815 timing reifyNode:node_modules/wrap-ansi/node_modules/ansi-regex Completed in 13779ms
1816 http fetch GET 200 https://registry.npmjs.org/chownr/-/chownr-1.1.4.tgz 12920ms attempt #2 (cache miss)
1817 timing reifyNode:node_modules/tar-fs/node_modules/chownr Completed in 13774ms
1818 http fetch GET 200 https://registry.npmjs.org/estraverse/-/estraverse-4.3.0.tgz 12927ms attempt #2 (cache miss)
1819 timing reifyNode:node_modules/webpack/node_modules/estraverse Completed in 13780ms
1820 http fetch GET 200 https://registry.npmjs.org/cliui/-/cliui-8.0.1.tgz 12997ms attempt #2 (cache miss)
1821 timing reifyNode:node_modules/cliui Completed in 13739ms
1822 http fetch GET 200 https://registry.npmjs.org/interpret/-/interpret-2.2.0.tgz 13101ms attempt #2 (cache miss)
1823 timing reifyNode:node_modules/interpret Completed in 13757ms
1824 http fetch GET 200 https://registry.npmjs.org/@jridgewell/set-array/-/set-array-1.2.1.tgz 12972ms attempt #2 (cache miss)
1825 timing reifyNode:node_modules/@jridgewell/set-array Completed in 13737ms
1826 http fetch GET 200 https://registry.npmjs.org/@humanwhocodes/object-schema/-/object-schema-2.0.3.tgz 12967ms attempt #2 (cache miss)
1827 timing reifyNode:node_modules/@humanwhocodes/object-schema Completed in 13738ms
1828 http fetch GET 200 https://registry.npmjs.org/@types/cacheable-request/-/cacheable-request-6.0.2.tgz 12988ms attempt #2 (cache miss)
1829 timing reifyNode:node_modules/@types/cacheable-request Completed in 13743ms
1830 http fetch GET 200 https://registry.npmjs.org/@babel/helper-split-export-declaration/-/helper-split-export-declaration-7.22.6.tgz 12946ms attempt #2 (cache miss)
1831 timing reifyNode:node_modules/@babel/helper-split-export-declaration Completed in 13737ms
1832 http fetch GET 200 https://registry.npmjs.org/supports-color/-/supports-color-8.1.1.tgz 12938ms attempt #2 (cache miss)
1833 timing reifyNode:node_modules/terser-webpack-plugin/node_modules/supports-color Completed in 13792ms
1834 http fetch GET 200 https://registry.npmjs.org/@types/babel__core/-/babel__core-7.20.5.tgz 12993ms attempt #2 (cache miss)
1835 timing reifyNode:node_modules/@types/babel__core Completed in 13747ms
1836 http fetch GET 200 https://registry.npmjs.org/boxen/-/boxen-7.0.0.tgz 13026ms attempt #2 (cache miss)
1837 timing reifyNode:node_modules/boxen Completed in 13755ms
1838 http fetch GET 200 https://registry.npmjs.org/@babel/plugin-syntax-typescript/-/plugin-syntax-typescript-7.24.1.tgz 12965ms attempt #2 (cache miss)
1839 timing reifyNode:node_modules/@babel/plugin-syntax-typescript Completed in 13745ms
1840 http fetch GET 200 https://registry.npmjs.org/@humanwhocodes/module-importer/-/module-importer-1.0.1.tgz 12976ms attempt #2 (cache miss)
1841 timing reifyNode:node_modules/@humanwhocodes/module-importer Completed in 13748ms
1842 http fetch GET 200 https://registry.npmjs.org/@rails/ujs/-/ujs-7.1.3-2.tgz 12998ms attempt #2 (cache miss)
1843 timing reifyNode:node_modules/@rails/ujs Completed in 13756ms
1844 http fetch GET 200 https://registry.npmjs.org/are-we-there-yet/-/are-we-there-yet-3.0.1.tgz 13027ms attempt #2 (cache miss)
1845 timing reifyNode:node_modules/are-we-there-yet Completed in 13761ms
1846 http fetch GET 200 https://registry.npmjs.org/@npmcli/installed-package-contents/-/installed-package-contents-2.0.2.tgz 12991ms attempt #2 (cache miss)
1847 timing reifyNode:node_modules/@npmcli/installed-package-contents Completed in 13757ms
1848 http fetch GET 200 https://registry.npmjs.org/browserslist/-/browserslist-4.23.0.tgz 13040ms attempt #2 (cache miss)
1849 timing reifyNode:node_modules/browserslist Completed in 13766ms
1850 http fetch GET 200 https://registry.npmjs.org/commander/-/commander-10.0.1.tgz 13054ms attempt #2 (cache miss)
1851 http fetch GET 200 https://registry.npmjs.org/asap/-/asap-2.0.6.tgz 13038ms attempt #2 (cache miss)
1852 timing reifyNode:node_modules/asap Completed in 13767ms
1853 http fetch GET 200 https://registry.npmjs.org/@jridgewell/sourcemap-codec/-/sourcemap-codec-1.4.15.tgz 12998ms attempt #2 (cache miss)
1854 timing reifyNode:node_modules/@jridgewell/sourcemap-codec Completed in 13762ms
1855 http fetch GET 200 https://registry.npmjs.org/agent-base/-/agent-base-6.0.2.tgz 13030ms attempt #2 (cache miss)
1856 timing reifyNode:node_modules/agent-base Completed in 13768ms
1857 http fetch GET 200 https://registry.npmjs.org/available-typed-arrays/-/available-typed-arrays-1.0.7.tgz 13041ms attempt #2 (cache miss)
1858 timing reifyNode:node_modules/available-typed-arrays Completed in 13770ms
1859 http fetch GET 200 https://registry.npmjs.org/detect-libc/-/detect-libc-2.0.3.tgz 13074ms attempt #2 (cache miss)
1860 timing reifyNode:node_modules/detect-libc Completed in 13776ms
1861 http fetch GET 200 https://registry.npmjs.org/@pnpm/npm-conf/-/npm-conf-1.0.5.tgz 13005ms attempt #2 (cache miss)
1862 timing reifyNode:node_modules/@pnpm/npm-conf Completed in 13766ms
1863 http fetch GET 200 https://registry.npmjs.org/kleur/-/kleur-4.1.5.tgz 12946ms attempt #2 (cache miss)
1864 timing reifyNode:node_modules/prompts-ncu/node_modules/kleur Completed in 13804ms
1865 http fetch GET 200 https://registry.npmjs.org/@types/stack-trace/-/stack-trace-0.0.29.tgz 13017ms attempt #2 (cache miss)
1866 timing reifyNode:node_modules/@types/stack-trace Completed in 13774ms
1867 http fetch GET 200 https://registry.npmjs.org/cookie/-/cookie-0.4.2.tgz 12977ms attempt #2 (cache miss)
1868 timing reifyNode:node_modules/youch/node_modules/cookie Completed in 13829ms
1869 http fetch GET 200 https://registry.npmjs.org/@babel/helper-function-name/-/helper-function-name-7.23.0.tgz 12978ms attempt #2 (cache miss)
1870 timing reifyNode:node_modules/@babel/helper-function-name Completed in 13770ms
1871 http fetch GET 200 https://registry.npmjs.org/graceful-fs/-/graceful-fs-4.2.11.tgz 12972ms attempt #2 (cache miss)
1872 timing reifyNode:node_modules/webpack/node_modules/graceful-fs Completed in 13829ms
1873 http fetch GET 200 https://registry.npmjs.org/@jest/expect-utils/-/expect-utils-29.7.0.tgz 13012ms attempt #2 (cache miss)
1874 timing reifyNode:node_modules/@jest/expect-utils Completed in 13780ms
1875 http fetch GET 200 https://registry.npmjs.org/arraybuffer.prototype.slice/-/arraybuffer.prototype.slice-1.0.3.tgz 13056ms attempt #2 (cache miss)
1876 timing reifyNode:node_modules/arraybuffer.prototype.slice Completed in 13788ms
1877 http fetch GET 200 https://registry.npmjs.org/@fastify/deepmerge/-/deepmerge-1.3.0.tgz 13006ms attempt #2 (cache miss)
1878 timing reifyNode:node_modules/@fastify/deepmerge Completed in 13781ms
1879 timing reifyNode:node_modules/commander Completed in 13797ms
1880 http fetch GET 200 https://registry.npmjs.org/@ungap/structured-clone/-/structured-clone-1.2.0.tgz 13044ms attempt #2 (cache miss)
1881 timing reifyNode:node_modules/@ungap/structured-clone Completed in 13792ms
1882 http fetch GET 200 https://registry.npmjs.org/bl/-/bl-4.1.0.tgz 13071ms attempt #2 (cache miss)
1883 timing reifyNode:node_modules/bl Completed in 13798ms
1884 http fetch GET 200 https://registry.npmjs.org/array.prototype.flatmap/-/array.prototype.flatmap-1.3.2.tgz 13064ms attempt #2 (cache miss)
1885 timing reifyNode:node_modules/array.prototype.flatmap Completed in 13797ms
1886 http fetch GET 200 https://registry.npmjs.org/@humanwhocodes/config-array/-/config-array-0.11.14.tgz 13018ms attempt #2 (cache miss)
1887 timing reifyNode:node_modules/@humanwhocodes/config-array Completed in 13790ms
1888 http fetch GET 200 https://registry.npmjs.org/ssri/-/ssri-8.0.1.tgz 12995ms attempt #2 (cache miss)
1889 timing reifyNode:node_modules/sqlite3/node_modules/ssri Completed in 13849ms
1890 http fetch GET 200 https://registry.npmjs.org/eslint-visitor-keys/-/eslint-visitor-keys-4.0.0.tgz 12952ms attempt #2 (cache miss)
1891 timing reifyNode:node_modules/espree/node_modules/eslint-visitor-keys Completed in 13821ms
1892 http fetch GET 200 https://registry.npmjs.org/@babel/code-frame/-/code-frame-7.24.2.tgz 13012ms attempt #2 (cache miss)
1893 timing reifyNode:node_modules/@babel/code-frame Completed in 13802ms
1894 http fetch GET 200 https://registry.npmjs.org/@types/yargs/-/yargs-17.0.32.tgz 13055ms attempt #2 (cache miss)
1895 timing reifyNode:node_modules/@types/yargs Completed in 13814ms
1896 http fetch GET 200 https://registry.npmjs.org/@jest/transform/-/transform-29.7.0.tgz 13044ms attempt #2 (cache miss)
1897 timing reifyNode:node_modules/@jest/transform Completed in 13810ms
1898 http fetch GET 200 https://registry.npmjs.org/agentkeepalive/-/agentkeepalive-4.2.1.tgz 13079ms attempt #2 (cache miss)
1899 timing reifyNode:node_modules/agentkeepalive Completed in 13819ms
1900 http fetch GET 200 https://registry.npmjs.org/@jridgewell/gen-mapping/-/gen-mapping-0.3.5.tgz 13052ms attempt #2 (cache miss)
1901 timing reifyNode:node_modules/@jridgewell/gen-mapping Completed in 13819ms
1902 http fetch GET 200 https://registry.npmjs.org/@sigstore/tuf/-/tuf-1.0.3.tgz 13060ms attempt #2 (cache miss)
1903 timing reifyNode:node_modules/@sigstore/tuf Completed in 13823ms
1904 http fetch GET 200 https://registry.npmjs.org/array-includes/-/array-includes-3.1.8.tgz 13098ms attempt #2 (cache miss)
1905 timing reifyNode:node_modules/array-includes Completed in 13832ms
1906 http fetch GET 200 https://registry.npmjs.org/@npmcli/fs/-/fs-3.1.0.tgz 13065ms attempt #2 (cache miss)
1907 timing reifyNode:node_modules/@npmcli/fs Completed in 13827ms
1908 http fetch GET 200 https://registry.npmjs.org/@sinonjs/fake-timers/-/fake-timers-10.3.0.tgz 13072ms attempt #2 (cache miss)
1909 timing reifyNode:node_modules/@sinonjs/fake-timers Completed in 13829ms
1910 http fetch GET 200 https://registry.npmjs.org/array.prototype.flat/-/array.prototype.flat-1.3.2.tgz 13102ms attempt #2 (cache miss)
1911 timing reifyNode:node_modules/array.prototype.flat Completed in 13835ms
1912 http fetch GET 200 https://registry.npmjs.org/@npmcli/git/-/git-4.1.0.tgz 13074ms attempt #2 (cache miss)
1913 timing reifyNode:node_modules/@npmcli/git Completed in 13837ms
1914 http fetch GET 200 https://registry.npmjs.org/@fastify/error/-/error-3.4.1.tgz 13055ms attempt #2 (cache miss)
1915 http fetch GET 200 https://registry.npmjs.org/commander/-/commander-2.20.3.tgz 13043ms attempt #2 (cache miss)
1916 timing reifyNode:node_modules/terser/node_modules/commander Completed in 13900ms
1917 http fetch GET 200 https://registry.npmjs.org/babel-walk/-/babel-walk-3.0.0-canary-5.tgz 13133ms attempt #2 (cache miss)
1918 timing reifyNode:node_modules/babel-walk Completed in 13862ms
1919 http fetch GET 200 https://registry.npmjs.org/@fastify/formbody/-/formbody-7.4.0.tgz 13087ms attempt #2 (cache miss)
1920 timing reifyNode:node_modules/@fastify/error Completed in 13862ms
1921 http fetch GET 200 https://registry.npmjs.org/emoji-regex/-/emoji-regex-9.2.2.tgz 13068ms attempt #2 (cache miss)
1922 http fetch GET 200 https://registry.npmjs.org/ajv-formats/-/ajv-formats-2.1.1.tgz 13138ms attempt #2 (cache miss)
1923 timing reifyNode:node_modules/ajv-formats Completed in 13876ms
1924 timing reifyNode:node_modules/@fastify/formbody Completed in 13869ms
1925 timing reifyNode:node_modules/widest-line/node_modules/emoji-regex Completed in 13926ms
1926 http fetch GET 200 https://registry.npmjs.org/glob/-/glob-7.2.3.tgz 13067ms attempt #2 (cache miss)
1927 timing reifyNode:node_modules/test-exclude/node_modules/glob Completed in 13925ms
1928 http fetch GET 200 https://registry.npmjs.org/source-map-support/-/source-map-support-0.5.21.tgz 13071ms attempt #2 (cache miss)
1929 timing reifyNode:node_modules/terser/node_modules/source-map-support Completed in 13925ms
1930 http fetch GET 200 https://registry.npmjs.org/@babel/compat-data/-/compat-data-7.24.4.tgz 13083ms attempt #2 (cache miss)
1931 timing reifyNode:node_modules/@babel/compat-data Completed in 13873ms
1932 http fetch GET 200 https://registry.npmjs.org/@webassemblyjs/wasm-parser/-/wasm-parser-1.12.1.tgz 13149ms attempt #2 (cache miss)
1933 timing reifyNode:node_modules/@webassemblyjs/wasm-parser Completed in 13897ms
1934 http fetch GET 200 https://registry.npmjs.org/emoji-regex/-/emoji-regex-9.2.2.tgz 13108ms attempt #2 (cache miss)
1935 timing reifyNode:node_modules/wrap-ansi/node_modules/emoji-regex Completed in 13960ms
1936 http fetch GET 200 https://registry.npmjs.org/@babel/helper-module-imports/-/helper-module-imports-7.24.3.tgz 13116ms attempt #2 (cache miss)
1937 timing reifyNode:node_modules/@babel/helper-module-imports Completed in 13904ms
1938 http fetch GET 200 https://registry.npmjs.org/json5/-/json5-1.0.2.tgz 13110ms attempt #2 (cache miss)
1939 timing reifyNode:node_modules/tsconfig-paths/node_modules/json5 Completed in 13961ms
1940 http fetch GET 200 https://registry.npmjs.org/@sindresorhus/is/-/is-5.3.0.tgz 13156ms attempt #2 (cache miss)
1941 timing reifyNode:node_modules/@sindresorhus/is Completed in 13913ms
1942 http fetch GET 200 https://registry.npmjs.org/abort-controller/-/abort-controller-3.0.0.tgz 13181ms attempt #2 (cache miss)
1943 timing reifyNode:node_modules/abort-controller Completed in 13921ms
1944 http fetch GET 200 https://registry.npmjs.org/debug/-/debug-3.2.7.tgz 13059ms attempt #2 (cache miss)
1945 timing reifyNode:node_modules/eslint-module-utils/node_modules/debug Completed in 13932ms
1946 http fetch GET 200 https://registry.npmjs.org/chalk/-/chalk-5.0.1.tgz 13118ms attempt #2 (cache miss)
1947 timing reifyNode:node_modules/update-notifier/node_modules/chalk Completed in 13973ms
1948 http fetch GET 200 https://registry.npmjs.org/@babel/helper-compilation-targets/-/helper-compilation-targets-7.23.6.tgz 13129ms attempt #2 (cache miss)
1949 timing reifyNode:node_modules/@babel/helper-compilation-targets Completed in 13918ms
1950 http fetch GET 200 https://registry.npmjs.org/@colors/colors/-/colors-1.5.0.tgz 13142ms attempt #2 (cache miss)
1951 timing reifyNode:node_modules/@colors/colors Completed in 13922ms
1952 http fetch GET 200 https://registry.npmjs.org/@fastify/sensible/-/sensible-5.5.0.tgz 13149ms attempt #2 (cache miss)
1953 http fetch GET 200 https://registry.npmjs.org/@babel/template/-/template-7.24.0.tgz 13146ms attempt #2 (cache miss)
1954 timing reifyNode:node_modules/@babel/template Completed in 13925ms
1955 http fetch GET 200 https://registry.npmjs.org/@one-ini/wasm/-/wasm-0.1.1.tgz 13164ms attempt #2 (cache miss)
1956 timing reifyNode:node_modules/@one-ini/wasm Completed in 13936ms
1957 http fetch GET 200 https://registry.npmjs.org/espree/-/espree-10.0.1.tgz 13264ms attempt #2 (cache miss)
1958 timing reifyNode:node_modules/espree Completed in 13954ms
1959 http fetch GET 200 https://registry.npmjs.org/argparse/-/argparse-2.0.1.tgz 13165ms attempt #2 (cache miss)
1960 timing reifyNode:node_modules/argparse Completed in 13947ms
1961 timing reifyNode:node_modules/@fastify/sensible Completed in 13942ms
1962 http fetch GET 200 https://registry.npmjs.org/cacache/-/cacache-17.1.4.tgz 13232ms attempt #2 (cache miss)
1963 timing reifyNode:node_modules/cacache Completed in 13955ms
1964 http fetch GET 200 https://registry.npmjs.org/@jridgewell/source-map/-/source-map-0.3.6.tgz 13183ms attempt #2 (cache miss)
1965 timing reifyNode:node_modules/@jridgewell/source-map Completed in 13949ms
1966 http fetch GET 200 https://registry.npmjs.org/@discoveryjs/json-ext/-/json-ext-0.5.7.tgz 13168ms attempt #2 (cache miss)
1967 timing reifyNode:node_modules/@discoveryjs/json-ext Completed in 13946ms
1968 http fetch GET 200 https://registry.npmjs.org/@xtuc/long/-/long-4.2.2.tgz 13212ms attempt #2 (cache miss)
1969 timing reifyNode:node_modules/@xtuc/long Completed in 13954ms
1970 http fetch GET 200 https://registry.npmjs.org/@fastify/ajv-compiler/-/ajv-compiler-3.5.0.tgz 13158ms attempt #2 (cache miss)
1971 http fetch GET 200 https://registry.npmjs.org/@pkgjs/parseargs/-/parseargs-0.11.0.tgz 13190ms attempt #2 (cache miss)
1972 timing reifyNode:node_modules/@pkgjs/parseargs Completed in 13952ms
1973 timing reifyNode:node_modules/@fastify/ajv-compiler Completed in 13955ms
1974 http fetch GET 200 https://registry.npmjs.org/ajv-keywords/-/ajv-keywords-3.5.2.tgz 13238ms attempt #2 (cache miss)
1975 timing reifyNode:node_modules/ajv-keywords Completed in 13977ms
1976 http fetch GET 200 https://registry.npmjs.org/schema-utils/-/schema-utils-3.3.0.tgz 13173ms attempt #2 (cache miss)
1977 timing reifyNode:node_modules/terser-webpack-plugin/node_modules/schema-utils Completed in 14027ms
1978 http fetch GET 200 https://registry.npmjs.org/@jridgewell/trace-mapping/-/trace-mapping-0.3.25.tgz 13214ms attempt #2 (cache miss)
1979 timing reifyNode:node_modules/@jridgewell/trace-mapping Completed in 13982ms
1980 http fetch GET 200 https://registry.npmjs.org/@fastify/secure-session/-/secure-session-7.5.1.tgz 13208ms attempt #2 (cache miss)
1981 http fetch GET 200 https://registry.npmjs.org/jest-worker/-/jest-worker-27.5.1.tgz 13182ms attempt #2 (cache miss)
1982 http fetch GET 200 https://registry.npmjs.org/@babel/helper-module-transforms/-/helper-module-transforms-7.23.3.tgz 13197ms attempt #2 (cache miss)
1983 timing reifyNode:node_modules/@babel/helper-module-transforms Completed in 13986ms
1984 http fetch GET 200 https://registry.npmjs.org/schema-utils/-/schema-utils-3.3.0.tgz 13191ms attempt #2 (cache miss)
1985 timing reifyNode:node_modules/webpack/node_modules/schema-utils Completed in 14043ms
1986 timing reifyNode:node_modules/@fastify/secure-session Completed in 13990ms
1987 timing reifyNode:node_modules/terser-webpack-plugin/node_modules/jest-worker Completed in 14045ms
1988 http fetch GET 200 https://registry.npmjs.org/@eslint-community/eslint-utils/-/eslint-utils-4.4.0.tgz 13232ms attempt #2 (cache miss)
1989 timing reifyNode:node_modules/@eslint-community/eslint-utils Completed in 14010ms
1990 http fetch GET 200 https://registry.npmjs.org/@jest/reporters/-/reporters-29.7.0.tgz 13253ms attempt #2 (cache miss)
1991 timing reifyNode:node_modules/@jest/reporters Completed in 14020ms
1992 http fetch GET 200 https://registry.npmjs.org/@eslint-community/regexpp/-/regexpp-4.10.0.tgz 13243ms attempt #2 (cache miss)
1993 timing reifyNode:node_modules/@eslint-community/regexpp Completed in 14021ms
1994 http fetch GET 200 https://registry.npmjs.org/@fastify/merge-json-schemas/-/merge-json-schemas-0.1.1.tgz 13260ms attempt #2 (cache miss)
1995 timing reifyNode:node_modules/@fastify/merge-json-schemas Completed in 14033ms
1996 http fetch GET 200 https://registry.npmjs.org/@sinonjs/commons/-/commons-3.0.1.tgz 13284ms attempt #2 (cache miss)
1997 timing reifyNode:node_modules/@sinonjs/commons Completed in 14049ms
1998 http fetch GET 200 https://registry.npmjs.org/@sigstore/protobuf-specs/-/protobuf-specs-0.2.1.tgz 13314ms attempt #2 (cache miss)
1999 timing reifyNode:node_modules/@sigstore/protobuf-specs Completed in 14075ms
2000 http fetch GET 200 https://registry.npmjs.org/acorn/-/acorn-8.11.3.tgz 13351ms attempt #2 (cache miss)
2001 timing reifyNode:node_modules/acorn Completed in 14090ms
2002 http fetch GET 200 https://registry.npmjs.org/@webassemblyjs/ast/-/ast-1.12.1.tgz 13350ms attempt #2 (cache miss)
2003 timing reifyNode:node_modules/@webassemblyjs/ast Completed in 14097ms
2004 http fetch GET 200 https://registry.npmjs.org/avvio/-/avvio-8.3.0.tgz 13402ms attempt #2 (cache miss)
2005 timing reifyNode:node_modules/avvio Completed in 14139ms
2006 http fetch GET 200 https://registry.npmjs.org/@sinclair/typebox/-/typebox-0.27.8.tgz 13386ms attempt #2 (cache miss)
2007 timing reifyNode:node_modules/@sinclair/typebox Completed in 14143ms
2008 http fetch GET 200 https://registry.npmjs.org/@bcoe/v8-coverage/-/v8-coverage-0.2.3.tgz 13377ms attempt #2 (cache miss)
2009 http fetch GET 200 https://registry.npmjs.org/@babel/generator/-/generator-7.24.4.tgz 13367ms attempt #2 (cache miss)
2010 timing reifyNode:node_modules/@babel/generator Completed in 14160ms
2011 timing reifyNode:node_modules/@bcoe/v8-coverage Completed in 14164ms
2012 http fetch GET 200 https://registry.npmjs.org/@sigstore/sign/-/sign-1.0.0.tgz 13414ms attempt #2 (cache miss)
2013 timing reifyNode:node_modules/@sigstore/sign Completed in 14177ms
2014 http fetch GET 200 https://registry.npmjs.org/@eslint/eslintrc/-/eslintrc-2.1.4.tgz 13326ms attempt #2 (cache miss)
2015 timing reifyNode:node_modules/eslint/node_modules/@eslint/eslintrc Completed in 14195ms
2016 http fetch GET 200 https://registry.npmjs.org/@eslint/eslintrc/-/eslintrc-3.0.2.tgz 13411ms attempt #2 (cache miss)
2017 timing reifyNode:node_modules/@eslint/eslintrc Completed in 14187ms
2018 http fetch GET 200 https://registry.npmjs.org/@babel/helpers/-/helpers-7.24.4.tgz 13406ms attempt #2 (cache miss)
2019 timing reifyNode:node_modules/@babel/helpers Completed in 14196ms
2020 http fetch GET 200 https://registry.npmjs.org/@babel/parser/-/parser-7.24.4.tgz 13413ms attempt #2 (cache miss)
2021 http fetch GET 200 https://registry.npmjs.org/bluebird/-/bluebird-3.7.2.tgz 13484ms attempt #2 (cache miss)
2022 timing reifyNode:node_modules/bluebird Completed in 14209ms
2023 timing reifyNode:node_modules/@babel/parser Completed in 14199ms
2024 http fetch GET 200 https://registry.npmjs.org/@types/validator/-/validator-13.11.9.tgz 13554ms attempt #2 (cache miss)
2025 timing reifyNode:node_modules/@types/validator Completed in 14313ms
2026 http fetch GET 200 https://registry.npmjs.org/ajv/-/ajv-6.12.6.tgz 13580ms attempt #2 (cache miss)
2027 timing reifyNode:node_modules/ajv Completed in 14318ms
2028 http fetch GET 200 https://registry.npmjs.org/@types/node/-/node-20.12.7.tgz 13605ms attempt #2 (cache miss)
2029 timing reifyNode:node_modules/@types/node Completed in 14357ms
2030 http fetch GET 200 https://registry.npmjs.org/@babel/core/-/core-7.24.4.tgz 13617ms attempt #2 (cache miss)
2031 timing reifyNode:node_modules/@babel/core Completed in 14415ms
2032 http fetch GET 200 https://registry.npmjs.org/@babel/runtime/-/runtime-7.24.4.tgz 13643ms attempt #2 (cache miss)
2033 timing reifyNode:node_modules/@babel/runtime Completed in 14423ms
2034 http fetch GET 200 https://registry.npmjs.org/@vscode/sqlite3/-/sqlite3-5.1.2.tgz 13704ms attempt #2 (cache miss)
2035 timing reifyNode:node_modules/@vscode/sqlite3 Completed in 14455ms
2036 http fetch GET 200 https://registry.npmjs.org/node-gyp/-/node-gyp-8.4.1.tgz 13691ms attempt #2 (cache miss)
2037 timing reifyNode:node_modules/sqlite3/node_modules/node-gyp Completed in 14545ms
2038 http fetch GET 200 https://registry.npmjs.org/@babel/types/-/types-7.24.0.tgz 13769ms attempt #2 (cache miss)
2039 timing reifyNode:node_modules/@babel/types Completed in 14549ms
2040 http fetch GET 200 https://registry.npmjs.org/@popperjs/core/-/core-2.11.8.tgz 13802ms attempt #2 (cache miss)
2041 timing reifyNode:node_modules/@popperjs/core Completed in 14564ms
2042 http fetch GET 200 https://registry.npmjs.org/better-sqlite3/-/better-sqlite3-8.7.0.tgz 13912ms attempt #2 (cache miss)
2043 timing reifyNode:node_modules/better-sqlite3 Completed in 14641ms
2044 http fetch GET 200 https://registry.npmjs.org/bootstrap/-/bootstrap-5.3.3.tgz 13991ms attempt #2 (cache miss)
2045 timing reifyNode:node_modules/bootstrap Completed in 14718ms
2046 http fetch GET 200 https://registry.npmjs.org/caniuse-lite/-/caniuse-lite-1.0.30001612.tgz 14051ms attempt #2 (cache miss)
2047 timing reifyNode:node_modules/caniuse-lite Completed in 14776ms
2048 timing metavuln:packument:@babel/helpers Completed in 71812ms
2049 timing metavuln:load:security-advisory:@babel/helpers:1104001 Completed in 1ms
2050 timing metavuln:packument:@babel/runtime Completed in 71813ms
2051 timing metavuln:load:security-advisory:@babel/runtime:1104000 Completed in 0ms
2052 timing metavuln:packument:ajv Completed in 71814ms
2053 timing metavuln:load:security-advisory:ajv:1113714 Completed in 0ms
2054 timing metavuln:load:security-advisory:ajv:1113715 Completed in 0ms
2055 timing metavuln:packument:js-yaml Completed in 71813ms
2056 timing metavuln:load:security-advisory:js-yaml:1112714 Completed in 0ms
2057 timing metavuln:load:security-advisory:js-yaml:1112715 Completed in 0ms
2058 timing metavuln:packument:glob Completed in 71814ms
2059 timing metavuln:load:security-advisory:glob:1109842 Completed in 0ms
2060 timing metavuln:packument:@tootallnate/once Completed in 71814ms
2061 timing metavuln:load:security-advisory:@tootallnate/once:1113977 Completed in 0ms
2062 timing metavuln:packument:brace-expansion Completed in 71813ms
2063 timing metavuln:load:security-advisory:brace-expansion:1105443 Completed in 0ms
2064 timing metavuln:load:security-advisory:brace-expansion:1105444 Completed in 0ms
2065 timing metavuln:load:security-advisory:brace-expansion:1115540 Completed in 0ms
2066 timing metavuln:load:security-advisory:brace-expansion:1115541 Completed in 0ms
2067 timing metavuln:packument:minimatch Completed in 71814ms
2068 timing metavuln:load:security-advisory:minimatch:1113459 Completed in 0ms
2069 timing metavuln:load:security-advisory:minimatch:1113461 Completed in 0ms
2070 timing metavuln:load:security-advisory:minimatch:1113465 Completed in 0ms
2071 timing metavuln:load:security-advisory:minimatch:1113538 Completed in 0ms
2072 timing metavuln:load:security-advisory:minimatch:1113540 Completed in 1ms
2073 timing metavuln:load:security-advisory:minimatch:1113544 Completed in 0ms
2074 timing metavuln:load:security-advisory:minimatch:1113546 Completed in 0ms
2075 timing metavuln:load:security-advisory:minimatch:1113548 Completed in 0ms
2076 timing metavuln:load:security-advisory:minimatch:1113552 Completed in 0ms
2077 timing metavuln:packument:braces Completed in 71814ms
2078 timing metavuln:load:security-advisory:braces:1098094 Completed in 0ms
2079 timing metavuln:packument:cookie Completed in 71815ms
2080 timing metavuln:load:security-advisory:cookie:1103907 Completed in 0ms
2081 timing metavuln:packument:cross-spawn Completed in 71815ms
2082 timing metavuln:load:security-advisory:cross-spawn:1104664 Completed in 0ms
2083 timing metavuln:packument:dottie Completed in 71815ms
2084 timing metavuln:load:security-advisory:dottie:1113536 Completed in 0ms
2085 timing metavuln:packument:fastify Completed in 71814ms
2086 timing metavuln:load:security-advisory:fastify:1112876 Completed in 0ms
2087 timing metavuln:load:security-advisory:fastify:1112877 Completed in 0ms
2088 timing metavuln:load:security-advisory:fastify:1115367 Completed in 0ms
2089 timing metavuln:packument:find-my-way Completed in 71815ms
2090 timing metavuln:load:security-advisory:find-my-way:1099853 Completed in 0ms
2091 timing metavuln:packument:flatted Completed in 71812ms
2092 timing metavuln:load:security-advisory:flatted:1114526 Completed in 0ms
2093 timing metavuln:load:security-advisory:flatted:1115357 Completed in 0ms
2094 timing metavuln:packument:ip Completed in 71813ms
2095 timing metavuln:load:security-advisory:ip:1101851 Completed in 0ms
2096 timing metavuln:load:security-advisory:ip:1114832 Completed in 0ms
2097 timing metavuln:packument:lodash Completed in 71812ms
2098 timing metavuln:load:security-advisory:lodash:1112455 Completed in 0ms
2099 timing metavuln:packument:markdown-it Completed in 71812ms
2100 timing metavuln:load:security-advisory:markdown-it:1113190 Completed in 0ms
2101 timing metavuln:packument:micromatch Completed in 71813ms
2102 timing metavuln:load:security-advisory:micromatch:1098681 Completed in 0ms
2103 timing metavuln:packument:nanoid Completed in 71812ms
2104 timing metavuln:load:security-advisory:nanoid:1109563 Completed in 0ms
2105 timing metavuln:packument:path-to-regexp Completed in 71812ms
2106 timing metavuln:load:security-advisory:path-to-regexp:1101846 Completed in 0ms
2107 timing metavuln:packument:picomatch Completed in 71812ms
2108 timing metavuln:load:security-advisory:picomatch:1115549 Completed in 0ms
2109 timing metavuln:load:security-advisory:picomatch:1115552 Completed in 0ms
2110 timing metavuln:packument:pug Completed in 71813ms
2111 timing metavuln:load:security-advisory:pug:1104111 Completed in 0ms
2112 timing metavuln:packument:pug-code-gen Completed in 71850ms
2113 timing metavuln:load:security-advisory:pug-code-gen:1104107 Completed in 0ms
2114 verbose reify failed optional dependency /root/node_modules/nopt
2115 silly reify mark deleted [ '/root/node_modules/nopt', '/root/node_modules/.bin/nopt' ]
2116 verbose reify failed optional dependency /root/node_modules/sqlite3/node_modules/node-gyp
2117 silly reify mark deleted [
2117 silly reify   '/root/node_modules/sqlite3/node_modules/node-gyp',
2117 silly reify   '/root/node_modules/sqlite3/node_modules/.bin/node-gyp'
2117 silly reify ]
2118 verbose reify failed optional dependency /root/node_modules/sqlite3/node_modules/glob
2119 silly reify mark deleted [ '/root/node_modules/sqlite3/node_modules/glob' ]
2120 verbose reify failed optional dependency /root/node_modules/sqlite3/node_modules/make-fetch-happen
2121 silly reify mark deleted [ '/root/node_modules/sqlite3/node_modules/make-fetch-happen' ]
2122 verbose reify failed optional dependency /root/node_modules/sqlite3/node_modules/cacache
2123 silly reify mark deleted [ '/root/node_modules/sqlite3/node_modules/cacache' ]
2124 verbose reify failed optional dependency /root/node_modules/sqlite3/node_modules/http-proxy-agent
2125 silly reify mark deleted [ '/root/node_modules/sqlite3/node_modules/http-proxy-agent' ]
2126 verbose reify failed optional dependency /root/node_modules/sqlite3/node_modules/lru-cache
2127 silly reify mark deleted [ '/root/node_modules/sqlite3/node_modules/lru-cache' ]
2128 verbose reify failed optional dependency /root/node_modules/sqlite3/node_modules/minipass-fetch
2129 silly reify mark deleted [ '/root/node_modules/sqlite3/node_modules/minipass-fetch' ]
2130 verbose reify failed optional dependency /root/node_modules/sqlite3/node_modules/socks-proxy-agent
2131 silly reify mark deleted [ '/root/node_modules/sqlite3/node_modules/socks-proxy-agent' ]
2132 verbose reify failed optional dependency /root/node_modules/sqlite3/node_modules/ssri
2133 silly reify mark deleted [ '/root/node_modules/sqlite3/node_modules/ssri' ]
2134 verbose reify failed optional dependency /root/node_modules/sqlite3/node_modules/@npmcli/fs
2135 silly reify mark deleted [ '/root/node_modules/sqlite3/node_modules/@npmcli/fs' ]
2136 verbose reify failed optional dependency /root/node_modules/sqlite3/node_modules/@npmcli/move-file
2137 silly reify mark deleted [ '/root/node_modules/sqlite3/node_modules/@npmcli/move-file' ]
2138 verbose reify failed optional dependency /root/node_modules/unique-filename
2139 silly reify mark deleted [ '/root/node_modules/unique-filename' ]
2140 verbose reify failed optional dependency /root/node_modules/sqlite3/node_modules/@tootallnate/once
2141 silly reify mark deleted [ '/root/node_modules/sqlite3/node_modules/@tootallnate/once' ]
2142 verbose reify failed optional dependency /root/node_modules/unique-slug
2143 silly reify mark deleted [ '/root/node_modules/unique-slug' ]
2144 timing reifyNode:node_modules/nopt Completed in 73048ms
2145 verbose reify failed optional dependency /root/node_modules/encoding
2146 silly reify mark deleted [ '/root/node_modules/encoding' ]
2147 verbose reify failed optional dependency /root/node_modules/iconv-lite
2148 silly reify mark deleted [ '/root/node_modules/iconv-lite' ]
2149 verbose reify failed optional dependency /root/node_modules/safer-buffer
2150 silly reify mark deleted [ '/root/node_modules/safer-buffer' ]
2151 timing reifyNode:node_modules/encoding Completed in 73035ms
2152 verbose reify failed optional dependency /root/node_modules/sqlite3/node_modules/@tootallnate/once
2153 silly reify mark deleted [ '/root/node_modules/sqlite3/node_modules/@tootallnate/once' ]
2154 verbose reify failed optional dependency /root/node_modules/sqlite3/node_modules/http-proxy-agent
2155 silly reify mark deleted [ '/root/node_modules/sqlite3/node_modules/http-proxy-agent' ]
2156 verbose reify failed optional dependency /root/node_modules/sqlite3/node_modules/make-fetch-happen
2157 silly reify mark deleted [ '/root/node_modules/sqlite3/node_modules/make-fetch-happen' ]
2158 verbose reify failed optional dependency /root/node_modules/sqlite3/node_modules/node-gyp
2159 silly reify mark deleted [
2159 silly reify   '/root/node_modules/sqlite3/node_modules/node-gyp',
2159 silly reify   '/root/node_modules/sqlite3/node_modules/.bin/node-gyp'
2159 silly reify ]
2160 verbose reify failed optional dependency /root/node_modules/sqlite3/node_modules/cacache
2161 silly reify mark deleted [ '/root/node_modules/sqlite3/node_modules/cacache' ]
2162 verbose reify failed optional dependency /root/node_modules/sqlite3/node_modules/lru-cache
2163 silly reify mark deleted [ '/root/node_modules/sqlite3/node_modules/lru-cache' ]
2164 verbose reify failed optional dependency /root/node_modules/sqlite3/node_modules/minipass-fetch
2165 silly reify mark deleted [ '/root/node_modules/sqlite3/node_modules/minipass-fetch' ]
2166 verbose reify failed optional dependency /root/node_modules/sqlite3/node_modules/socks-proxy-agent
2167 silly reify mark deleted [ '/root/node_modules/sqlite3/node_modules/socks-proxy-agent' ]
2168 verbose reify failed optional dependency /root/node_modules/sqlite3/node_modules/ssri
2169 silly reify mark deleted [ '/root/node_modules/sqlite3/node_modules/ssri' ]
2170 verbose reify failed optional dependency /root/node_modules/sqlite3/node_modules/glob
2171 silly reify mark deleted [ '/root/node_modules/sqlite3/node_modules/glob' ]
2172 verbose reify failed optional dependency /root/node_modules/nopt
2173 silly reify mark deleted [ '/root/node_modules/nopt', '/root/node_modules/.bin/nopt' ]
2174 verbose reify failed optional dependency /root/node_modules/sqlite3/node_modules/@npmcli/fs
2175 silly reify mark deleted [ '/root/node_modules/sqlite3/node_modules/@npmcli/fs' ]
2176 verbose reify failed optional dependency /root/node_modules/sqlite3/node_modules/@npmcli/move-file
2177 silly reify mark deleted [ '/root/node_modules/sqlite3/node_modules/@npmcli/move-file' ]
2178 verbose reify failed optional dependency /root/node_modules/unique-filename
2179 silly reify mark deleted [ '/root/node_modules/unique-filename' ]
2180 verbose reify failed optional dependency /root/node_modules/unique-slug
2181 silly reify mark deleted [ '/root/node_modules/unique-slug' ]
2182 timing reifyNode:node_modules/sqlite3/node_modules/@tootallnate/once Completed in 73071ms
2183 verbose reify failed optional dependency /root/node_modules/pg-cloudflare
2184 silly reify mark deleted [ '/root/node_modules/pg-cloudflare' ]
2185 timing reifyNode:node_modules/pg-cloudflare Completed in 73067ms
2186 verbose reify failed optional dependency /root/node_modules/sqlite3/node_modules/make-fetch-happen
2187 silly reify mark deleted [ '/root/node_modules/sqlite3/node_modules/make-fetch-happen' ]
2188 verbose reify failed optional dependency /root/node_modules/sqlite3/node_modules/node-gyp
2189 silly reify mark deleted [
2189 silly reify   '/root/node_modules/sqlite3/node_modules/node-gyp',
2189 silly reify   '/root/node_modules/sqlite3/node_modules/.bin/node-gyp'
2189 silly reify ]
2190 verbose reify failed optional dependency /root/node_modules/sqlite3/node_modules/cacache
2191 silly reify mark deleted [ '/root/node_modules/sqlite3/node_modules/cacache' ]
2192 verbose reify failed optional dependency /root/node_modules/sqlite3/node_modules/http-proxy-agent
2193 silly reify mark deleted [ '/root/node_modules/sqlite3/node_modules/http-proxy-agent' ]
2194 verbose reify failed optional dependency /root/node_modules/sqlite3/node_modules/lru-cache
2195 silly reify mark deleted [ '/root/node_modules/sqlite3/node_modules/lru-cache' ]
2196 verbose reify failed optional dependency /root/node_modules/sqlite3/node_modules/minipass-fetch
2197 silly reify mark deleted [ '/root/node_modules/sqlite3/node_modules/minipass-fetch' ]
2198 verbose reify failed optional dependency /root/node_modules/sqlite3/node_modules/socks-proxy-agent
2199 silly reify mark deleted [ '/root/node_modules/sqlite3/node_modules/socks-proxy-agent' ]
2200 verbose reify failed optional dependency /root/node_modules/sqlite3/node_modules/ssri
2201 silly reify mark deleted [ '/root/node_modules/sqlite3/node_modules/ssri' ]
2202 verbose reify failed optional dependency /root/node_modules/sqlite3/node_modules/glob
2203 silly reify mark deleted [ '/root/node_modules/sqlite3/node_modules/glob' ]
2204 verbose reify failed optional dependency /root/node_modules/nopt
2205 silly reify mark deleted [ '/root/node_modules/nopt', '/root/node_modules/.bin/nopt' ]
2206 verbose reify failed optional dependency /root/node_modules/sqlite3/node_modules/@npmcli/fs
2207 silly reify mark deleted [ '/root/node_modules/sqlite3/node_modules/@npmcli/fs' ]
2208 verbose reify failed optional dependency /root/node_modules/sqlite3/node_modules/@npmcli/move-file
2209 silly reify mark deleted [ '/root/node_modules/sqlite3/node_modules/@npmcli/move-file' ]
2210 verbose reify failed optional dependency /root/node_modules/unique-filename
2211 silly reify mark deleted [ '/root/node_modules/unique-filename' ]
2212 verbose reify failed optional dependency /root/node_modules/sqlite3/node_modules/@tootallnate/once
2213 silly reify mark deleted [ '/root/node_modules/sqlite3/node_modules/@tootallnate/once' ]
2214 verbose reify failed optional dependency /root/node_modules/unique-slug
2215 silly reify mark deleted [ '/root/node_modules/unique-slug' ]
2216 timing reifyNode:node_modules/sqlite3/node_modules/make-fetch-happen Completed in 73092ms
2217 verbose reify failed optional dependency /root/node_modules/sqlite3/node_modules/minipass-fetch
2218 silly reify mark deleted [ '/root/node_modules/sqlite3/node_modules/minipass-fetch' ]
2219 verbose reify failed optional dependency /root/node_modules/sqlite3/node_modules/make-fetch-happen
2220 silly reify mark deleted [ '/root/node_modules/sqlite3/node_modules/make-fetch-happen' ]
2221 verbose reify failed optional dependency /root/node_modules/sqlite3/node_modules/node-gyp
2222 silly reify mark deleted [
2222 silly reify   '/root/node_modules/sqlite3/node_modules/node-gyp',
2222 silly reify   '/root/node_modules/sqlite3/node_modules/.bin/node-gyp'
2222 silly reify ]
2223 verbose reify failed optional dependency /root/node_modules/sqlite3/node_modules/cacache
2224 silly reify mark deleted [ '/root/node_modules/sqlite3/node_modules/cacache' ]
2225 verbose reify failed optional dependency /root/node_modules/sqlite3/node_modules/http-proxy-agent
2226 silly reify mark deleted [ '/root/node_modules/sqlite3/node_modules/http-proxy-agent' ]
2227 verbose reify failed optional dependency /root/node_modules/sqlite3/node_modules/lru-cache
2228 silly reify mark deleted [ '/root/node_modules/sqlite3/node_modules/lru-cache' ]
2229 verbose reify failed optional dependency /root/node_modules/sqlite3/node_modules/socks-proxy-agent
2230 silly reify mark deleted [ '/root/node_modules/sqlite3/node_modules/socks-proxy-agent' ]
2231 verbose reify failed optional dependency /root/node_modules/sqlite3/node_modules/ssri
2232 silly reify mark deleted [ '/root/node_modules/sqlite3/node_modules/ssri' ]
2233 verbose reify failed optional dependency /root/node_modules/sqlite3/node_modules/glob
2234 silly reify mark deleted [ '/root/node_modules/sqlite3/node_modules/glob' ]
2235 verbose reify failed optional dependency /root/node_modules/nopt
2236 silly reify mark deleted [ '/root/node_modules/nopt', '/root/node_modules/.bin/nopt' ]
2237 verbose reify failed optional dependency /root/node_modules/sqlite3/node_modules/@npmcli/fs
2238 silly reify mark deleted [ '/root/node_modules/sqlite3/node_modules/@npmcli/fs' ]
2239 verbose reify failed optional dependency /root/node_modules/sqlite3/node_modules/@npmcli/move-file
2240 silly reify mark deleted [ '/root/node_modules/sqlite3/node_modules/@npmcli/move-file' ]
2241 verbose reify failed optional dependency /root/node_modules/unique-filename
2242 silly reify mark deleted [ '/root/node_modules/unique-filename' ]
2243 verbose reify failed optional dependency /root/node_modules/sqlite3/node_modules/@tootallnate/once
2244 silly reify mark deleted [ '/root/node_modules/sqlite3/node_modules/@tootallnate/once' ]
2245 verbose reify failed optional dependency /root/node_modules/unique-slug
2246 silly reify mark deleted [ '/root/node_modules/unique-slug' ]
2247 timing reifyNode:node_modules/sqlite3/node_modules/minipass-fetch Completed in 73097ms
2248 http fetch GET 200 https://registry.npmjs.org/escape-string-regexp/-/escape-string-regexp-2.0.0.tgz 72416ms attempt #3 (cache miss)
2249 timing reifyNode:node_modules/stack-utils/node_modules/escape-string-regexp Completed in 73276ms
2250 http fetch GET 200 https://registry.npmjs.org/bindings/-/bindings-1.5.0.tgz 72522ms attempt #3 (cache miss)
2251 timing reifyNode:node_modules/bindings Completed in 73249ms
2252 http fetch GET 200 https://registry.npmjs.org/binary-extensions/-/binary-extensions-2.2.0.tgz 72523ms attempt #3 (cache miss)
2253 timing reifyNode:node_modules/binary-extensions Completed in 73250ms
2254 http fetch GET 200 https://registry.npmjs.org/@npmcli/move-file/-/move-file-1.1.2.tgz 72437ms attempt #3 (cache miss)
2255 timing reifyNode:node_modules/sqlite3/node_modules/@npmcli/move-file Completed in 73293ms
2256 timing metavuln:cache:put:security-advisory:ajv:u4HOZ0QFYFTDLqnZ5TPSC8VEvP+HMuGcZACJuTqG8bm/gunrgkQwsiiH2pbF9tNIl45RK0sW2ccPzEojb1k0xQ== Completed in 288ms
2257 timing metavuln:calculate:security-advisory:ajv:1113714 Completed in 72103ms
2258 timing metavuln:cache:put:security-advisory:brace-expansion:kIHgu1L8zIy7pY0wp6wYzUm7tst3xTM2tiSYrstcGK/XsO7o4p6zyuUSjq93oH1dvU2tbEvlSW+gaNbGIbeudw== Completed in 288ms
2259 timing metavuln:calculate:security-advisory:brace-expansion:1115540 Completed in 72102ms
2260 timing metavuln:cache:put:security-advisory:glob:NTB2XjbDOgk4lkd8PZ3tUAm1F3E/ohGF6rl9/3LEO7Z0FDzSR5nWwzd3nUENA3NCNdyeR+35DOC12wPml2IV+g== Completed in 289ms
2261 timing metavuln:calculate:security-advisory:glob:1109842 Completed in 72103ms
2262 timing metavuln:cache:put:security-advisory:js-yaml:621IdjBdZEeVoUcjWGl1jXN0jFDGaf7dIQMeaPVKf5MxqYprJztiOC0OHOUPVoayh7Cq/fTC8L5CqEb98qlE7w== Completed in 291ms
2263 timing metavuln:calculate:security-advisory:js-yaml:1112715 Completed in 72104ms
2264 timing metavuln:cache:put:security-advisory:brace-expansion:7IQMvcVTr+svbh5KCx4Kl6FQKJ1GciM03BnJAve/5WYJjUeRzKAIrStVpfachbl3T6a7o8nYlQEVG6Ih0TNXRg== Completed in 290ms
2265 timing metavuln:calculate:security-advisory:brace-expansion:1105443 Completed in 72104ms
2266 timing metavuln:cache:put:security-advisory:brace-expansion:ZHzAtnciS42HIMtUGajCifTIrkCUkWb93u/V1lJEt9HzdJ+ypMofn/dKgSOaziPQj+WGAcGS7t7WdPUHJBz0LA== Completed in 290ms
2267 timing metavuln:calculate:security-advisory:brace-expansion:1115541 Completed in 72104ms
2268 timing metavuln:cache:put:security-advisory:cookie:EFt7h/FZLeopARa06+F2CBY5ItUm007mP/cHgZjTJZX1MeIwg3JD7toSioRoDeE8wm5VdkimqlS+CnuPhZqbIg== Completed in 288ms
2269 timing metavuln:calculate:security-advisory:cookie:1103907 Completed in 72103ms
2270 timing metavuln:cache:put:security-advisory:minimatch:tJ9Z2VGWqiQfLaVKxc9K/6Rz1g70Mpl3An4UK+K1lyHdz27vYPzhMIkC4jRGAN2wpssY+8l13Ql259B6zkaX/Q== Completed in 290ms
2271 timing metavuln:calculate:security-advisory:minimatch:1113544 Completed in 72105ms
2272 timing metavuln:cache:put:security-advisory:dottie:0ACVlgh2XixrZ76V6Aw4AGmXe/vScI8AGIUQKFGZaYZxp4MyNabKSDBfLcT9XlERSFeHYQ9hiMRtZaHo1b3mTw== Completed in 289ms
2273 timing metavuln:calculate:security-advisory:dottie:1113536 Completed in 72104ms
2274 timing metavuln:cache:put:security-advisory:fastify:vrddC5kD1iC6bjQC2yMAnNLy1/+VmRDX3Vr+8eGmbbd/ikD6VgNiIpwTn2TMS3TAzr8ZR+5OeLpu/4I5U8QBKA== Completed in 288ms
2275 timing metavuln:calculate:security-advisory:fastify:1115367 Completed in 72103ms
2276 timing metavuln:cache:put:security-advisory:fastify:5OdrwYv5Xzq+rI3bchsuaHIz85Yyo5gTdhOrQGf2Em7pRhXXR2ur0R7W7qQ6UpWsSxuRBW8Fdp57dyqUhR5/yw== Completed in 289ms
2277 timing metavuln:calculate:security-advisory:fastify:1112876 Completed in 72103ms
2278 timing metavuln:cache:put:security-advisory:flatted:oa7V2KnuHnLCPcrXFvcQLRAa1NASGJm9yZ+B92xpfwxan7PZyVrZjYAHt6LB51PFfA2mM8KGE+VHR+U5X/2uZw== Completed in 288ms
2279 timing metavuln:calculate:security-advisory:flatted:1114526 Completed in 72100ms
2280 timing metavuln:cache:put:security-advisory:ajv:URErmxoyazZWR5lFcXpgTkGsbkrUBDlzD8W6txjBw2wZoOC7oHjHFfCrRr/VnGeJvbyUY9E2jxrL8p2XbwfP8g== Completed in 293ms
2281 timing metavuln:calculate:security-advisory:ajv:1113715 Completed in 72107ms
2282 timing metavuln:cache:put:security-advisory:markdown-it:745Vt4mrHCdT8gFHVh7oHROmP4aH4fErXXhbpeVBhtIHmsxTVI7P3rJSdfXZ1iZTBS6GEnTERL4OWUfc4Co9jQ== Completed in 287ms
2283 timing metavuln:calculate:security-advisory:markdown-it:1113190 Completed in 72099ms
2284 timing metavuln:cache:put:security-advisory:braces:JiXBFkEDkUnBQLw3PO6emUmmm2JXqgEbh+FhB3SNDS8k6Z0wM20irrfaOjjxYuMxZaKaDudvR037mtEoeqZzXw== Completed in 290ms
2285 timing metavuln:calculate:security-advisory:braces:1098094 Completed in 72104ms
2286 timing metavuln:cache:put:security-advisory:minimatch:/utMkAt3a6jSPsaWIJ1J7tAb7G+ccGxNsymbhFTVWOMIyhRZOJ9QR0zn1SNtejrdUO5fsO4RDJKDMI6C5/bkuw== Completed in 291ms
2287 timing metavuln:calculate:security-advisory:minimatch:1113461 Completed in 72105ms
2288 timing metavuln:cache:put:security-advisory:ip:kueZWtHx2OlOfcgg7jCuzsMg1G+hSWSz46I4qS9A9YkI1yyLIkm6qmb9EAp6afwx9qKW96Z5AKmkLgtElUvJrg== Completed in 288ms
2289 timing metavuln:calculate:security-advisory:ip:1114832 Completed in 72100ms
2290 timing metavuln:cache:put:security-advisory:cross-spawn:PBcc/5P1UEO/1Ba/jUNR65wOzs1wU0Y+m+OOSfB57dG5EajzjbqRMRm0l7MWqcJgHDYM5GoZ36Hm7qAYFlIH3A== Completed in 290ms
2291 timing metavuln:calculate:security-advisory:cross-spawn:1104664 Completed in 72105ms
2292 timing metavuln:cache:put:security-advisory:@babel/helpers:+NsF1flAI8VENgJn0XVIWaC4lCe3b89AZgBOx219qXn/BdXH1EWl/yD49aHbhQimIG4kna8zgkunsmpiAVwNPQ== Completed in 295ms
2293 timing metavuln:calculate:security-advisory:@babel/helpers:1104001 Completed in 72109ms
2294 timing metavuln:cache:put:security-advisory:@babel/runtime:xDaNmlS3J8LRk7IfDb7e9Gp3gcy/xDr1QZXCKC997SMkqKVemm2guY9vQpRI6omD11L5cfCI+STpoAdxUgnVsA== Completed in 294ms
2295 timing metavuln:calculate:security-advisory:@babel/runtime:1104000 Completed in 72108ms
2296 timing metavuln:cache:put:security-advisory:flatted:uMG/3R828PE31LVzr7SnM2pFAXessH3XoRtonZYiGJtZfR5a//VWhmdMxy/RepstCydCDFxkci7fqEuzEvhnAA== Completed in 289ms
2297 timing metavuln:calculate:security-advisory:flatted:1115357 Completed in 72101ms
2298 timing metavuln:cache:put:security-advisory:find-my-way:ncPGiupWBmuLy3osYbi6NeA3zAkV0H2ETbz204QySGfjGMvhOUrckXpvAqjVyzsYU9NNJZrPHuMSulTPi+/bfw== Completed in 289ms
2299 timing metavuln:calculate:security-advisory:find-my-way:1099853 Completed in 72104ms
2300 timing metavuln:cache:put:security-advisory:nanoid:SvMVdtEUVO5ESues2DL9aEFMy6oMG+saOn/tNitKJcx7q7CvMfC5ZcstpC8dbnZl5KL/q/3pYBvQrAPBFsC+nQ== Completed in 287ms
2301 timing metavuln:calculate:security-advisory:nanoid:1109563 Completed in 72099ms
2302 timing metavuln:cache:put:security-advisory:ip:FcMhhitnipE8n5zCPiVRq2NLRNmu7UZkoO9lrM5CRC/emGwY5wSoa1+q1Q1Z8SPpfXO9tzox/MNRv7luhyJvqg== Completed in 288ms
2303 timing metavuln:calculate:security-advisory:ip:1101851 Completed in 72101ms
2304 timing metavuln:cache:put:security-advisory:picomatch:H8EHkZXRRUdil3DyUl8tc8lCQUliQzjc5H5D4llqFojH152sBqO1suz3XiNiRQT++wJdWkgXe/zFc/Bbrrz6ng== Completed in 286ms
2305 timing metavuln:calculate:security-advisory:picomatch:1115552 Completed in 72099ms
2306 timing metavuln:cache:put:security-advisory:picomatch:GSQ5ghUF1JWDKMssoydWDVRebjlPePRwktLhrdWzXCq5xeBXdo4Cm9HGHnH2b6P1Nq93YjwPmimVjAx6kge32A== Completed in 288ms
2307 timing metavuln:calculate:security-advisory:picomatch:1115549 Completed in 72100ms
2308 http fetch GET 200 https://registry.npmjs.org/wrap-ansi/-/wrap-ansi-7.0.0.tgz 72445ms attempt #3 (cache miss)
2309 timing reifyNode:node_modules/sequelize-cli/node_modules/wrap-ansi Completed in 73301ms
2310 timing metavuln:cache:put:security-advisory:pug-code-gen:jYtA+ua4XfswkuObBtnwWn2fYvQUK4ca+Iv1+bqgs4mXRLiX4zUdwwNSawL0T4CvKtEq8q6TFgvFydQ8OKg+/Q== Completed in 254ms
2311 timing metavuln:calculate:security-advisory:pug-code-gen:1104107 Completed in 72104ms
2312 timing metavuln:cache:put:security-advisory:minimatch:IBqefxF0lKwSFXzwGHp5L8khqSaPYY99x0GHtXNH4YxtdIexeL4FFPzrnnBvkhgmGDEWHo3XAgpPYGyM1jidQQ== Completed in 301ms
2313 timing metavuln:calculate:security-advisory:minimatch:1113552 Completed in 72116ms
2314 timing metavuln:cache:put:security-advisory:js-yaml:MQ5RokLIvrWmT8/NQU0dD+jQ+6pFslHlaXx1Z5q7mESITohR8AwLT525ddIc2KvKZYbB1p5yclW3kV4xeRYXEg== Completed in 305ms
2315 timing metavuln:calculate:security-advisory:js-yaml:1112714 Completed in 72119ms
2316 timing metavuln:cache:put:security-advisory:fastify:Mu3bbsgGIQMzQU+JUqKbxbOdmJ9sahc+8jmwkzzm3/7BqYYzReNvhjLjZ9XT5ElUjr+2gUCz/6X6tV16iM+obQ== Completed in 300ms
2317 timing metavuln:calculate:security-advisory:fastify:1112877 Completed in 72115ms
2318 timing metavuln:cache:put:security-advisory:minimatch:B00WbbnnDNaFGA7l9BgrTioYpRMzU4+U8SUF8cn65LwArJAK0O380QwyP/UyxPr7i9XUjX9/AADC41/edu9OrA== Completed in 303ms
2319 timing metavuln:calculate:security-advisory:minimatch:1113465 Completed in 72117ms
2320 timing metavuln:cache:put:security-advisory:@tootallnate/once:Bij+qufwr7God+MYI0JIFJYEDFT3IlGllIhDaMb6DB6UZOYpGBBfXc1Jq59Wdg/M2NdGRUO2+zYnIEZHW42YDw== Completed in 304ms
2321 timing metavuln:calculate:security-advisory:@tootallnate/once:1113977 Completed in 72118ms
2322 timing metavuln:cache:put:security-advisory:minimatch:tdaAHfWGUw/nl/W8ALWVH+LvG2E3gvo3P2FI/fVPxm3aZteLxWMOEuk/9iDk5O0/cZN/GRXnabt/mW/bfUoL/g== Completed in 302ms
2323 timing metavuln:calculate:security-advisory:minimatch:1113546 Completed in 72117ms
2324 timing metavuln:cache:put:security-advisory:brace-expansion:mClmYqWawCNXseeTBHWiIwZH/2CmFUqPCmosJIeOhAgD9z1v3SayhHAwaWVo8wmeKU/JN9VP4zDBeXaqy3Ay2A== Completed in 304ms
2325 timing metavuln:calculate:security-advisory:brace-expansion:1105444 Completed in 72117ms
2326 timing metavuln:cache:put:security-advisory:path-to-regexp:TmkHz1g6xKc2pnDD1h6+ZDKMikxz0M1BBY/wyR9ER8446AKOUk6gXjoSR2douZ5enAllzNSKaynTW1H+LBi1CA== Completed in 298ms
2327 timing metavuln:calculate:security-advisory:path-to-regexp:1101846 Completed in 72111ms
2328 timing metavuln:cache:put:security-advisory:minimatch:V/3cIcyAQcG1bwuH0e0PI9Qt5WRtbvb/WOz2mBxAfNzXf+Dvs9G1X05eHjnPq2b0TJY4zXXpqhCAkRAipgk3iQ== Completed in 304ms
2329 timing metavuln:calculate:security-advisory:minimatch:1113459 Completed in 72118ms
2330 timing metavuln:cache:put:security-advisory:minimatch:kx7kRjUmjSYmgQBpfsU82Na4xORZqvqpRRSlOyPLadasPBl0YfFJCjIETC00BG7Gd2omQLizgz8/GnnE/hk+Jw== Completed in 304ms
2331 timing metavuln:calculate:security-advisory:minimatch:1113538 Completed in 72118ms
2332 timing metavuln:cache:put:security-advisory:lodash:OGNA5lR8rR8aeucWHqvJLBV5oaroI/lF2JfG9J2l63dx9uiGUyHuI4ymC6nv+dqWwxtqCIMcqBukiWYEiF5/RQ== Completed in 300ms
2333 timing metavuln:calculate:security-advisory:lodash:1112455 Completed in 72112ms
2334 timing metavuln:cache:put:security-advisory:pug:q1QCNIb5doZm6I3eRGcu7TI0K8fyc7dAf2McLW9B8u9n+aVFF2mdYrDZecswkGEqvp/OYAJdtseKaRANUQq8pQ== Completed in 298ms
2335 timing metavuln:calculate:security-advisory:pug:1104111 Completed in 72111ms
2336 http fetch GET 200 https://registry.npmjs.org/socks-proxy-agent/-/socks-proxy-agent-6.2.1.tgz 72458ms attempt #3 (cache miss)
2337 timing reifyNode:node_modules/sqlite3/node_modules/socks-proxy-agent Completed in 73316ms
2338 http fetch GET 200 https://registry.npmjs.org/tar-fs 72111ms attempt #3 (cache miss)
2339 timing metavuln:packument:tar-fs Completed in 72112ms
2340 timing metavuln:load:security-advisory:tar-fs:1109532 Completed in 2ms
2341 timing metavuln:load:security-advisory:tar-fs:1109543 Completed in 1ms
2342 timing metavuln:load:security-advisory:tar-fs:1109552 Completed in 1ms
2343 http fetch GET 200 https://registry.npmjs.org/http-proxy-agent/-/http-proxy-agent-4.0.1.tgz 72477ms attempt #3 (cache miss)
2344 timing reifyNode:node_modules/sqlite3/node_modules/http-proxy-agent Completed in 73332ms
2345 timing metavuln:cache:put:security-advisory:minimatch:txOieOIAfgHfBPiN09+pYAjPLRzgUOz3D3illtf9vTzeqs41QJZjfj5jVXCi/3ICpBX0YlJi/ghdWSjCJwNtwA== Completed in 324ms
2346 timing metavuln:calculate:security-advisory:minimatch:1113540 Completed in 72139ms
2347 timing metavuln:cache:put:security-advisory:minimatch:d1vHbFmApmPZ8D7tU5wibuYDk+ODEPdqBqmhQYykwFs/yMixetMkwY01zYVdWNOsg0NvkvSTlNgJ2ddzclruSA== Completed in 343ms
2348 timing metavuln:calculate:security-advisory:minimatch:1113548 Completed in 72158ms
2349 timing metavuln:cache:put:security-advisory:micromatch:TlYHmS8BZBwkbsPHbTfH2/e91KJnOnqfC63ZoKdiRy+yt6biPd8BwjBdyfPUht1+ZO675I3Gg00RQPYaWiOm8Q== Completed in 340ms
2350 timing metavuln:calculate:security-advisory:micromatch:1098681 Completed in 72153ms
2351 http fetch GET 200 https://registry.npmjs.org/locate-path/-/locate-path-3.0.0.tgz 72505ms attempt #3 (cache miss)
2352 timing reifyNode:node_modules/pkg-up/node_modules/locate-path Completed in 73362ms
2353 http fetch GET 200 https://registry.npmjs.org/path-exists/-/path-exists-3.0.0.tgz 72508ms attempt #3 (cache miss)
2354 timing reifyNode:node_modules/pkg-up/node_modules/path-exists Completed in 73363ms
2355 http fetch GET 200 https://registry.npmjs.org/locate-path/-/locate-path-5.0.0.tgz 72513ms attempt #3 (cache miss)
2356 timing reifyNode:node_modules/pkg-dir/node_modules/locate-path Completed in 73370ms
2357 http fetch GET 200 https://registry.npmjs.org/strip-json-comments/-/strip-json-comments-2.0.1.tgz 72514ms attempt #3 (cache miss)
2358 timing reifyNode:node_modules/rc/node_modules/strip-json-comments Completed in 73373ms
2359 http fetch GET 200 https://registry.npmjs.org/p-limit/-/p-limit-2.3.0.tgz 72525ms attempt #3 (cache miss)
2360 timing reifyNode:node_modules/pkg-up/node_modules/p-limit Completed in 73380ms
2361 http fetch GET 200 https://registry.npmjs.org/p-locate/-/p-locate-4.1.0.tgz 72523ms attempt #3 (cache miss)
2362 timing reifyNode:node_modules/pkg-dir/node_modules/p-locate Completed in 73380ms
2363 http fetch GET 200 https://registry.npmjs.org/json-schema-traverse/-/json-schema-traverse-1.0.0.tgz 72532ms attempt #3 (cache miss)
2364 http fetch GET 200 https://registry.npmjs.org/lru-cache/-/lru-cache-6.0.0.tgz 72541ms attempt #3 (cache miss)
2365 timing reifyNode:node_modules/semver/node_modules/lru-cache Completed in 73399ms
2366 http fetch GET 200 https://registry.npmjs.org/split2/-/split2-4.2.0.tgz 72535ms attempt #3 (cache miss)
2367 timing reifyNode:node_modules/pino-abstract-transport/node_modules/split2 Completed in 73393ms
2368 http fetch GET 200 https://registry.npmjs.org/json-parse-even-better-errors/-/json-parse-even-better-errors-3.0.1.tgz 72542ms attempt #3 (cache miss)
2369 timing reifyNode:node_modules/read-package-json-fast/node_modules/json-parse-even-better-errors Completed in 73398ms
2370 http fetch GET 200 https://registry.npmjs.org/p-locate/-/p-locate-3.0.0.tgz 72563ms attempt #3 (cache miss)
2371 timing reifyNode:node_modules/pkg-up/node_modules/p-locate Completed in 73418ms
2372 http fetch GET 200 https://registry.npmjs.org/ansi-styles/-/ansi-styles-5.2.0.tgz 72561ms attempt #3 (cache miss)
2373 timing reifyNode:node_modules/pretty-format/node_modules/ansi-styles Completed in 73420ms
2374 timing reifyNode:node_modules/schema-utils/node_modules/json-schema-traverse Completed in 73425ms
2375 http fetch GET 200 https://registry.npmjs.org/serialize-javascript 72235ms attempt #3 (cache miss)
2376 timing metavuln:packument:serialize-javascript Completed in 72236ms
2377 timing metavuln:load:security-advisory:serialize-javascript:1113686 Completed in 1ms
2378 timing metavuln:load:security-advisory:serialize-javascript:1115519 Completed in 0ms
2379 http fetch GET 200 https://registry.npmjs.org/json-parse-even-better-errors/-/json-parse-even-better-errors-3.0.1.tgz 72614ms attempt #3 (cache miss)
2380 timing reifyNode:node_modules/read-package-json/node_modules/json-parse-even-better-errors Completed in 73471ms
2381 http fetch GET 200 https://registry.npmjs.org/dotenv/-/dotenv-16.4.5.tgz 72816ms attempt #3 (cache miss)
2382 timing reifyNode:node_modules/dotenv Completed in 73777ms
2383 timing metavuln:cache:put:security-advisory:tar-fs:cvuUIK3mvYU/u7TShVqDjuuoWy7Jgl2iyysqZzndeGLLwvbCDiePQ/rot9wwSNqpYc8yRaszF/7dU1Uelp1dUw== Completed in 564ms
2384 timing metavuln:calculate:security-advisory:tar-fs:1109532 Completed in 72679ms
2385 http fetch GET 200 https://registry.npmjs.org/p-limit/-/p-limit-2.3.0.tgz 73047ms attempt #3 (cache miss)
2386 timing reifyNode:node_modules/@istanbuljs/load-nyc-config/node_modules/p-limit Completed in 73918ms
2387 timing metavuln:cache:put:security-advisory:tar-fs:Ix/Js08sk80rCM814qr/o6ab9zjh7+H8VVJui+xRbBltVjhzX21eodMzpIt77aC2gIFcrK8EEBkOSiDgsanD1w== Completed in 645ms
2388 timing metavuln:calculate:security-advisory:tar-fs:1109543 Completed in 72759ms
2389 timing metavuln:cache:put:security-advisory:tar-fs:1dRVXY1/KAgNRzluJejkcnnY74RNVCtUBdSLW4DLR6KPpPmll6CDT96fyxIYOX7Nsq4AChUF8ivPlQmppqQqYw== Completed in 644ms
2390 timing metavuln:calculate:security-advisory:tar-fs:1109552 Completed in 72759ms
2391 http fetch GET 200 https://registry.npmjs.org/es-shim-unscopables/-/es-shim-unscopables-1.0.2.tgz 73238ms attempt #3 (cache miss)
2392 timing reifyNode:node_modules/es-shim-unscopables Completed in 73934ms
2393 http fetch GET 200 https://registry.npmjs.org/eslint-scope/-/eslint-scope-7.2.2.tgz 73267ms attempt #3 (cache miss)
2394 http fetch GET 200 https://registry.npmjs.org/err-code/-/err-code-2.0.3.tgz 73264ms attempt #3 (cache miss)
2395 timing reifyNode:node_modules/err-code Completed in 73962ms
2396 http fetch GET 200 https://registry.npmjs.org/jest-leak-detector/-/jest-leak-detector-29.7.0.tgz 73320ms attempt #3 (cache miss)
2397 timing reifyNode:node_modules/jest-leak-detector Completed in 73976ms
2398 http fetch GET 200 https://registry.npmjs.org/eslint-import-resolver-node/-/eslint-import-resolver-node-0.3.9.tgz 73268ms attempt #3 (cache miss)
2399 timing reifyNode:node_modules/eslint-import-resolver-node Completed in 73984ms
2400 http fetch GET 200 https://registry.npmjs.org/imurmurhash/-/imurmurhash-0.1.4.tgz 73334ms attempt #3 (cache miss)
2401 timing reifyNode:node_modules/imurmurhash Completed in 73993ms
2402 http fetch GET 200 https://registry.npmjs.org/env-paths/-/env-paths-2.2.1.tgz 73281ms attempt #3 (cache miss)
2403 timing reifyNode:node_modules/env-paths Completed in 73984ms
2404 http fetch GET 200 https://registry.npmjs.org/is-path-inside/-/is-path-inside-3.0.3.tgz 73350ms attempt #3 (cache miss)
2405 timing reifyNode:node_modules/is-path-inside Completed in 73998ms
2406 http fetch GET 200 https://registry.npmjs.org/is-glob/-/is-glob-4.0.3.tgz 73348ms attempt #3 (cache miss)
2407 timing reifyNode:node_modules/is-glob Completed in 73998ms
2408 http fetch GET 200 https://registry.npmjs.org/cookie-signature/-/cookie-signature-1.2.1.tgz 73297ms attempt #3 (cache miss)
2409 timing reifyNode:node_modules/cookie-signature Completed in 74012ms
2410 timing reifyNode:node_modules/eslint-scope Completed in 74047ms
2411 http fetch GET 200 https://registry.npmjs.org/cssesc/-/cssesc-3.0.0.tgz 73334ms attempt #3 (cache miss)
2412 timing reifyNode:node_modules/cssesc Completed in 74044ms
2413 http fetch GET 200 https://registry.npmjs.org/get-stream/-/get-stream-5.2.0.tgz 73174ms attempt #3 (cache miss)
2414 timing reifyNode:node_modules/cacheable-request/node_modules/get-stream Completed in 74042ms
2415 http fetch GET 200 https://registry.npmjs.org/glob/-/glob-7.2.3.tgz 73243ms attempt #3 (cache miss)
2416 timing reifyNode:node_modules/rimraf/node_modules/glob Completed in 74100ms
2417 timing metavuln:cache:put:security-advisory:serialize-javascript:VNhzhjSQJJPSfVWQUXMpEy6hsW23faurQllLlGbSJ7QrUHjncb9PKDTQYw8APRVBzMug+7YJc5EWXV6SYvPIiw== Completed in 724ms
2418 timing metavuln:calculate:security-advisory:serialize-javascript:1113686 Completed in 72961ms
2419 timing metavuln:cache:put:security-advisory:serialize-javascript:YrpAzJikcaEK6U7y11zmmRITGnSTqoXdMRbxLiMf/nPn9B5sJrSY0SS0JQJpCtWZWBD1YeLrOPjFv5fBwOa8Rw== Completed in 725ms
2420 timing metavuln:calculate:security-advisory:serialize-javascript:1115519 Completed in 72961ms
2421 http fetch GET 200 https://registry.npmjs.org/forwarded/-/forwarded-0.2.0.tgz 73469ms attempt #3 (cache miss)
2422 timing reifyNode:node_modules/forwarded Completed in 74144ms
2423 http fetch GET 200 https://registry.npmjs.org/abbrev/-/abbrev-2.0.0.tgz 73318ms attempt #3 (cache miss)
2424 timing reifyNode:node_modules/js-beautify/node_modules/abbrev Completed in 74184ms
2425 http fetch GET 200 https://registry.npmjs.org/humanize-ms/-/humanize-ms-1.2.1.tgz 73518ms attempt #3 (cache miss)
2426 timing reifyNode:node_modules/humanize-ms Completed in 74179ms
2427 http fetch GET 200 https://registry.npmjs.org/@npmcli/fs/-/fs-1.1.1.tgz 73372ms attempt #3 (cache miss)
2428 http fetch GET 200 https://registry.npmjs.org/es-define-property/-/es-define-property-1.0.0.tgz 73500ms attempt #3 (cache miss)
2429 timing reifyNode:node_modules/es-define-property Completed in 74198ms
2430 http fetch GET 200 https://registry.npmjs.org/fastq/-/fastq-1.17.1.tgz 73526ms attempt #3 (cache miss)
2431 http fetch GET 200 https://registry.npmjs.org/eslint-visitor-keys/-/eslint-visitor-keys-3.4.3.tgz 73555ms attempt #3 (cache miss)
2432 timing reifyNode:node_modules/eslint-visitor-keys Completed in 74246ms
2433 http fetch GET 200 https://registry.npmjs.org/get-stdin/-/get-stdin-8.0.0.tgz 73580ms attempt #3 (cache miss)
2434 timing reifyNode:node_modules/get-stdin Completed in 74252ms
2435 http fetch GET 200 https://registry.npmjs.org/ignore-walk/-/ignore-walk-6.0.4.tgz 73591ms attempt #3 (cache miss)
2436 timing reifyNode:node_modules/ignore-walk Completed in 74256ms
2437 http fetch GET 200 https://registry.npmjs.org/es-set-tostringtag/-/es-set-tostringtag-2.0.3.tgz 73573ms attempt #3 (cache miss)
2438 timing reifyNode:node_modules/es-set-tostringtag Completed in 74270ms
2439 http fetch GET 200 https://registry.npmjs.org/glob-to-regexp/-/glob-to-regexp-0.4.1.tgz 73606ms attempt #3 (cache miss)
2440 timing reifyNode:node_modules/glob-to-regexp Completed in 74276ms
2441 http fetch GET 200 https://registry.npmjs.org/get-caller-file/-/get-caller-file-2.0.5.tgz 73605ms attempt #3 (cache miss)
2442 timing reifyNode:node_modules/get-caller-file Completed in 74277ms
2443 http fetch GET 200 https://registry.npmjs.org/jest-regex-util/-/jest-regex-util-29.6.3.tgz 73650ms attempt #3 (cache miss)
2444 timing reifyNode:node_modules/jest-regex-util Completed in 74286ms
2445 http fetch GET 200 https://registry.npmjs.org/possible-typed-array-names/-/possible-typed-array-names-1.0.0.tgz 73745ms attempt #3 (cache miss)
2446 http fetch GET 200 https://registry.npmjs.org/@webassemblyjs/helper-numbers/-/helper-numbers-1.11.6.tgz 73519ms attempt #3 (cache miss)
2447 timing reifyNode:node_modules/@webassemblyjs/helper-numbers Completed in 74264ms
2448 http fetch GET 200 https://registry.npmjs.org/has-yarn/-/has-yarn-3.0.0.tgz 73618ms attempt #3 (cache miss)
2449 timing reifyNode:node_modules/has-yarn Completed in 74281ms
2450 http fetch GET 200 https://registry.npmjs.org/@types/stack-utils/-/stack-utils-2.0.3.tgz 73520ms attempt #3 (cache miss)
2451 timing reifyNode:node_modules/@types/stack-utils Completed in 74268ms
2452 http fetch GET 200 https://registry.npmjs.org/locate-path/-/locate-path-6.0.0.tgz 73669ms attempt #3 (cache miss)
2453 timing reifyNode:node_modules/locate-path Completed in 74293ms
2454 http fetch GET 200 https://registry.npmjs.org/help-me/-/help-me-5.0.0.tgz 73461ms attempt #3 (cache miss)
2455 timing reifyNode:node_modules/sqlite3/node_modules/@npmcli/fs Completed in 74329ms
2456 http fetch GET 200 https://registry.npmjs.org/qs 73126ms attempt #3 (cache miss)
2457 timing metavuln:packument:qs Completed in 73126ms
2458 timing metavuln:load:security-advisory:qs:1113161 Completed in 1ms
2459 timing metavuln:load:security-advisory:qs:1113719 Completed in 1ms
2460 http fetch GET 200 https://registry.npmjs.org/ms/-/ms-2.1.2.tgz 73434ms attempt #3 (cache miss)
2461 timing reifyNode:node_modules/debug/node_modules/ms Completed in 74303ms
2462 http fetch GET 200 https://registry.npmjs.org/color-name/-/color-name-1.1.4.tgz 73567ms attempt #3 (cache miss)
2463 timing reifyNode:node_modules/color-name Completed in 74304ms
2464 http fetch GET 200 https://registry.npmjs.org/lru-queue/-/lru-queue-0.1.0.tgz 73700ms attempt #3 (cache miss)
2465 timing reifyNode:node_modules/lru-queue Completed in 74324ms
2466 http fetch GET 200 https://registry.npmjs.org/lowercase-keys/-/lowercase-keys-2.0.0.tgz 73479ms attempt #3 (cache miss)
2467 timing reifyNode:node_modules/responselike/node_modules/lowercase-keys Completed in 74337ms
2468 http fetch GET 200 https://registry.npmjs.org/ansi-styles/-/ansi-styles-4.3.0.tgz 73568ms attempt #3 (cache miss)
2469 timing reifyNode:node_modules/ansi-styles Completed in 74303ms
2470 http fetch GET 200 https://registry.npmjs.org/infer-owner/-/infer-owner-1.0.4.tgz 73663ms attempt #3 (cache miss)
2471 timing reifyNode:node_modules/infer-owner Completed in 74320ms
2472 http fetch GET 200 https://registry.npmjs.org/unique-slug/-/unique-slug-3.0.0.tgz 73467ms attempt #3 (cache miss)
2473 timing reifyNode:node_modules/node-gyp/node_modules/unique-slug Completed in 74329ms
2474 http fetch GET 200 https://registry.npmjs.org/brace-expansion/-/brace-expansion-2.0.1.tgz 73482ms attempt #3 (cache miss)
2475 timing reifyNode:node_modules/node-gyp/node_modules/brace-expansion Completed in 74348ms
2476 http fetch GET 200 https://registry.npmjs.org/media-typer/-/media-typer-0.3.0.tgz 73730ms attempt #3 (cache miss)
2477 timing reifyNode:node_modules/media-typer Completed in 74346ms
2478 http fetch GET 200 https://registry.npmjs.org/strip-ansi/-/strip-ansi-7.0.1.tgz 73496ms attempt #3 (cache miss)
2479 timing reifyNode:node_modules/wrap-ansi/node_modules/strip-ansi Completed in 74372ms
2480 timing reifyNode:node_modules/possible-typed-array-names Completed in 74356ms
2481 http fetch GET 200 https://registry.npmjs.org/@webassemblyjs/leb128/-/leb128-1.11.6.tgz 73580ms attempt #3 (cache miss)
2482 timing reifyNode:node_modules/@webassemblyjs/leb128 Completed in 74324ms
2483 http fetch GET 200 https://registry.npmjs.org/supports-color/-/supports-color-8.1.1.tgz 73480ms attempt #3 (cache miss)
2484 timing reifyNode:node_modules/jest-worker/node_modules/supports-color Completed in 74348ms
2485 http fetch GET 200 https://registry.npmjs.org/p-limit/-/p-limit-2.3.0.tgz 73498ms attempt #3 (cache miss)
2486 timing reifyNode:node_modules/pkg-dir/node_modules/p-limit Completed in 74358ms
2487 http fetch GET 200 https://registry.npmjs.org/@jest/expect/-/expect-29.7.0.tgz 73549ms attempt #3 (cache miss)
2488 timing reifyNode:node_modules/@jest/expect Completed in 74321ms
2489 http fetch GET 200 https://registry.npmjs.org/@babel/plugin-syntax-optional-catch-binding/-/plugin-syntax-optional-catch-binding-7.8.3.tgz 73529ms attempt #3 (cache miss)
2490 timing reifyNode:node_modules/@babel/plugin-syntax-optional-catch-binding Completed in 74320ms
2491 http fetch GET 200 https://registry.npmjs.org/latest-version/-/latest-version-7.0.0.tgz 73726ms attempt #3 (cache miss)
2492 timing reifyNode:node_modules/latest-version Completed in 74352ms
2493 http fetch GET 200 https://registry.npmjs.org/inherits/-/inherits-2.0.4.tgz 73692ms attempt #3 (cache miss)
2494 timing reifyNode:node_modules/inherits Completed in 74347ms
2495 http fetch GET 200 https://registry.npmjs.org/is-binary-path/-/is-binary-path-2.1.0.tgz 73691ms attempt #3 (cache miss)
2496 timing reifyNode:node_modules/is-binary-path Completed in 74348ms
2497 http fetch GET 200 https://registry.npmjs.org/pkg-up/-/pkg-up-3.1.0.tgz 73803ms attempt #3 (cache miss)
2498 timing reifyNode:node_modules/pkg-up Completed in 74363ms
2499 http fetch GET 200 https://registry.npmjs.org/is-generator-fn/-/is-generator-fn-2.1.0.tgz 73700ms attempt #3 (cache miss)
2500 timing reifyNode:node_modules/is-generator-fn Completed in 74350ms
2501 http fetch GET 200 https://registry.npmjs.org/unique-slug/-/unique-slug-4.0.0.tgz 73466ms attempt #3 (cache miss)
2502 timing reifyNode:node_modules/cacache/node_modules/unique-slug Completed in 74334ms
2503 http fetch GET 200 https://registry.npmjs.org/@isaacs/cliui/-/cliui-8.0.2.tgz 73554ms attempt #3 (cache miss)
2504 timing reifyNode:node_modules/@isaacs/cliui Completed in 74326ms
2505 http fetch GET 200 https://registry.npmjs.org/validator 73169ms attempt #3 (cache miss)
2506 timing metavuln:packument:validator Completed in 73170ms
2507 timing metavuln:load:security-advisory:validator:1109241 Completed in 2ms
2508 timing metavuln:load:security-advisory:validator:1112713 Completed in 5ms
2509 http fetch GET 200 https://registry.npmjs.org/leven/-/leven-3.1.0.tgz 73745ms attempt #3 (cache miss)
2510 timing reifyNode:node_modules/leven Completed in 74371ms
2511 http fetch GET 200 https://registry.npmjs.org/node-int64/-/node-int64-0.4.0.tgz 73777ms attempt #3 (cache miss)
2512 timing reifyNode:node_modules/node-int64 Completed in 74375ms
2513 http fetch GET 200 https://registry.npmjs.org/fastify-method-override/-/fastify-method-override-1.5.10.tgz 73680ms attempt #3 (cache miss)
2514 timing reifyNode:node_modules/fastify-method-override Completed in 74362ms
2515 http fetch GET 200 https://registry.npmjs.org/glob-parent/-/glob-parent-5.1.2.tgz 73487ms attempt #3 (cache miss)
2516 timing reifyNode:node_modules/chokidar/node_modules/glob-parent Completed in 74355ms
2517 http fetch GET 200 https://registry.npmjs.org/jsonlines/-/jsonlines-0.1.1.tgz 73748ms attempt #3 (cache miss)
2518 http fetch GET 200 https://registry.npmjs.org/merge2/-/merge2-1.4.1.tgz 73761ms attempt #3 (cache miss)
2519 timing reifyNode:node_modules/merge2 Completed in 74380ms
2520 http fetch GET 200 https://registry.npmjs.org/@types/istanbul-reports/-/istanbul-reports-3.0.4.tgz 73603ms attempt #3 (cache miss)
2521 timing reifyNode:node_modules/@types/istanbul-reports Completed in 74354ms
2522 http fetch GET 200 https://registry.npmjs.org/jest-get-type/-/jest-get-type-29.6.3.tgz 73745ms attempt #3 (cache miss)
2523 timing reifyNode:node_modules/jest-get-type Completed in 74384ms
2524 timing reifyNode:node_modules/pino-pretty/node_modules/help-me Completed in 74399ms
2525 http fetch GET 200 https://registry.npmjs.org/gensync/-/gensync-1.0.0-beta.2.tgz 73713ms attempt #3 (cache miss)
2526 timing reifyNode:node_modules/gensync Completed in 74385ms
2527 http fetch GET 200 https://registry.npmjs.org/fill-range/-/fill-range-7.0.1.tgz 73706ms attempt #3 (cache miss)
2528 timing reifyNode:node_modules/fill-range Completed in 74384ms
2529 http fetch GET 200 https://registry.npmjs.org/gopd/-/gopd-1.0.1.tgz 73722ms attempt #3 (cache miss)
2530 timing reifyNode:node_modules/gopd Completed in 74388ms
2531 http fetch GET 200 https://registry.npmjs.org/makeerror/-/makeerror-1.0.12.tgz 73773ms attempt #3 (cache miss)
2532 timing reifyNode:node_modules/makeerror Completed in 74399ms
2533 http fetch GET 200 https://registry.npmjs.org/glob/-/glob-7.2.3.tgz 73560ms attempt #3 (cache miss)
2534 timing reifyNode:node_modules/sqlite3/node_modules/glob Completed in 74416ms
2535 http fetch GET 200 https://registry.npmjs.org/glob/-/glob-7.2.3.tgz 73529ms attempt #3 (cache miss)
2536 timing reifyNode:node_modules/jest-config/node_modules/glob Completed in 74396ms
2537 http fetch GET 200 https://registry.npmjs.org/import-lazy/-/import-lazy-4.0.0.tgz 73736ms attempt #3 (cache miss)
2538 timing reifyNode:node_modules/import-lazy Completed in 74393ms
2539 http fetch GET 200 https://registry.npmjs.org/strip-json-comments/-/strip-json-comments-5.0.1.tgz 73540ms attempt #3 (cache miss)
2540 timing reifyNode:node_modules/npm-check-updates/node_modules/strip-json-comments Completed in 74404ms
2541 timing reifyNode:node_modules/jsonlines Completed in 74401ms
2542 http fetch GET 200 https://registry.npmjs.org/fs-minipass/-/fs-minipass-3.0.3.tgz 73550ms attempt #3 (cache miss)
2543 timing reifyNode:node_modules/pacote/node_modules/fs-minipass Completed in 74408ms
2544 http fetch GET 200 https://registry.npmjs.org/@eslint/js/-/js-8.57.0.tgz 73519ms attempt #3 (cache miss)
2545 http fetch GET 200 https://registry.npmjs.org/ieee754/-/ieee754-1.2.1.tgz 73737ms attempt #3 (cache miss)
2546 timing reifyNode:node_modules/ieee754 Completed in 74398ms
2547 http fetch GET 200 https://registry.npmjs.org/minipass-pipeline/-/minipass-pipeline-1.2.4.tgz 73767ms attempt #3 (cache miss)
2548 timing reifyNode:node_modules/minipass-pipeline Completed in 74410ms
2549 http fetch GET 200 https://registry.npmjs.org/has-flag/-/has-flag-4.0.0.tgz 73736ms attempt #3 (cache miss)
2550 timing reifyNode:node_modules/has-flag Completed in 74401ms
2551 http fetch GET 200 https://registry.npmjs.org/inflight/-/inflight-1.0.6.tgz 73747ms attempt #3 (cache miss)
2552 timing reifyNode:node_modules/inflight Completed in 74404ms
2553 http fetch GET 200 https://registry.npmjs.org/escape-string-regexp/-/escape-string-regexp-4.0.0.tgz 73527ms attempt #3 (cache miss)
2554 timing reifyNode:node_modules/eslint/node_modules/escape-string-regexp Completed in 74396ms
2555 http fetch GET 200 https://registry.npmjs.org/js-stringify/-/js-stringify-1.0.2.tgz 73778ms attempt #3 (cache miss)
2556 timing reifyNode:node_modules/js-stringify Completed in 74410ms
2557 http fetch GET 200 https://registry.npmjs.org/lodash.castarray/-/lodash.castarray-4.4.0.tgz 73789ms attempt #3 (cache miss)
2558 timing reifyNode:node_modules/lodash.castarray Completed in 74412ms
2559 http fetch GET 200 https://registry.npmjs.org/has-unicode/-/has-unicode-2.0.1.tgz 73740ms attempt #3 (cache miss)
2560 timing reifyNode:node_modules/has-unicode Completed in 74405ms
2561 http fetch GET 200 https://registry.npmjs.org/fastify-reverse-routes/-/fastify-reverse-routes-3.0.0.tgz 73725ms attempt #3 (cache miss)
2562 timing reifyNode:node_modules/fastify-reverse-routes Completed in 74403ms
2563 http fetch GET 200 https://registry.npmjs.org/lru-cache/-/lru-cache-5.1.1.tgz 73793ms attempt #3 (cache miss)
2564 timing reifyNode:node_modules/lru-cache Completed in 74417ms
2565 http fetch GET 200 https://registry.npmjs.org/hashlru/-/hashlru-2.3.0.tgz 73745ms attempt #3 (cache miss)
2566 timing reifyNode:node_modules/hashlru Completed in 74409ms
2567 http fetch GET 200 https://registry.npmjs.org/make-promises-safe/-/make-promises-safe-5.1.0.tgz 73796ms attempt #3 (cache miss)
2568 timing reifyNode:node_modules/make-promises-safe Completed in 74418ms
2569 timing reifyNode:node_modules/eslint/node_modules/@eslint/js Completed in 74404ms
2570 http fetch GET 200 https://registry.npmjs.org/lines-and-columns/-/lines-and-columns-1.2.4.tgz 73793ms attempt #3 (cache miss)
2571 timing reifyNode:node_modules/lines-and-columns Completed in 74418ms
2572 http fetch GET 200 https://registry.npmjs.org/ip/-/ip-2.0.0.tgz 73752ms attempt #3 (cache miss)
2573 timing reifyNode:node_modules/ip Completed in 74414ms
2574 http fetch GET 200 https://registry.npmjs.org/write-file-atomic/-/write-file-atomic-3.0.3.tgz 73534ms attempt #3 (cache miss)
2575 timing reifyNode:node_modules/configstore/node_modules/write-file-atomic Completed in 74403ms
2576 http fetch GET 200 https://registry.npmjs.org/camelcase/-/camelcase-6.3.0.tgz 73551ms attempt #3 (cache miss)
2577 timing reifyNode:node_modules/jest-validate/node_modules/camelcase Completed in 74421ms
2578 http fetch GET 200 https://registry.npmjs.org/has-property-descriptors/-/has-property-descriptors-1.0.2.tgz 73751ms attempt #3 (cache miss)
2579 http fetch GET 200 https://registry.npmjs.org/split2/-/split2-4.2.0.tgz 73572ms attempt #3 (cache miss)
2580 timing reifyNode:node_modules/pgpass/node_modules/split2 Completed in 74432ms
2581 http fetch GET 200 https://registry.npmjs.org/is-stream/-/is-stream-2.0.1.tgz 73775ms attempt #3 (cache miss)
2582 timing reifyNode:node_modules/is-stream Completed in 74422ms
2583 http fetch GET 200 https://registry.npmjs.org/is-plain-object/-/is-plain-object-2.0.4.tgz 73774ms attempt #3 (cache miss)
2584 timing reifyNode:node_modules/is-plain-object Completed in 74423ms
2585 http fetch GET 200 https://registry.npmjs.org/pug-error/-/pug-error-2.0.0.tgz 73914ms attempt #3 (cache miss)
2586 timing reifyNode:node_modules/pug-error Completed in 74438ms
2587 http fetch GET 200 https://registry.npmjs.org/tar 73245ms attempt #3 (cache miss)
2588 timing metavuln:packument:tar Completed in 73246ms
2589 timing metavuln:load:security-advisory:tar:1112659 Completed in 1ms
2590 timing metavuln:load:security-advisory:tar:1113300 Completed in 1ms
2591 timing metavuln:load:security-advisory:tar:1113375 Completed in 0ms
2592 timing metavuln:load:security-advisory:tar:1114200 Completed in 1ms
2593 timing metavuln:load:security-advisory:tar:1114302 Completed in 0ms
2594 timing metavuln:load:security-advisory:tar:1114680 Completed in 1ms
2595 timing metavuln:load:security-advisory:tar:1097493 Completed in 1ms
2596 http fetch GET 200 https://registry.npmjs.org/es6-symbol/-/es6-symbol-3.1.4.tgz 73733ms attempt #3 (cache miss)
2597 timing reifyNode:node_modules/es6-symbol Completed in 74426ms
2598 http fetch GET 200 https://registry.npmjs.org/for-each/-/for-each-0.3.3.tgz 73756ms attempt #3 (cache miss)
2599 timing reifyNode:node_modules/for-each Completed in 74433ms
2600 http fetch GET 200 https://registry.npmjs.org/globby/-/globby-11.1.0.tgz 73768ms attempt #3 (cache miss)
2601 timing reifyNode:node_modules/globby Completed in 74435ms
2602 http fetch GET 200 https://registry.npmjs.org/brace-expansion/-/brace-expansion-2.0.1.tgz 73585ms attempt #3 (cache miss)
2603 timing reifyNode:node_modules/npm-check-updates/node_modules/brace-expansion Completed in 74448ms
2604 http fetch GET 200 https://registry.npmjs.org/brace-expansion/-/brace-expansion-2.0.1.tgz 73572ms attempt #3 (cache miss)
2605 timing reifyNode:node_modules/glob/node_modules/brace-expansion Completed in 74436ms
2606 http fetch GET 200 https://registry.npmjs.org/brace-expansion/-/brace-expansion-2.0.1.tgz 73576ms attempt #3 (cache miss)
2607 timing reifyNode:node_modules/ignore-walk/node_modules/brace-expansion Completed in 74438ms
2608 http fetch GET 200 https://registry.npmjs.org/brace-expansion/-/brace-expansion-2.0.1.tgz 73559ms attempt #3 (cache miss)
2609 timing reifyNode:node_modules/editorconfig/node_modules/brace-expansion Completed in 74429ms
2610 http fetch GET 200 https://registry.npmjs.org/brace-expansion/-/brace-expansion-2.0.1.tgz 73574ms attempt #3 (cache miss)
2611 timing reifyNode:node_modules/help-me/node_modules/brace-expansion Completed in 74438ms
2612 http fetch GET 200 https://registry.npmjs.org/http-proxy-agent/-/http-proxy-agent-5.0.0.tgz 73778ms attempt #3 (cache miss)
2613 timing reifyNode:node_modules/http-proxy-agent Completed in 74440ms
2614 http fetch GET 200 https://registry.npmjs.org/jest-matcher-utils/-/jest-matcher-utils-29.7.0.tgz 73809ms attempt #3 (cache miss)
2615 timing reifyNode:node_modules/jest-matcher-utils Completed in 74446ms
2616 http fetch GET 200 https://registry.npmjs.org/loader-runner/-/loader-runner-4.3.0.tgz 73824ms attempt #3 (cache miss)
2617 timing reifyNode:node_modules/loader-runner Completed in 74449ms
2618 http fetch GET 200 https://registry.npmjs.org/is-ci/-/is-ci-3.0.1.tgz 73792ms attempt #3 (cache miss)
2619 timing reifyNode:node_modules/is-ci Completed in 74445ms
2620 http fetch GET 200 https://registry.npmjs.org/isobject/-/isobject-3.0.1.tgz 73804ms attempt #3 (cache miss)
2621 timing reifyNode:node_modules/isobject Completed in 74448ms
2622 http fetch GET 200 https://registry.npmjs.org/jest/-/jest-29.7.0.tgz 73806ms attempt #3 (cache miss)
2623 timing reifyNode:node_modules/jest Completed in 74449ms
2624 http fetch GET 200 https://registry.npmjs.org/jstransformer-markdown-it/-/jstransformer-markdown-it-3.0.0.tgz 73823ms attempt #3 (cache miss)
2625 timing reifyNode:node_modules/jstransformer-markdown-it Completed in 74453ms
2626 http fetch GET 200 https://registry.npmjs.org/ini/-/ini-2.0.0.tgz 73793ms attempt #3 (cache miss)
2627 timing reifyNode:node_modules/ini Completed in 74450ms
2628 http fetch GET 200 https://registry.npmjs.org/supports-color/-/supports-color-8.1.1.tgz 73570ms attempt #3 (cache miss)
2629 timing reifyNode:node_modules/concurrently/node_modules/supports-color Completed in 74439ms
2630 http fetch GET 200 https://registry.npmjs.org/pg-connection-string/-/pg-connection-string-2.6.1.tgz 73585ms attempt #3 (cache miss)
2631 timing reifyNode:node_modules/fastify-objectionjs/node_modules/pg-connection-string Completed in 74447ms
2632 http fetch GET 200 https://registry.npmjs.org/glob-parent/-/glob-parent-5.1.2.tgz 73572ms attempt #3 (cache miss)
2633 timing reifyNode:node_modules/fast-glob/node_modules/glob-parent Completed in 74450ms
2634 http fetch GET 200 https://registry.npmjs.org/ini/-/ini-4.1.2.tgz 73607ms attempt #3 (cache miss)
2635 timing reifyNode:node_modules/npm-check-updates/node_modules/ini Completed in 74469ms
2636 http fetch GET 200 https://registry.npmjs.org/http-errors/-/http-errors-2.0.0.tgz 73799ms attempt #3 (cache miss)
2637 timing reifyNode:node_modules/http-errors Completed in 74461ms
2638 http fetch GET 200 https://registry.npmjs.org/jstransformer/-/jstransformer-1.0.0.tgz 73840ms attempt #3 (cache miss)
2639 timing reifyNode:node_modules/jstransformer Completed in 74469ms
2640 http fetch GET 200 https://registry.npmjs.org/html-escaper/-/html-escaper-2.0.2.tgz 73799ms attempt #3 (cache miss)
2641 http fetch GET 200 https://registry.npmjs.org/js-tokens/-/js-tokens-4.0.0.tgz 73839ms attempt #3 (cache miss)
2642 timing reifyNode:node_modules/js-tokens Completed in 74469ms
2643 http fetch GET 200 https://registry.npmjs.org/hosted-git-info/-/hosted-git-info-6.1.1.tgz 73615ms attempt #3 (cache miss)
2644 timing reifyNode:node_modules/npm-package-arg/node_modules/hosted-git-info Completed in 74475ms
2645 http fetch GET 200 https://registry.npmjs.org/is-expression/-/is-expression-4.0.0.tgz 73814ms attempt #3 (cache miss)
2646 timing reifyNode:node_modules/is-expression Completed in 74468ms
2647 http fetch GET 200 https://registry.npmjs.org/p-cancelable/-/p-cancelable-3.0.0.tgz 73894ms attempt #3 (cache miss)
2648 timing reifyNode:node_modules/p-cancelable Completed in 74478ms
2649 http fetch GET 200 https://registry.npmjs.org/normalize-url/-/normalize-url-6.1.0.tgz 73874ms attempt #3 (cache miss)
2650 timing reifyNode:node_modules/normalize-url Completed in 74476ms
2651 http fetch GET 200 https://registry.npmjs.org/yallist/-/yallist-3.1.1.tgz 73606ms attempt #3 (cache miss)
2652 timing reifyNode:node_modules/lru-cache/node_modules/yallist Completed in 74475ms
2653 http fetch GET 200 https://registry.npmjs.org/resolve-from/-/resolve-from-4.0.0.tgz 73605ms attempt #3 (cache miss)
2654 timing reifyNode:node_modules/import-fresh/node_modules/resolve-from Completed in 74470ms
2655 http fetch GET 200 https://registry.npmjs.org/is-bigint/-/is-bigint-1.0.4.tgz 73819ms attempt #3 (cache miss)
2656 timing reifyNode:node_modules/is-bigint Completed in 74472ms
2657 http fetch GET 200 https://registry.npmjs.org/@jest/test-sequencer/-/test-sequencer-29.7.0.tgz 73628ms attempt #3 (cache miss)
2658 timing reifyNode:node_modules/@jest/test-sequencer Completed in 74452ms
2659 http fetch GET 200 https://registry.npmjs.org/keyv/-/keyv-4.5.4.tgz 73850ms attempt #3 (cache miss)
2660 timing reifyNode:node_modules/keyv Completed in 74481ms
2661 http fetch GET 200 https://registry.npmjs.org/nopt/-/nopt-7.2.0.tgz 73613ms attempt #3 (cache miss)
2662 timing reifyNode:node_modules/js-beautify/node_modules/nopt Completed in 74480ms
2663 http fetch GET 200 https://registry.npmjs.org/kleur/-/kleur-3.0.3.tgz 73855ms attempt #3 (cache miss)
2664 timing reifyNode:node_modules/kleur Completed in 74481ms
2665 http fetch GET 200 https://registry.npmjs.org/global-dirs/-/global-dirs-3.0.0.tgz 73805ms attempt #3 (cache miss)
2666 timing reifyNode:node_modules/global-dirs Completed in 74474ms
2667 timing reifyNode:node_modules/has-property-descriptors Completed in 74479ms
2668 http fetch GET 200 https://registry.npmjs.org/ignore/-/ignore-5.2.0.tgz 73821ms attempt #3 (cache miss)
2669 timing reifyNode:node_modules/ignore Completed in 74482ms
2670 http fetch GET 200 https://registry.npmjs.org/minimatch/-/minimatch-5.1.6.tgz 73619ms attempt #3 (cache miss)
2671 timing reifyNode:node_modules/help-me/node_modules/minimatch Completed in 74485ms
2672 http fetch GET 200 https://registry.npmjs.org/jest-docblock/-/jest-docblock-29.7.0.tgz 73853ms attempt #3 (cache miss)
2673 timing reifyNode:node_modules/jest-docblock Completed in 74492ms
2674 http fetch GET 200 https://registry.npmjs.org/minipass/-/minipass-5.0.0.tgz 73636ms attempt #3 (cache miss)
2675 timing reifyNode:node_modules/make-fetch-happen/node_modules/minipass Completed in 74502ms
2676 http fetch GET 200 https://registry.npmjs.org/function-bind/-/function-bind-1.1.2.tgz 73818ms attempt #3 (cache miss)
2677 timing reifyNode:node_modules/function-bind Completed in 74492ms
2678 timing reifyNode:node_modules/fastq Completed in 74492ms
2679 http fetch GET 200 https://registry.npmjs.org/is-weakref/-/is-weakref-1.0.2.tgz 73855ms attempt #3 (cache miss)
2680 timing reifyNode:node_modules/is-weakref Completed in 74500ms
2681 http fetch GET 200 https://registry.npmjs.org/buffer/-/buffer-6.0.3.tgz 73654ms attempt #3 (cache miss)
2682 timing reifyNode:node_modules/pino-abstract-transport/node_modules/buffer Completed in 74512ms
2683 http fetch GET 200 https://registry.npmjs.org/levn/-/levn-0.4.1.tgz 73879ms attempt #3 (cache miss)
2684 timing reifyNode:node_modules/levn Completed in 74505ms
2685 http fetch GET 200 https://registry.npmjs.org/has-proto/-/has-proto-1.0.3.tgz 73834ms attempt #3 (cache miss)
2686 timing reifyNode:node_modules/has-proto Completed in 74500ms
2687 http fetch GET 200 https://registry.npmjs.org/nopt/-/nopt-6.0.0.tgz 73647ms attempt #3 (cache miss)
2688 timing reifyNode:node_modules/node-gyp/node_modules/nopt Completed in 74512ms
2689 http fetch GET 200 https://registry.npmjs.org/hasown/-/hasown-2.0.2.tgz 73839ms attempt #3 (cache miss)
2690 timing reifyNode:node_modules/hasown Completed in 74502ms
2691 timing reifyNode:node_modules/html-escaper Completed in 74503ms
2692 http fetch GET 200 https://registry.npmjs.org/has-bigints/-/has-bigints-1.0.2.tgz 73838ms attempt #3 (cache miss)
2693 timing reifyNode:node_modules/has-bigints Completed in 74503ms
2694 http fetch GET 200 https://registry.npmjs.org/json-schema-traverse/-/json-schema-traverse-1.0.0.tgz 73659ms attempt #3 (cache miss)
2695 http fetch GET 200 https://registry.npmjs.org/jsesc/-/jsesc-2.5.2.tgz 73888ms attempt #3 (cache miss)
2696 timing reifyNode:node_modules/jsesc Completed in 74520ms
2697 http fetch GET 200 https://registry.npmjs.org/globals/-/globals-13.24.0.tgz 73638ms attempt #3 (cache miss)
2698 timing reifyNode:node_modules/eslint/node_modules/globals Completed in 74508ms
2699 http fetch GET 200 https://registry.npmjs.org/mkdirp/-/mkdirp-1.0.4.tgz 73933ms attempt #3 (cache miss)
2700 timing reifyNode:node_modules/mkdirp Completed in 74535ms
2701 http fetch GET 200 https://registry.npmjs.org/is-number-object/-/is-number-object-1.0.7.tgz 73883ms attempt #3 (cache miss)
2702 timing reifyNode:node_modules/is-number-object Completed in 74534ms
2703 http fetch GET 200 https://registry.npmjs.org/linkify-it/-/linkify-it-4.0.1.tgz 73912ms attempt #3 (cache miss)
2704 timing reifyNode:node_modules/linkify-it Completed in 74540ms
2705 http fetch GET 200 https://registry.npmjs.org/http-cache-semantics/-/http-cache-semantics-4.1.1.tgz 73867ms attempt #3 (cache miss)
2706 timing reifyNode:node_modules/http-cache-semantics Completed in 74534ms
2707 http fetch GET 200 https://registry.npmjs.org/json-schema-traverse/-/json-schema-traverse-1.0.0.tgz 73665ms attempt #3 (cache miss)
2708 http fetch GET 200 https://registry.npmjs.org/minimatch/-/minimatch-5.1.6.tgz 73671ms attempt #3 (cache miss)
2709 timing reifyNode:node_modules/node-gyp/node_modules/cacache/node_modules/minimatch Completed in 74549ms
2710 http fetch GET 200 https://registry.npmjs.org/https-proxy-agent/-/https-proxy-agent-5.0.1.tgz 73882ms attempt #3 (cache miss)
2711 timing reifyNode:node_modules/https-proxy-agent Completed in 74543ms
2712 http fetch GET 200 https://registry.npmjs.org/internal-slot/-/internal-slot-1.0.7.tgz 73887ms attempt #3 (cache miss)
2713 timing reifyNode:node_modules/internal-slot Completed in 74547ms
2714 http fetch GET 200 https://registry.npmjs.org/minipass/-/minipass-5.0.0.tgz 73705ms attempt #3 (cache miss)
2715 timing reifyNode:node_modules/pacote/node_modules/minipass Completed in 74565ms
2716 timing reifyNode:node_modules/objection/node_modules/json-schema-traverse Completed in 74569ms
2717 http fetch GET 200 https://registry.npmjs.org/is-negative-zero/-/is-negative-zero-2.0.3.tgz 73910ms attempt #3 (cache miss)
2718 timing reifyNode:node_modules/is-negative-zero Completed in 74560ms
2719 http fetch GET 200 https://registry.npmjs.org/jest-runner/-/jest-runner-29.7.0.tgz 73930ms attempt #3 (cache miss)
2720 timing reifyNode:node_modules/jest-runner Completed in 74565ms
2721 http fetch GET 200 https://registry.npmjs.org/cacache/-/cacache-15.3.0.tgz 73731ms attempt #3 (cache miss)
2722 timing reifyNode:node_modules/sqlite3/node_modules/cacache Completed in 74587ms
2723 http fetch GET 200 https://registry.npmjs.org/istanbul-lib-coverage/-/istanbul-lib-coverage-3.2.2.tgz 73925ms attempt #3 (cache miss)
2724 timing reifyNode:node_modules/istanbul-lib-coverage Completed in 74569ms
2725 http fetch GET 200 https://registry.npmjs.org/is-shared-array-buffer/-/is-shared-array-buffer-1.0.3.tgz 73925ms attempt #3 (cache miss)
2726 timing reifyNode:node_modules/is-shared-array-buffer Completed in 74575ms
2727 http fetch GET 200 https://registry.npmjs.org/is-core-module/-/is-core-module-2.13.1.tgz 73919ms attempt #3 (cache miss)
2728 timing reifyNode:node_modules/is-core-module Completed in 74574ms
2729 timing reifyNode:node_modules/fast-json-stringify/node_modules/json-schema-traverse Completed in 74568ms
2730 http fetch GET 200 https://registry.npmjs.org/is-boolean-object/-/is-boolean-object-1.1.2.tgz 73922ms attempt #3 (cache miss)
2731 timing reifyNode:node_modules/is-boolean-object Completed in 74576ms
2732 http fetch GET 200 https://registry.npmjs.org/has-tostringtag/-/has-tostringtag-1.0.2.tgz 73914ms attempt #3 (cache miss)
2733 timing reifyNode:node_modules/has-tostringtag Completed in 74578ms
2734 http fetch GET 200 https://registry.npmjs.org/jsonparse/-/jsonparse-1.3.1.tgz 73958ms attempt #3 (cache miss)
2735 http fetch GET 200 https://registry.npmjs.org/glob/-/glob-8.1.0.tgz 73716ms attempt #3 (cache miss)
2736 timing reifyNode:node_modules/help-me/node_modules/glob Completed in 74580ms
2737 http fetch GET 200 https://registry.npmjs.org/is-string/-/is-string-1.0.7.tgz 73940ms attempt #3 (cache miss)
2738 timing reifyNode:node_modules/is-string Completed in 74588ms
2739 http fetch GET 200 https://registry.npmjs.org/js-cookie/-/js-cookie-3.0.5.tgz 73960ms attempt #3 (cache miss)
2740 timing reifyNode:node_modules/js-cookie Completed in 74593ms
2741 timing metavuln:cache:put:security-advisory:qs:vVSN+MRVpdux32gCUfPGidHUGmS/0G5Ziwtmb1YXw3NARw1r47LtySeR7yFf/LZ4sKzi41443WWDDZzPHuCh9g== Completed in 280ms
2742 timing metavuln:calculate:security-advisory:qs:1113161 Completed in 73408ms
2743 timing metavuln:cache:put:security-advisory:qs:iChjlXxtVMTpyXsUse674XoeCayLW4gF6rE7sQcXvHRFegwpM44fUr9Eqlmsmu+S9udu9w9eZmpzcAcyiUJMIQ== Completed in 280ms
2744 timing metavuln:calculate:security-advisory:qs:1113719 Completed in 73409ms
2745 http fetch GET 200 https://registry.npmjs.org/glob/-/glob-7.2.3.tgz 73728ms attempt #3 (cache miss)
2746 timing reifyNode:node_modules/jest-runtime/node_modules/glob Completed in 74595ms
2747 timing reifyNode:node_modules/jsonparse Completed in 74601ms
2748 http fetch GET 200 https://registry.npmjs.org/is-array-buffer/-/is-array-buffer-3.0.4.tgz 73942ms attempt #3 (cache miss)
2749 timing reifyNode:node_modules/is-array-buffer Completed in 74597ms
2750 http fetch GET 200 https://registry.npmjs.org/is-callable/-/is-callable-1.2.7.tgz 73945ms attempt #3 (cache miss)
2751 timing reifyNode:node_modules/is-callable Completed in 74599ms
2752 http fetch GET 200 https://registry.npmjs.org/is-symbol/-/is-symbol-1.0.4.tgz 73955ms attempt #3 (cache miss)
2753 timing reifyNode:node_modules/is-symbol Completed in 74601ms
2754 http fetch GET 200 https://registry.npmjs.org/minipass/-/minipass-5.0.0.tgz 73752ms attempt #3 (cache miss)
2755 timing reifyNode:node_modules/npm-registry-fetch/node_modules/minipass Completed in 74613ms
2756 http fetch GET 200 https://registry.npmjs.org/jest-watcher/-/jest-watcher-29.7.0.tgz 73978ms attempt #3 (cache miss)
2757 timing reifyNode:node_modules/jest-watcher Completed in 74612ms
2758 http fetch GET 200 https://registry.npmjs.org/jest-each/-/jest-each-29.7.0.tgz 73973ms attempt #3 (cache miss)
2759 timing reifyNode:node_modules/jest-each Completed in 74613ms
2760 http fetch GET 200 https://registry.npmjs.org/ssri/-/ssri-9.0.1.tgz 73752ms attempt #3 (cache miss)
2761 timing reifyNode:node_modules/node-gyp/node_modules/ssri Completed in 74619ms
2762 http fetch GET 200 https://registry.npmjs.org/minipass-fetch/-/minipass-fetch-2.1.2.tgz 73753ms attempt #3 (cache miss)
2763 timing reifyNode:node_modules/node-gyp/node_modules/minipass-fetch Completed in 74620ms
2764 http fetch GET 200 https://registry.npmjs.org/jest-validate/-/jest-validate-29.7.0.tgz 73976ms attempt #3 (cache miss)
2765 timing reifyNode:node_modules/jest-validate Completed in 74626ms
2766 http fetch GET 200 https://registry.npmjs.org/buffer/-/buffer-6.0.3.tgz 73753ms attempt #3 (cache miss)
2767 timing reifyNode:node_modules/fastify-cli/node_modules/buffer Completed in 74616ms
2768 http fetch GET 200 https://registry.npmjs.org/inflection/-/inflection-1.13.4.tgz 73966ms attempt #3 (cache miss)
2769 timing reifyNode:node_modules/inflection Completed in 74623ms
2770 timing metavuln:cache:put:security-advisory:validator:IkyJOqfhkev0E9tRX4zbgkqtsxJX67cd4upO2f1EheDpncnx522qyf9oLyXwjDcWGeZOQHSqJUAh/kUyYH60qQ== Completed in 272ms
2771 timing metavuln:calculate:security-advisory:validator:1109241 Completed in 73445ms
2772 timing metavuln:cache:put:security-advisory:validator:K8tnmsGw+QkTexUmTWxKwuHjWuT7Hea3z5nNI9JdW3F0rI0+n7L2rpU8PIPJJVMbPs2Qmf97TEHw10QorOnMzQ== Completed in 266ms
2773 timing metavuln:calculate:security-advisory:validator:1112713 Completed in 73445ms
2774 http fetch GET 200 https://registry.npmjs.org/fastify-plugin/-/fastify-plugin-4.5.1.tgz 73760ms attempt #3 (cache miss)
2775 http fetch GET 200 https://registry.npmjs.org/fastify-plugin/-/fastify-plugin-2.3.4.tgz 73755ms attempt #3 (cache miss)
2776 timing reifyNode:node_modules/fastify-error-page/node_modules/fastify-plugin Completed in 74625ms
2777 http fetch GET 200 https://registry.npmjs.org/semver/-/semver-6.3.1.tgz 73755ms attempt #3 (cache miss)
2778 timing reifyNode:node_modules/eslint-config-airbnb-base/node_modules/semver Completed in 74626ms
2779 timing metavuln:cache:put:security-advisory:tar:qPQeYPFDBIedTWfYK3sbnScF6Ha7ouTs+wgndnz4PT5P+/K+GBD4epoPcYpXlu6AC7gSJlCJTJeuKbYAFoK9PA== Completed in 209ms
2780 timing metavuln:calculate:security-advisory:tar:1112659 Completed in 73456ms
2781 timing metavuln:cache:put:security-advisory:tar:xsfciMtNhQn+Vb692L8h5HEYBYUJ5Lhjy3bF//LOsKSn8tp0f1hbuDX26k9UtKJNPZjM5uuq2Cxlz3KwL19oJg== Completed in 204ms
2782 timing metavuln:calculate:security-advisory:tar:1097493 Completed in 73456ms
2783 timing metavuln:cache:put:security-advisory:tar:Bbf0Br7FJ1lJBIJDoLLFwjsDrbaYgLVqfrwr0ATzSQWEKW7Xp073S+5zxU9imRf4OqRJHo2MsCDeyKR0KRVsdA== Completed in 208ms
2784 timing metavuln:calculate:security-advisory:tar:1113375 Completed in 73457ms
2785 timing metavuln:cache:put:security-advisory:tar:UWW3Y4BpqE/fE3Qp2/QBaix5a7TZZoP7gM6asxPYL9ED9MweoK3ryao+Bp0Y6Y8Xds/rmjAafpG21YRYkP3N4g== Completed in 207ms
2786 timing metavuln:calculate:security-advisory:tar:1114302 Completed in 73458ms
2787 timing metavuln:cache:put:security-advisory:tar:cbwMpzkxWE086TmEbj2aUk80Z6hlvP0jzlWS+XiX15JwqEtFzUgHyHj3QX4I6EZYk8tgcYPuNr3hYFVCQY6e3Q== Completed in 210ms
2788 timing metavuln:calculate:security-advisory:tar:1113300 Completed in 73458ms
2789 timing metavuln:cache:put:security-advisory:tar:eeMx7uxRjV2T2ub1XcSZGVUMDQllh5SgBOjApRXoDwccZb2xPyoJEKCNDkl/ZQGHcurw9K/Nf+wQF6u7SWH6CQ== Completed in 209ms
2790 timing metavuln:calculate:security-advisory:tar:1114200 Completed in 73459ms
2791 timing metavuln:cache:put:security-advisory:tar:vbDW3SJe6e2hhLv65iuyXehzCzEAirdu2MloZluu8ApJ5S0mpjZNCz+7tMRaz8WDOzMKfYQKi/M/IfcFNOa3Cw== Completed in 208ms
2792 timing metavuln:calculate:security-advisory:tar:1114680 Completed in 73459ms
2793 http fetch GET 200 https://registry.npmjs.org/mime-db/-/mime-db-1.52.0.tgz 74043ms attempt #3 (cache miss)
2794 timing reifyNode:node_modules/mime-db Completed in 74650ms
2795 http fetch GET 200 https://registry.npmjs.org/human-signals/-/human-signals-2.1.0.tgz 73981ms attempt #3 (cache miss)
2796 timing reifyNode:node_modules/human-signals Completed in 74644ms
2797 http fetch GET 200 https://registry.npmjs.org/glob/-/glob-7.2.3.tgz 73792ms attempt #3 (cache miss)
2798 timing reifyNode:node_modules/node-gyp/node_modules/glob Completed in 74656ms
2799 http fetch GET 200 https://registry.npmjs.org/jest-mock/-/jest-mock-29.7.0.tgz 74015ms attempt #3 (cache miss)
2800 timing reifyNode:node_modules/jest-mock Completed in 74652ms
2801 http fetch GET 200 https://registry.npmjs.org/has-symbols/-/has-symbols-1.0.3.tgz 73985ms attempt #3 (cache miss)
2802 timing reifyNode:node_modules/has-symbols Completed in 74650ms
2803 http fetch GET 200 https://registry.npmjs.org/jest-runtime/-/jest-runtime-29.7.0.tgz 74020ms attempt #3 (cache miss)
2804 timing reifyNode:node_modules/jest-runtime Completed in 74656ms
2805 http fetch GET 200 https://registry.npmjs.org/node-addon-api/-/node-addon-api-7.1.0.tgz 73823ms attempt #3 (cache miss)
2806 timing reifyNode:node_modules/sqlite3/node_modules/node-addon-api Completed in 74677ms
2807 http fetch GET 200 https://registry.npmjs.org/ajv-formats/-/ajv-formats-3.0.1.tgz 73780ms attempt #3 (cache miss)
2808 timing reifyNode:node_modules/fast-json-stringify/node_modules/ajv-formats Completed in 74648ms
2809 http fetch GET 200 https://registry.npmjs.org/debug/-/debug-3.2.7.tgz 73781ms attempt #3 (cache miss)
2810 timing reifyNode:node_modules/eslint-plugin-import/node_modules/debug Completed in 74648ms
2811 http fetch GET 200 https://registry.npmjs.org/minipass/-/minipass-7.0.4.tgz 73823ms attempt #3 (cache miss)
2812 timing reifyNode:node_modules/ssri/node_modules/minipass Completed in 74681ms
2813 timing reifyNode:node_modules/fastify-cli/node_modules/fastify-plugin Completed in 74652ms
2814 http fetch GET 200 https://registry.npmjs.org/source-map-support/-/source-map-support-0.5.21.tgz 73805ms attempt #3 (cache miss)
2815 timing reifyNode:node_modules/npm-check-updates/node_modules/source-map-support Completed in 74668ms
2816 http fetch GET 200 https://registry.npmjs.org/source-map-support/-/source-map-support-0.5.13.tgz 74138ms attempt #3 (cache miss)
2817 timing reifyNode:node_modules/source-map-support Completed in 74680ms
2818 http fetch GET 200 https://registry.npmjs.org/globalthis/-/globalthis-1.0.3.tgz 73992ms attempt #3 (cache miss)
2819 timing reifyNode:node_modules/globalthis Completed in 74660ms
2820 http fetch GET 200 https://registry.npmjs.org/globals/-/globals-15.0.0.tgz 73997ms attempt #3 (cache miss)
2821 timing reifyNode:node_modules/globals Completed in 74664ms
2822 http fetch GET 200 https://registry.npmjs.org/semver/-/semver-6.3.1.tgz 73793ms attempt #3 (cache miss)
2823 timing reifyNode:node_modules/eslint-plugin-import/node_modules/semver Completed in 74660ms
2824 http fetch GET 200 https://registry.npmjs.org/fastify-plugin/-/fastify-plugin-4.5.1.tgz 73810ms attempt #3 (cache miss)
2825 http fetch GET 200 https://registry.npmjs.org/minimist/-/minimist-1.2.6.tgz 74081ms attempt #3 (cache miss)
2826 timing reifyNode:node_modules/minimist Completed in 74684ms
2827 timing reifyNode:node_modules/fastify-objectionjs/node_modules/fastify-plugin Completed in 74673ms
2828 http fetch GET 200 https://registry.npmjs.org/help-me/-/help-me-5.0.0.tgz 73804ms attempt #3 (cache miss)
2829 http fetch GET 200 https://registry.npmjs.org/help-me/-/help-me-4.2.0.tgz 74016ms attempt #3 (cache miss)
2830 http fetch GET 200 https://registry.npmjs.org/lru-cache/-/lru-cache-7.18.3.tgz 73821ms attempt #3 (cache miss)
2831 timing reifyNode:node_modules/make-fetch-happen/node_modules/lru-cache Completed in 74689ms
2832 http fetch GET 200 https://registry.npmjs.org/doctrine/-/doctrine-2.1.0.tgz 73809ms attempt #3 (cache miss)
2833 timing reifyNode:node_modules/eslint-plugin-import/node_modules/doctrine Completed in 74676ms
2834 http fetch GET 200 https://registry.npmjs.org/jju/-/jju-1.4.0.tgz 74059ms attempt #3 (cache miss)
2835 timing reifyNode:node_modules/jju Completed in 74692ms
2836 http fetch GET 200 https://registry.npmjs.org/eslint-config-airbnb-base/-/eslint-config-airbnb-base-15.0.0.tgz 73989ms attempt #3 (cache miss)
2837 timing reifyNode:node_modules/eslint-config-airbnb-base Completed in 74681ms
2838 http fetch GET 200 https://registry.npmjs.org/jest-resolve/-/jest-resolve-29.7.0.tgz 74057ms attempt #3 (cache miss)
2839 timing reifyNode:node_modules/jest-resolve Completed in 74694ms
2840 http fetch GET 200 https://registry.npmjs.org/jest-circus/-/jest-circus-29.7.0.tgz 74055ms attempt #3 (cache miss)
2841 timing reifyNode:node_modules/jest-circus Completed in 74698ms
2842 http fetch GET 200 https://registry.npmjs.org/make-fetch-happen/-/make-fetch-happen-10.2.1.tgz 73838ms attempt #3 (cache miss)
2843 timing reifyNode:node_modules/node-gyp/node_modules/make-fetch-happen Completed in 74704ms
2844 timing reifyNode:node_modules/fastify-cli/node_modules/pino-pretty/node_modules/help-me Completed in 74690ms
2845 timing reifyNode:node_modules/help-me Completed in 74695ms
2846 http fetch GET 200 https://registry.npmjs.org/espree/-/espree-9.6.1.tgz 73820ms attempt #3 (cache miss)
2847 timing reifyNode:node_modules/eslint/node_modules/espree Completed in 74689ms
2848 http fetch GET 200 https://registry.npmjs.org/@npmcli/fs/-/fs-2.1.2.tgz 73847ms attempt #3 (cache miss)
2849 timing reifyNode:node_modules/node-gyp/node_modules/@npmcli/fs Completed in 74713ms
2850 http fetch GET 200 https://registry.npmjs.org/lru-cache/-/lru-cache-7.18.3.tgz 73853ms attempt #3 (cache miss)
2851 timing reifyNode:node_modules/normalize-package-data/node_modules/lru-cache Completed in 74717ms
2852 http fetch GET 200 https://registry.npmjs.org/lru-cache/-/lru-cache-7.18.3.tgz 73832ms attempt #3 (cache miss)
2853 timing reifyNode:node_modules/hosted-git-info/node_modules/lru-cache Completed in 74708ms
2854 http fetch GET 200 https://registry.npmjs.org/jest-snapshot/-/jest-snapshot-29.7.0.tgz 74078ms attempt #3 (cache miss)
2855 timing reifyNode:node_modules/jest-snapshot Completed in 74714ms
2856 http fetch GET 200 https://registry.npmjs.org/@types/eslint/-/eslint-8.4.6.tgz 73937ms attempt #3 (cache miss)
2857 timing reifyNode:node_modules/@types/eslint Completed in 74693ms
2858 http fetch GET 200 https://registry.npmjs.org/jest-diff/-/jest-diff-29.7.0.tgz 74077ms attempt #3 (cache miss)
2859 timing reifyNode:node_modules/jest-diff Completed in 74718ms
2860 http fetch GET 200 https://registry.npmjs.org/lru-cache/-/lru-cache-7.18.3.tgz 73841ms attempt #3 (cache miss)
2861 timing reifyNode:node_modules/cacache/node_modules/lru-cache Completed in 74713ms
2862 http fetch GET 200 https://registry.npmjs.org/make-fetch-happen/-/make-fetch-happen-11.1.1.tgz 74117ms attempt #3 (cache miss)
2863 timing reifyNode:node_modules/make-fetch-happen Completed in 74735ms
2864 http fetch GET 200 https://registry.npmjs.org/jest-util/-/jest-util-29.7.0.tgz 74099ms attempt #3 (cache miss)
2865 timing reifyNode:node_modules/jest-util Completed in 74734ms
2866 http fetch GET 200 https://registry.npmjs.org/signal-exit/-/signal-exit-4.1.0.tgz 73865ms attempt #3 (cache miss)
2867 timing reifyNode:node_modules/foreground-child/node_modules/signal-exit Completed in 74728ms
2868 http fetch GET 200 https://registry.npmjs.org/fastify-error-page/-/fastify-error-page-4.0.0.tgz 74070ms attempt #3 (cache miss)
2869 timing reifyNode:node_modules/fastify-error-page Completed in 74751ms
2870 http fetch GET 200 https://registry.npmjs.org/jest-config/-/jest-config-29.7.0.tgz 74123ms attempt #3 (cache miss)
2871 timing reifyNode:node_modules/jest-config Completed in 74765ms
2872 http fetch GET 200 https://registry.npmjs.org/http2-wrapper/-/http2-wrapper-2.1.11.tgz 74113ms attempt #3 (cache miss)
2873 timing reifyNode:node_modules/http2-wrapper Completed in 74776ms
2874 http fetch GET 200 https://registry.npmjs.org/jest-worker/-/jest-worker-29.7.0.tgz 74166ms attempt #3 (cache miss)
2875 timing reifyNode:node_modules/jest-worker Completed in 74802ms
2876 http fetch GET 200 https://registry.npmjs.org/jest-haste-map/-/jest-haste-map-29.7.0.tgz 74168ms attempt #3 (cache miss)
2877 timing reifyNode:node_modules/jest-haste-map Completed in 74806ms
2878 http fetch GET 200 https://registry.npmjs.org/light-my-request/-/light-my-request-5.13.0.tgz 74212ms attempt #3 (cache miss)
2879 timing reifyNode:node_modules/light-my-request Completed in 74837ms
2880 http fetch GET 200 https://registry.npmjs.org/minipass/-/minipass-7.0.4.tgz 73970ms attempt #3 (cache miss)
2881 timing reifyNode:node_modules/glob/node_modules/minipass Completed in 74833ms
2882 http fetch GET 200 https://registry.npmjs.org/minipass/-/minipass-7.0.4.tgz 73975ms attempt #3 (cache miss)
2883 timing reifyNode:node_modules/minipass-fetch/node_modules/minipass Completed in 74845ms
2884 http fetch GET 200 https://registry.npmjs.org/got/-/got-12.3.1.tgz 74174ms attempt #3 (cache miss)
2885 http fetch GET 200 https://registry.npmjs.org/jackspeak/-/jackspeak-2.3.6.tgz 74212ms attempt #3 (cache miss)
2886 timing reifyNode:node_modules/jackspeak Completed in 74856ms
2887 timing reifyNode:node_modules/got Completed in 74852ms
2888 http fetch GET 200 https://registry.npmjs.org/minipass/-/minipass-7.0.4.tgz 74000ms attempt #3 (cache miss)
2889 timing reifyNode:node_modules/pacote/node_modules/fs-minipass/node_modules/minipass Completed in 74867ms
2890 http fetch GET 200 https://registry.npmjs.org/minipass/-/minipass-7.0.4.tgz 74005ms attempt #3 (cache miss)
2891 timing reifyNode:node_modules/path-scurry/node_modules/minipass Completed in 74868ms
2892 http fetch GET 200 https://registry.npmjs.org/sequelize 73715ms attempt #3 (cache miss)
2893 timing metavuln:packument:sequelize Completed in 73720ms
2894 timing metavuln:load:security-advisory:sequelize:1114318 Completed in 10ms
2895 http fetch GET 200 https://registry.npmjs.org/lru-cache/-/lru-cache-10.2.0.tgz 74078ms attempt #3 (cache miss)
2896 timing reifyNode:node_modules/path-scurry/node_modules/lru-cache Completed in 74941ms
2897 http fetch GET 200 https://registry.npmjs.org/graphemer/-/graphemer-1.4.0.tgz 74268ms attempt #3 (cache miss)
2898 timing reifyNode:node_modules/graphemer Completed in 74941ms
2899 timing metavuln:cache:put:security-advisory:sequelize:wjhMoLZiiqIacD4+V2lI9921Z2ZeJryL/EpzUzvbYcIegwFDJzNWjjO/YQBa50uUmoyjfCuJxHX0z9qwD769Dg== Completed in 50ms
2900 timing metavuln:calculate:security-advisory:sequelize:1114318 Completed in 73785ms
2901 http fetch GET 200 https://registry.npmjs.org/postcss/-/postcss-8.4.38.tgz 74345ms attempt #3 (cache miss)
2902 timing reifyNode:node_modules/postcss Completed in 74986ms
2903 http fetch GET 200 https://registry.npmjs.org/readable-stream/-/readable-stream-4.5.2.tgz 74128ms attempt #3 (cache miss)
2904 timing reifyNode:node_modules/pino-abstract-transport/node_modules/readable-stream Completed in 74994ms
2905 http fetch GET 200 https://registry.npmjs.org/readable-stream/-/readable-stream-4.5.2.tgz 74121ms attempt #3 (cache miss)
2906 timing reifyNode:node_modules/fastify-cli/node_modules/readable-stream Completed in 74986ms
2907 http fetch GET 200 https://registry.npmjs.org/type-fest/-/type-fest-1.4.0.tgz 74128ms attempt #3 (cache miss)
2908 timing reifyNode:node_modules/crypto-random-string/node_modules/type-fest Completed in 74996ms
2909 http fetch GET 200 https://registry.npmjs.org/js-yaml/-/js-yaml-4.1.0.tgz 74383ms attempt #3 (cache miss)
2910 timing reifyNode:node_modules/js-yaml Completed in 75015ms
2911 http fetch GET 200 https://registry.npmjs.org/iconv-lite/-/iconv-lite-0.6.3.tgz 74353ms attempt #3 (cache miss)
2912 http fetch GET 200 https://registry.npmjs.org/i18next/-/i18next-23.11.2.tgz 74353ms attempt #3 (cache miss)
2913 timing reifyNode:node_modules/i18next Completed in 75015ms
2914 timing reifyNode:node_modules/iconv-lite Completed in 75018ms
2915 http fetch GET 200 https://registry.npmjs.org/minimatch/-/minimatch-9.0.4.tgz 74168ms attempt #3 (cache miss)
2916 http fetch GET 200 https://registry.npmjs.org/minimatch/-/minimatch-9.0.4.tgz 74158ms attempt #3 (cache miss)
2917 http fetch GET 200 https://registry.npmjs.org/minimatch/-/minimatch-9.0.4.tgz 74160ms attempt #3 (cache miss)
2918 timing reifyNode:node_modules/glob/node_modules/minimatch Completed in 75024ms
2919 timing reifyNode:node_modules/npm-check-updates/node_modules/minimatch Completed in 75037ms
2920 http fetch GET 200 https://registry.npmjs.org/glob/-/glob-10.3.12.tgz 74357ms attempt #3 (cache miss)
2921 timing reifyNode:node_modules/ignore-walk/node_modules/minimatch Completed in 75028ms
2922 timing reifyNode:node_modules/glob Completed in 75030ms
2923 http fetch GET 200 https://registry.npmjs.org/pino-pretty/-/pino-pretty-10.3.1.tgz 74188ms attempt #3 (cache miss)
2924 http fetch GET 200 https://registry.npmjs.org/@babel/traverse/-/traverse-7.24.1.tgz 74227ms attempt #3 (cache miss)
2925 timing reifyNode:node_modules/@babel/traverse Completed in 75035ms
2926 timing reifyNode:node_modules/fastify-cli/node_modules/pino-pretty Completed in 75058ms
2927 http fetch GET 200 https://registry.npmjs.org/acorn/-/acorn-7.4.1.tgz 74204ms attempt #3 (cache miss)
2928 timing reifyNode:node_modules/is-expression/node_modules/acorn Completed in 75069ms
2929 http fetch GET 200 https://registry.npmjs.org/istanbul-reports/-/istanbul-reports-3.1.7.tgz 74442ms attempt #3 (cache miss)
2930 http fetch GET 200 https://registry.npmjs.org/webpack 73906ms attempt #3 (cache miss)
2931 timing metavuln:packument:webpack Completed in 73916ms
2932 timing metavuln:load:security-advisory:webpack:1113041 Completed in 7ms
2933 timing metavuln:load:security-advisory:webpack:1113042 Completed in 6ms
2934 timing metavuln:load:security-advisory:webpack:1099351 Completed in 7ms
2935 timing reifyNode:node_modules/istanbul-reports Completed in 75123ms
2936 http fetch GET 200 https://registry.npmjs.org/@fastify/view/-/view-9.0.0.tgz 74338ms attempt #3 (cache miss)
2937 timing reifyNode:node_modules/@fastify/view Completed in 75120ms
2938 timing metavuln:cache:put:security-advisory:webpack:IzHFkMfHDC+SV3IL23ZHngntgLDUgyESA9Ge8Mh5rKNVcDpaWLuTZIcoUJg4/bAH+BQlnDzJ4nLfJCy6fOIM0A== Completed in 40ms
2939 timing metavuln:calculate:security-advisory:webpack:1113041 Completed in 73963ms
2940 timing metavuln:cache:put:security-advisory:webpack:s8eUYzfoKCRSDroeyV91F0huXvDaY4W8tlhzcL2BszFV9dolZHIAn/UZ/7LVU12F35esXqY1PqnhYKHfHcDozQ== Completed in 35ms
2941 timing metavuln:calculate:security-advisory:webpack:1113042 Completed in 73964ms
2942 timing metavuln:cache:put:security-advisory:webpack:7Pl1j4sHKhCQAEccTmt3XZIEEazRzvyC0TOx07N0G7o5OIhhZ0j0Ji3KSCbTwfmCR/2OHJ3Mx5ZmedDQEQeBbg== Completed in 28ms
2943 timing metavuln:calculate:security-advisory:webpack:1099351 Completed in 73965ms
2944 timing metavuln:cache:get:security-advisory:@babel/core:rHFDgAPDp/sCXbJTVH1CD++gRwqnDm1l5hjqv1UshTfFC03lkAXjHj5sWn7bV61VhpDSBibBqnzYuoOuIJuY0Q== Completed in 2ms
2945 http fetch GET 200 https://registry.npmjs.org/ajv-keywords/-/ajv-keywords-5.1.0.tgz 74328ms attempt #3 (cache miss)
2946 timing reifyNode:node_modules/schema-utils/node_modules/ajv-keywords Completed in 75183ms
2947 http fetch GET 200 https://registry.npmjs.org/js-beautify/-/js-beautify-1.15.1.tgz 74568ms attempt #3 (cache miss)
2948 timing reifyNode:node_modules/js-beautify Completed in 75200ms
2949 http fetch GET 200 https://registry.npmjs.org/@babel%2fcore 109ms (cache miss)
2950 timing metavuln:packument:@babel/core Completed in 112ms
2951 timing metavuln:load:security-advisory:@babel/core:+NsF1flAI8VENgJn0XVIWaC4lCe3b89AZgBOx219qXn/BdXH1EWl/yD49aHbhQimIG4kna8zgkunsmpiAVwNPQ== Completed in 4ms
2952 timing metavuln:cache:put:security-advisory:@babel/core:rHFDgAPDp/sCXbJTVH1CD++gRwqnDm1l5hjqv1UshTfFC03lkAXjHj5sWn7bV61VhpDSBibBqnzYuoOuIJuY0Q== Completed in 17ms
2953 timing metavuln:calculate:security-advisory:@babel/core:+NsF1flAI8VENgJn0XVIWaC4lCe3b89AZgBOx219qXn/BdXH1EWl/yD49aHbhQimIG4kna8zgkunsmpiAVwNPQ== Completed in 133ms
2954 timing metavuln:cache:get:security-advisory:date-fns:kHMTVg+O95Y0EFfM2HO1mb7SZ4p5vWeiW1gikHyGe2x3c6+UXU8uqt+wXkUDmiXnjlJPeS0xt/QOsr/K++6P+Q== Completed in 1ms
2955 timing metavuln:cache:get:security-advisory:i18next:l4tbfjbVOZGuH/00FuoHxAf5DtkJBCMqzu0CQ4juWz1pfNe0diGF78qD/NikjjOQugC9THUj3QGPzO/X2ByTaQ== Completed in 1ms
2956 http fetch GET 200 https://registry.npmjs.org/fastify-cli/-/fastify-cli-6.1.1.tgz 74679ms attempt #3 (cache miss)
2957 timing reifyNode:node_modules/fastify-cli Completed in 75362ms
2958 http fetch GET 200 https://registry.npmjs.org/date-fns 99ms (cache miss)
2959 timing metavuln:packument:date-fns Completed in 102ms
2960 timing metavuln:load:security-advisory:date-fns:xDaNmlS3J8LRk7IfDb7e9Gp3gcy/xDr1QZXCKC997SMkqKVemm2guY9vQpRI6omD11L5cfCI+STpoAdxUgnVsA== Completed in 2ms
2961 timing metavuln:cache:put:security-advisory:date-fns:kHMTVg+O95Y0EFfM2HO1mb7SZ4p5vWeiW1gikHyGe2x3c6+UXU8uqt+wXkUDmiXnjlJPeS0xt/QOsr/K++6P+Q== Completed in 14ms
2962 timing metavuln:calculate:security-advisory:date-fns:xDaNmlS3J8LRk7IfDb7e9Gp3gcy/xDr1QZXCKC997SMkqKVemm2guY9vQpRI6omD11L5cfCI+STpoAdxUgnVsA== Completed in 119ms
2963 http fetch GET 200 https://registry.npmjs.org/knex/-/knex-3.1.0.tgz 74833ms attempt #3 (cache miss)
2964 timing reifyNode:node_modules/knex Completed in 75461ms
2965 http fetch GET 200 https://registry.npmjs.org/knex/-/knex-2.5.1.tgz 74589ms attempt #3 (cache miss)
2966 timing reifyNode:node_modules/fastify-objectionjs/node_modules/knex Completed in 75451ms
2967 http fetch GET 200 https://registry.npmjs.org/i18next 204ms (cache miss)
2968 timing metavuln:packument:i18next Completed in 209ms
2969 timing metavuln:load:security-advisory:i18next:xDaNmlS3J8LRk7IfDb7e9Gp3gcy/xDr1QZXCKC997SMkqKVemm2guY9vQpRI6omD11L5cfCI+STpoAdxUgnVsA== Completed in 5ms
2970 timing metavuln:cache:put:security-advisory:i18next:l4tbfjbVOZGuH/00FuoHxAf5DtkJBCMqzu0CQ4juWz1pfNe0diGF78qD/NikjjOQugC9THUj3QGPzO/X2ByTaQ== Completed in 15ms
2971 timing metavuln:calculate:security-advisory:i18next:xDaNmlS3J8LRk7IfDb7e9Gp3gcy/xDr1QZXCKC997SMkqKVemm2guY9vQpRI6omD11L5cfCI+STpoAdxUgnVsA== Completed in 230ms
2972 timing metavuln:cache:get:security-advisory:@eslint/eslintrc:aTNWJFSkw5DS4SB2nZgnaAFFdAXCgYakUu7Vnu0VAj0AclpVyjznKIgNeS8Irm+NcHSORmoypttmDbChxemxqA== Completed in 3ms
2973 timing metavuln:cache:get:security-advisory:ajv-keywords:CfFtUnAadfuCbS71yeRl9tl/9HIXJ6js/s7gXlcBmi25TSuj5fGBRan13Z6fruYADIymacHLp/CVDNUa5XJjlQ== Completed in 2ms
2974 timing metavuln:cache:get:security-advisory:eslint:6kRX7Aokk76Jx6XoOHiMSU8BTR90SQMK5AZjmt7HFdN87a8DFzzjuJwsTWoA1xHp5ATdta4R7ud3Xw2YczLZlA== Completed in 2ms
2975 timing metavuln:cache:get:security-advisory:schema-utils:vlNV1ObVfukgjaciZvL6tO81wrIqbupJy3JWyMpfVe/qCIyWAVHkVJWWQRgYkBk00jAcxPQ8I4FgEcesSO9D+Q== Completed in 1ms
2976 http fetch GET 200 https://registry.npmjs.org/es5-ext/-/es5-ext-0.10.64.tgz 74875ms attempt #3 (cache miss)
2977 timing reifyNode:node_modules/es5-ext Completed in 75571ms
2978 http fetch GET 200 https://registry.npmjs.org/ajv/-/ajv-8.11.0.tgz 74752ms attempt #3 (cache miss)
2979 timing reifyNode:node_modules/schema-utils/node_modules/ajv Completed in 75609ms
2980 http fetch GET 200 https://registry.npmjs.org/schema-utils 85ms (cache miss)
2981 timing metavuln:packument:schema-utils Completed in 86ms
2982 timing metavuln:load:security-advisory:schema-utils:u4HOZ0QFYFTDLqnZ5TPSC8VEvP+HMuGcZACJuTqG8bm/gunrgkQwsiiH2pbF9tNIl45RK0sW2ccPzEojb1k0xQ== Completed in 1ms
2983 http fetch GET 200 https://registry.npmjs.org/ajv-keywords 88ms (cache miss)
2984 timing metavuln:packument:ajv-keywords Completed in 88ms
2985 timing metavuln:load:security-advisory:ajv-keywords:u4HOZ0QFYFTDLqnZ5TPSC8VEvP+HMuGcZACJuTqG8bm/gunrgkQwsiiH2pbF9tNIl45RK0sW2ccPzEojb1k0xQ== Completed in 1ms
2986 http fetch GET 200 https://registry.npmjs.org/@eslint%2feslintrc 96ms (cache miss)
2987 timing metavuln:packument:@eslint/eslintrc Completed in 97ms
2988 timing metavuln:load:security-advisory:@eslint/eslintrc:u4HOZ0QFYFTDLqnZ5TPSC8VEvP+HMuGcZACJuTqG8bm/gunrgkQwsiiH2pbF9tNIl45RK0sW2ccPzEojb1k0xQ== Completed in 0ms
2989 timing metavuln:cache:put:security-advisory:schema-utils:vlNV1ObVfukgjaciZvL6tO81wrIqbupJy3JWyMpfVe/qCIyWAVHkVJWWQRgYkBk00jAcxPQ8I4FgEcesSO9D+Q== Completed in 11ms
2990 timing metavuln:calculate:security-advisory:schema-utils:u4HOZ0QFYFTDLqnZ5TPSC8VEvP+HMuGcZACJuTqG8bm/gunrgkQwsiiH2pbF9tNIl45RK0sW2ccPzEojb1k0xQ== Completed in 99ms
2991 timing metavuln:cache:put:security-advisory:ajv-keywords:CfFtUnAadfuCbS71yeRl9tl/9HIXJ6js/s7gXlcBmi25TSuj5fGBRan13Z6fruYADIymacHLp/CVDNUa5XJjlQ== Completed in 11ms
2992 timing metavuln:calculate:security-advisory:ajv-keywords:u4HOZ0QFYFTDLqnZ5TPSC8VEvP+HMuGcZACJuTqG8bm/gunrgkQwsiiH2pbF9tNIl45RK0sW2ccPzEojb1k0xQ== Completed in 100ms
2993 timing metavuln:cache:put:security-advisory:@eslint/eslintrc:aTNWJFSkw5DS4SB2nZgnaAFFdAXCgYakUu7Vnu0VAj0AclpVyjznKIgNeS8Irm+NcHSORmoypttmDbChxemxqA== Completed in 9ms
2994 timing metavuln:calculate:security-advisory:@eslint/eslintrc:u4HOZ0QFYFTDLqnZ5TPSC8VEvP+HMuGcZACJuTqG8bm/gunrgkQwsiiH2pbF9tNIl45RK0sW2ccPzEojb1k0xQ== Completed in 107ms
2995 http fetch GET 200 https://registry.npmjs.org/ajv/-/ajv-8.12.0.tgz 74755ms attempt #3 (cache miss)
2996 timing reifyNode:node_modules/fast-json-stringify/node_modules/ajv Completed in 75623ms
2997 http fetch GET 200 https://registry.npmjs.org/eslint 124ms (cache miss)
2998 timing metavuln:packument:eslint Completed in 131ms
2999 timing metavuln:load:security-advisory:eslint:u4HOZ0QFYFTDLqnZ5TPSC8VEvP+HMuGcZACJuTqG8bm/gunrgkQwsiiH2pbF9tNIl45RK0sW2ccPzEojb1k0xQ== Completed in 3ms
3000 timing metavuln:cache:put:security-advisory:eslint:6kRX7Aokk76Jx6XoOHiMSU8BTR90SQMK5AZjmt7HFdN87a8DFzzjuJwsTWoA1xHp5ATdta4R7ud3Xw2YczLZlA== Completed in 8ms
3001 timing metavuln:calculate:security-advisory:eslint:u4HOZ0QFYFTDLqnZ5TPSC8VEvP+HMuGcZACJuTqG8bm/gunrgkQwsiiH2pbF9tNIl45RK0sW2ccPzEojb1k0xQ== Completed in 142ms
3002 timing metavuln:cache:get:security-advisory:@fastify/ajv-compiler:+MLdGrUswLVyvmXiuYG66Nr9N0uWS06Mp2b1NPYRzxFzRanMM4snyVQYmf7jDlBCLmagi+ylWXX6kGn5g5IXJg== Completed in 3ms
3003 timing metavuln:cache:get:security-advisory:ajv-formats:FvZpb7jSNyyWiQIVPGitnU868Mo9VzJTfWeYAHvgwc94UdQjyn/4YC1QV41UK3biKRAfI35CyKmFL3IDemDaKQ== Completed in 2ms
3004 timing metavuln:cache:get:security-advisory:fast-json-stringify:XZWsOq+kHn1UjLK/uKvUbRzYGtOQyzV/hW4n+VQ+pUIUFFHT8wgzf3SfcccZ6hMHYV0BuN0TqHOEr1Pvh2AbvQ== Completed in 2ms
3005 timing metavuln:cache:get:security-advisory:objection:jeTPYs/kAD6NSRH/MdI7QnU+4Hiwje7WgQEBOjoTX9eJtgPbcSXlxjiVq480QD1AoBjpOEDDxi5b4uTcS/+5FA== Completed in 1ms
3006 timing metavuln:cache:get:security-advisory:schema-utils:jeD++QW3RmuXUj4724QcitSOqXm1y5wbrmfm8CQ+ksMJQx9x5aXXN4+FC6sDGla6lZbT/KpvddsLwTCnkcqp7w== Completed in 1ms
3007 timing metavuln:load:security-advisory:schema-utils:URErmxoyazZWR5lFcXpgTkGsbkrUBDlzD8W6txjBw2wZoOC7oHjHFfCrRr/VnGeJvbyUY9E2jxrL8p2XbwfP8g== Completed in 1ms
3008 timing metavuln:cache:get:security-advisory:ajv-keywords:2GXRn8zsuxNEY7/qN6wYE4CrPKkAphM+4Wm/OdOGHx+Nj0CLwtJcho1aVT3xUylELIHg6tXqQVmGBKQ2DdlCMA== Completed in 2ms
3009 timing metavuln:load:security-advisory:ajv-keywords:URErmxoyazZWR5lFcXpgTkGsbkrUBDlzD8W6txjBw2wZoOC7oHjHFfCrRr/VnGeJvbyUY9E2jxrL8p2XbwfP8g== Completed in 0ms
3010 timing metavuln:cache:put:security-advisory:schema-utils:jeD++QW3RmuXUj4724QcitSOqXm1y5wbrmfm8CQ+ksMJQx9x5aXXN4+FC6sDGla6lZbT/KpvddsLwTCnkcqp7w== Completed in 11ms
3011 timing metavuln:calculate:security-advisory:schema-utils:URErmxoyazZWR5lFcXpgTkGsbkrUBDlzD8W6txjBw2wZoOC7oHjHFfCrRr/VnGeJvbyUY9E2jxrL8p2XbwfP8g== Completed in 13ms
3012 timing metavuln:cache:put:security-advisory:ajv-keywords:2GXRn8zsuxNEY7/qN6wYE4CrPKkAphM+4Wm/OdOGHx+Nj0CLwtJcho1aVT3xUylELIHg6tXqQVmGBKQ2DdlCMA== Completed in 12ms
3013 timing metavuln:calculate:security-advisory:ajv-keywords:URErmxoyazZWR5lFcXpgTkGsbkrUBDlzD8W6txjBw2wZoOC7oHjHFfCrRr/VnGeJvbyUY9E2jxrL8p2XbwfP8g== Completed in 14ms
3014 http fetch GET 200 https://registry.npmjs.org/@fastify%2fajv-compiler 62ms (cache miss)
3015 timing metavuln:packument:@fastify/ajv-compiler Completed in 63ms
3016 timing metavuln:load:security-advisory:@fastify/ajv-compiler:URErmxoyazZWR5lFcXpgTkGsbkrUBDlzD8W6txjBw2wZoOC7oHjHFfCrRr/VnGeJvbyUY9E2jxrL8p2XbwfP8g== Completed in 1ms
3017 timing metavuln:cache:put:security-advisory:@fastify/ajv-compiler:+MLdGrUswLVyvmXiuYG66Nr9N0uWS06Mp2b1NPYRzxFzRanMM4snyVQYmf7jDlBCLmagi+ylWXX6kGn5g5IXJg== Completed in 7ms
3018 timing metavuln:calculate:security-advisory:@fastify/ajv-compiler:URErmxoyazZWR5lFcXpgTkGsbkrUBDlzD8W6txjBw2wZoOC7oHjHFfCrRr/VnGeJvbyUY9E2jxrL8p2XbwfP8g== Completed in 72ms
3019 http fetch GET 200 https://registry.npmjs.org/fast-json-stringify 85ms (cache miss)
3020 timing metavuln:packument:fast-json-stringify Completed in 87ms
3021 timing metavuln:load:security-advisory:fast-json-stringify:URErmxoyazZWR5lFcXpgTkGsbkrUBDlzD8W6txjBw2wZoOC7oHjHFfCrRr/VnGeJvbyUY9E2jxrL8p2XbwfP8g== Completed in 1ms
3022 timing metavuln:cache:put:security-advisory:fast-json-stringify:XZWsOq+kHn1UjLK/uKvUbRzYGtOQyzV/hW4n+VQ+pUIUFFHT8wgzf3SfcccZ6hMHYV0BuN0TqHOEr1Pvh2AbvQ== Completed in 7ms
3023 timing metavuln:calculate:security-advisory:fast-json-stringify:URErmxoyazZWR5lFcXpgTkGsbkrUBDlzD8W6txjBw2wZoOC7oHjHFfCrRr/VnGeJvbyUY9E2jxrL8p2XbwfP8g== Completed in 95ms
3024 http fetch GET 200 https://registry.npmjs.org/moment/-/moment-2.30.1.tgz 75168ms attempt #3 (cache miss)
3025 timing reifyNode:node_modules/moment Completed in 75769ms
3026 http fetch GET 200 https://registry.npmjs.org/ajv-formats 185ms (cache miss)
3027 timing metavuln:packument:ajv-formats Completed in 186ms
3028 timing metavuln:load:security-advisory:ajv-formats:URErmxoyazZWR5lFcXpgTkGsbkrUBDlzD8W6txjBw2wZoOC7oHjHFfCrRr/VnGeJvbyUY9E2jxrL8p2XbwfP8g== Completed in 0ms
3029 timing metavuln:cache:put:security-advisory:ajv-formats:FvZpb7jSNyyWiQIVPGitnU868Mo9VzJTfWeYAHvgwc94UdQjyn/4YC1QV41UK3biKRAfI35CyKmFL3IDemDaKQ== Completed in 6ms
3030 timing metavuln:calculate:security-advisory:ajv-formats:URErmxoyazZWR5lFcXpgTkGsbkrUBDlzD8W6txjBw2wZoOC7oHjHFfCrRr/VnGeJvbyUY9E2jxrL8p2XbwfP8g== Completed in 192ms
3031 http fetch GET 200 https://registry.npmjs.org/objection 249ms (cache miss)
3032 timing metavuln:packument:objection Completed in 250ms
3033 timing metavuln:load:security-advisory:objection:URErmxoyazZWR5lFcXpgTkGsbkrUBDlzD8W6txjBw2wZoOC7oHjHFfCrRr/VnGeJvbyUY9E2jxrL8p2XbwfP8g== Completed in 2ms
3034 timing metavuln:cache:put:security-advisory:objection:jeTPYs/kAD6NSRH/MdI7QnU+4Hiwje7WgQEBOjoTX9eJtgPbcSXlxjiVq480QD1AoBjpOEDDxi5b4uTcS/+5FA== Completed in 4ms
3035 timing metavuln:calculate:security-advisory:objection:URErmxoyazZWR5lFcXpgTkGsbkrUBDlzD8W6txjBw2wZoOC7oHjHFfCrRr/VnGeJvbyUY9E2jxrL8p2XbwfP8g== Completed in 257ms
3036 timing metavuln:cache:get:security-advisory:@istanbuljs/load-nyc-config:w/86FNlNAKUQI54d7RUzBsP1/0m9gEqvzcKgVc1hG/QVJuqE1LIXvZVbQtAg4c7kez3/aUOM4JWOhkj3kEEPVA== Completed in 1ms
3037 http fetch GET 200 https://registry.npmjs.org/@istanbuljs%2fload-nyc-config 65ms (cache miss)
3038 timing metavuln:packument:@istanbuljs/load-nyc-config Completed in 65ms
3039 timing metavuln:load:security-advisory:@istanbuljs/load-nyc-config:MQ5RokLIvrWmT8/NQU0dD+jQ+6pFslHlaXx1Z5q7mESITohR8AwLT525ddIc2KvKZYbB1p5yclW3kV4xeRYXEg== Completed in 1ms
3040 timing metavuln:cache:put:security-advisory:@istanbuljs/load-nyc-config:w/86FNlNAKUQI54d7RUzBsP1/0m9gEqvzcKgVc1hG/QVJuqE1LIXvZVbQtAg4c7kez3/aUOM4JWOhkj3kEEPVA== Completed in 6ms
3041 timing metavuln:calculate:security-advisory:@istanbuljs/load-nyc-config:MQ5RokLIvrWmT8/NQU0dD+jQ+6pFslHlaXx1Z5q7mESITohR8AwLT525ddIc2KvKZYbB1p5yclW3kV4xeRYXEg== Completed in 72ms
3042 timing metavuln:cache:get:security-advisory:@eslint/eslintrc:+dj/LqpwTuLnMbBYuGIzIb6b3zspptDh0rakRHhZtIReGOQCQDIXFUqoHFXyUBrXqkKL96IYWa7gOtmMPQ2AIw== Completed in 2ms
3043 timing metavuln:load:security-advisory:@eslint/eslintrc:621IdjBdZEeVoUcjWGl1jXN0jFDGaf7dIQMeaPVKf5MxqYprJztiOC0OHOUPVoayh7Cq/fTC8L5CqEb98qlE7w== Completed in 0ms
3044 timing metavuln:cache:get:security-advisory:npm-check-updates:9vC8VlwNHMPreDKCmfk/iQYKr5FKq35DZWscTOeXqRjPbM+Efw5aQBr9cfJGMTacDylcPe1nQJ5GQctXjbhmEA== Completed in 3ms
3045 timing metavuln:cache:get:security-advisory:eslint:tWpS8shwtPvlnKrr0IDTnNgdZsEAPzEyjXys9cT2vEpfBr9XWHwJtpN5VN/tlasnmObTFIj3QrfKiIX5Y5+g2Q== Completed in 3ms
3046 timing metavuln:load:security-advisory:eslint:621IdjBdZEeVoUcjWGl1jXN0jFDGaf7dIQMeaPVKf5MxqYprJztiOC0OHOUPVoayh7Cq/fTC8L5CqEb98qlE7w== Completed in 6ms
3047 timing metavuln:cache:get:security-advisory:rc-config-loader:q4AulNladPM/Ic9lEbKbGuyQzjCn1jqwz0AMYs/yQHvgYOx1mDpLBZLgKZBAnHqoDFu8LWanb5hOiIEPx1/klw== Completed in 8ms
3048 timing metavuln:cache:put:security-advisory:eslint:tWpS8shwtPvlnKrr0IDTnNgdZsEAPzEyjXys9cT2vEpfBr9XWHwJtpN5VN/tlasnmObTFIj3QrfKiIX5Y5+g2Q== Completed in 6ms
3049 timing metavuln:calculate:security-advisory:eslint:621IdjBdZEeVoUcjWGl1jXN0jFDGaf7dIQMeaPVKf5MxqYprJztiOC0OHOUPVoayh7Cq/fTC8L5CqEb98qlE7w== Completed in 15ms
3050 timing metavuln:cache:put:security-advisory:@eslint/eslintrc:+dj/LqpwTuLnMbBYuGIzIb6b3zspptDh0rakRHhZtIReGOQCQDIXFUqoHFXyUBrXqkKL96IYWa7gOtmMPQ2AIw== Completed in 13ms
3051 timing metavuln:calculate:security-advisory:@eslint/eslintrc:621IdjBdZEeVoUcjWGl1jXN0jFDGaf7dIQMeaPVKf5MxqYprJztiOC0OHOUPVoayh7Cq/fTC8L5CqEb98qlE7w== Completed in 15ms
3052 http fetch GET 200 https://registry.npmjs.org/rc-config-loader 66ms (cache miss)
3053 timing metavuln:packument:rc-config-loader Completed in 66ms
3054 timing metavuln:load:security-advisory:rc-config-loader:621IdjBdZEeVoUcjWGl1jXN0jFDGaf7dIQMeaPVKf5MxqYprJztiOC0OHOUPVoayh7Cq/fTC8L5CqEb98qlE7w== Completed in 0ms
3055 timing metavuln:cache:put:security-advisory:rc-config-loader:q4AulNladPM/Ic9lEbKbGuyQzjCn1jqwz0AMYs/yQHvgYOx1mDpLBZLgKZBAnHqoDFu8LWanb5hOiIEPx1/klw== Completed in 6ms
3056 timing metavuln:calculate:security-advisory:rc-config-loader:621IdjBdZEeVoUcjWGl1jXN0jFDGaf7dIQMeaPVKf5MxqYprJztiOC0OHOUPVoayh7Cq/fTC8L5CqEb98qlE7w== Completed in 73ms
3057 http fetch GET 200 https://registry.npmjs.org/npm-check-updates 109ms (cache miss)
3058 timing metavuln:packument:npm-check-updates Completed in 114ms
3059 timing metavuln:load:security-advisory:npm-check-updates:621IdjBdZEeVoUcjWGl1jXN0jFDGaf7dIQMeaPVKf5MxqYprJztiOC0OHOUPVoayh7Cq/fTC8L5CqEb98qlE7w== Completed in 4ms
3060 timing metavuln:cache:put:security-advisory:npm-check-updates:9vC8VlwNHMPreDKCmfk/iQYKr5FKq35DZWscTOeXqRjPbM+Efw5aQBr9cfJGMTacDylcPe1nQJ5GQctXjbhmEA== Completed in 7ms
3061 timing metavuln:calculate:security-advisory:npm-check-updates:621IdjBdZEeVoUcjWGl1jXN0jFDGaf7dIQMeaPVKf5MxqYprJztiOC0OHOUPVoayh7Cq/fTC8L5CqEb98qlE7w== Completed in 126ms
3062 timing metavuln:cache:get:security-advisory:js-beautify:Vg4oCCAQB/t0zzprsEbdJg6TgVHuRJw0PRholaLu8gEgXPNwujG9YYkL+R6A/jlFVJswJIA/24mjV0y67XN7RQ== Completed in 1ms
3063 timing metavuln:cache:get:security-advisory:cacache:jgcnDPpQA6Pd0WUq11of4JS3nfZzFbYPGEiM5lXhkm38JNpJrS4nuiCNInBrG+RFBevWIak8ZWL+tkpr1DlzGg== Completed in 2ms
3064 timing metavuln:cache:get:security-advisory:@fastify/static:TJO1f5BqMO4qMGONrc+X2aE91hAeJVEa64O46oNWsNPJu2NMTiGs2lLdmyRmAW0v3iBC5Nb7yZi+GFX0dYya2A== Completed in 2ms
3065 timing metavuln:cache:get:security-advisory:rimraf:U6dWjEG+wBLaAeoUiIjGQdamS87vxL0a3IcTpkHufDNqr9Eagu7/CvMBwQallZVI2Pl2lkAMB2WJoO94XiR/Rw== Completed in 1ms
3066 timing metavuln:cache:get:security-advisory:read-package-json:5WkYUYsTGprHudeNOjhfcYXDGB8eWDswOp2+aJWtp1ncEbaoiGa2Q1lkBQE7lR7C0v/5HFdS8ID7fdeWkZPMug== Completed in 1ms
3067 http fetch GET 200 https://registry.npmjs.org/es-abstract/-/es-abstract-1.23.3.tgz 75415ms attempt #3 (cache miss)
3068 timing reifyNode:node_modules/es-abstract Completed in 76112ms
3069 http fetch GET 200 https://registry.npmjs.org/rimraf 5161ms (cache miss)
3070 timing metavuln:packument:rimraf Completed in 5162ms
3071 timing metavuln:load:security-advisory:rimraf:NTB2XjbDOgk4lkd8PZ3tUAm1F3E/ohGF6rl9/3LEO7Z0FDzSR5nWwzd3nUENA3NCNdyeR+35DOC12wPml2IV+g== Completed in 3ms
3072 http fetch GET 200 https://registry.npmjs.org/@fastify%2fstatic 5168ms (cache miss)
3073 timing metavuln:packument:@fastify/static Completed in 5170ms
3074 timing metavuln:load:security-advisory:@fastify/static:NTB2XjbDOgk4lkd8PZ3tUAm1F3E/ohGF6rl9/3LEO7Z0FDzSR5nWwzd3nUENA3NCNdyeR+35DOC12wPml2IV+g== Completed in 2ms
3075 http fetch GET 200 https://registry.npmjs.org/read-package-json 5187ms (cache miss)
3076 timing metavuln:packument:read-package-json Completed in 5189ms
3077 timing metavuln:load:security-advisory:read-package-json:NTB2XjbDOgk4lkd8PZ3tUAm1F3E/ohGF6rl9/3LEO7Z0FDzSR5nWwzd3nUENA3NCNdyeR+35DOC12wPml2IV+g== Completed in 4ms
3078 http fetch GET 200 https://registry.npmjs.org/cacache 5254ms (cache miss)
3079 timing metavuln:packument:cacache Completed in 5256ms
3080 timing metavuln:load:security-advisory:cacache:NTB2XjbDOgk4lkd8PZ3tUAm1F3E/ohGF6rl9/3LEO7Z0FDzSR5nWwzd3nUENA3NCNdyeR+35DOC12wPml2IV+g== Completed in 1ms
3081 http fetch GET 200 https://registry.npmjs.org/js-beautify 5266ms (cache miss)
3082 timing metavuln:packument:js-beautify Completed in 5267ms
3083 timing metavuln:load:security-advisory:js-beautify:NTB2XjbDOgk4lkd8PZ3tUAm1F3E/ohGF6rl9/3LEO7Z0FDzSR5nWwzd3nUENA3NCNdyeR+35DOC12wPml2IV+g== Completed in 2ms
3084 timing metavuln:cache:put:security-advisory:rimraf:U6dWjEG+wBLaAeoUiIjGQdamS87vxL0a3IcTpkHufDNqr9Eagu7/CvMBwQallZVI2Pl2lkAMB2WJoO94XiR/Rw== Completed in 108ms
3085 timing metavuln:calculate:security-advisory:rimraf:NTB2XjbDOgk4lkd8PZ3tUAm1F3E/ohGF6rl9/3LEO7Z0FDzSR5nWwzd3nUENA3NCNdyeR+35DOC12wPml2IV+g== Completed in 5274ms
3086 timing metavuln:cache:put:security-advisory:@fastify/static:TJO1f5BqMO4qMGONrc+X2aE91hAeJVEa64O46oNWsNPJu2NMTiGs2lLdmyRmAW0v3iBC5Nb7yZi+GFX0dYya2A== Completed in 103ms
3087 timing metavuln:calculate:security-advisory:@fastify/static:NTB2XjbDOgk4lkd8PZ3tUAm1F3E/ohGF6rl9/3LEO7Z0FDzSR5nWwzd3nUENA3NCNdyeR+35DOC12wPml2IV+g== Completed in 5275ms
3088 timing metavuln:cache:put:security-advisory:read-package-json:5WkYUYsTGprHudeNOjhfcYXDGB8eWDswOp2+aJWtp1ncEbaoiGa2Q1lkBQE7lR7C0v/5HFdS8ID7fdeWkZPMug== Completed in 81ms
3089 timing metavuln:calculate:security-advisory:read-package-json:NTB2XjbDOgk4lkd8PZ3tUAm1F3E/ohGF6rl9/3LEO7Z0FDzSR5nWwzd3nUENA3NCNdyeR+35DOC12wPml2IV+g== Completed in 5274ms
3090 timing reify:rollback:createSparse Completed in 5265ms
3091 timing reify:rollback:retireShallow Completed in 0ms
3092 timing command:install Completed in 82119ms
3093 notice
3093 notice New [31mmajor[39m version of npm available! [31m10.5.0[39m -> [32m11.12.1[39m
3093 notice Changelog: [36mhttps://github.com/npm/cli/releases/tag/v11.12.1[39m
3093 notice Run [32mnpm install -g npm@11.12.1[39m to update!
3093 notice
3094 verbose type system
3095 verbose stack FetchError: request to https://registry.npmjs.org/strip-ansi/-/strip-ansi-7.0.1.tgz failed, reason: Client network socket disconnected before secure TLS connection was established
3095 verbose stack     at ClientRequest.<anonymous> (/usr/local/lib/node_modules/npm/node_modules/minipass-fetch/lib/index.js:130:14)
3095 verbose stack     at ClientRequest.emit (node:events:518:28)
3095 verbose stack     at _destroy (node:_http_client:880:13)
3095 verbose stack     at onSocketNT (node:_http_client:900:5)
3095 verbose stack     at process.processTicksAndRejections (node:internal/process/task_queues:83:21)
3096 verbose cwd /root
3097 verbose Linux 6.12.72-linuxkit
3098 verbose node v20.12.2
3099 verbose npm  v10.5.0
3100 error code ECONNRESET
3101 error errno ECONNRESET
3102 error network request to https://registry.npmjs.org/strip-ansi/-/strip-ansi-7.0.1.tgz failed, reason: Client network socket disconnected before secure TLS connection was established
3103 error network This is a problem related to network connectivity.
3103 error network In most cases you are behind a proxy or have bad network settings.
3103 error network
3103 error network If you are behind a proxy, please make sure that the
3103 error network 'proxy' config is set properly.  See: 'npm help config'
3104 verbose exit 1
3105 timing npm Completed in 82202ms
3106 verbose unfinished npm timer reify 1774810843304
3107 verbose unfinished npm timer reify:audit 1774810843989
3108 verbose unfinished npm timer reify:unpack 1774810844001
3109 verbose unfinished npm timer reifyNode:node_modules/widest-line/node_modules/strip-ansi 1774810844003
3110 verbose unfinished npm timer reifyNode:node_modules/widest-line/node_modules/string-width 1774810844003
3111 verbose unfinished npm timer reifyNode:node_modules/webpack-cli/node_modules/interpret 1774810844004
3112 verbose unfinished npm timer reifyNode:node_modules/webpack/node_modules/eslint-scope 1774810844004
3113 verbose unfinished npm timer reifyNode:node_modules/spawn-please 1774810844011
3114 verbose unfinished npm timer reifyNode:node_modules/spawn-command 1774810844011
3115 verbose unfinished npm timer reifyNode:node_modules/sequelize-cli/node_modules/yargs-parser 1774810844014
3116 verbose unfinished npm timer reifyNode:node_modules/sequelize-cli/node_modules/yargs 1774810844014
3117 verbose unfinished npm timer reifyNode:node_modules/sequelize-cli/node_modules/cliui 1774810844014
3118 verbose unfinished npm timer reifyNode:node_modules/rc 1774810844016
3119 verbose unfinished npm timer reifyNode:node_modules/rc/node_modules/ini 1774810844016
3120 verbose unfinished npm timer reifyNode:node_modules/pupa 1774810844017
3121 verbose unfinished npm timer reifyNode:node_modules/pug-strip-comments 1774810844017
3122 verbose unfinished npm timer reifyNode:node_modules/pug-attrs 1774810844017
3123 verbose unfinished npm timer reifyNode:node_modules/proto-list 1774810844018
3124 verbose unfinished npm timer reifyNode:node_modules/prompts-ncu 1774810844018
3125 verbose unfinished npm timer reifyNode:node_modules/prompts 1774810844018
3126 verbose unfinished npm timer reifyNode:node_modules/promise-retry 1774810844018
3127 verbose unfinished npm timer reifyNode:node_modules/promise-inflight 1774810844018
3128 verbose unfinished npm timer reifyNode:node_modules/promise 1774810844018
3129 verbose unfinished npm timer reifyNode:node_modules/progress 1774810844018
3130 verbose unfinished npm timer reifyNode:node_modules/process-warning 1774810844018
3131 verbose unfinished npm timer reifyNode:node_modules/process 1774810844018
3132 verbose unfinished npm timer reifyNode:node_modules/proc-log 1774810844018
3133 verbose unfinished npm timer reifyNode:node_modules/pretty-format 1774810844018
3134 verbose unfinished npm timer reifyNode:node_modules/prelude-ls 1774810844018
3135 verbose unfinished npm timer reifyNode:node_modules/prebuild-install 1774810844018
3136 verbose unfinished npm timer reifyNode:node_modules/postgres-interval 1774810844018
3137 verbose unfinished npm timer reifyNode:node_modules/postgres-date 1774810844018
3138 verbose unfinished npm timer reifyNode:node_modules/postgres-bytea 1774810844019
3139 verbose unfinished npm timer reifyNode:node_modules/postgres-array 1774810844019
3140 verbose unfinished npm timer reifyNode:node_modules/postcss-value-parser 1774810844019
3141 verbose unfinished npm timer reifyNode:node_modules/postcss-selector-parser 1774810844019
3142 verbose unfinished npm timer reifyNode:node_modules/postcss-modules-values 1774810844019
3143 verbose unfinished npm timer reifyNode:node_modules/postcss-modules-scope 1774810844019
3144 verbose unfinished npm timer reifyNode:node_modules/postcss-modules-local-by-default 1774810844019
3145 verbose unfinished npm timer reifyNode:node_modules/postcss-modules-extract-imports 1774810844019
3146 verbose unfinished npm timer reifyNode:node_modules/pkg-up/node_modules/find-up 1774810844019
3147 verbose unfinished npm timer reifyNode:node_modules/pkg-dir 1774810844019
3148 verbose unfinished npm timer reifyNode:node_modules/pkg-dir/node_modules/find-up 1774810844019
3149 verbose unfinished npm timer reifyNode:node_modules/pirates 1774810844020
3150 verbose unfinished npm timer reifyNode:node_modules/pino-std-serializers 1774810844020
3151 verbose unfinished npm timer reifyNode:node_modules/pino-pretty 1774810844020
3152 verbose unfinished npm timer reifyNode:node_modules/pino-pretty/node_modules/readable-stream 1774810844020
3153 verbose unfinished npm timer reifyNode:node_modules/pino-pretty/node_modules/buffer 1774810844020
3154 verbose unfinished npm timer reifyNode:node_modules/pino-abstract-transport 1774810844020
3155 verbose unfinished npm timer reifyNode:node_modules/pino 1774810844020
3156 verbose unfinished npm timer reifyNode:node_modules/picomatch 1774810844020
3157 verbose unfinished npm timer reifyNode:node_modules/picocolors 1774810844020
3158 verbose unfinished npm timer reifyNode:node_modules/pgpass 1774810844020
3159 verbose unfinished npm timer reifyNode:node_modules/pg-types 1774810844020
3160 verbose unfinished npm timer reifyNode:node_modules/pg-protocol 1774810844020
3161 verbose unfinished npm timer reifyNode:node_modules/pg-pool 1774810844020
3162 verbose unfinished npm timer reifyNode:node_modules/pg-int8 1774810844020
3163 verbose unfinished npm timer reifyNode:node_modules/pg-connection-string 1774810844021
3164 verbose unfinished npm timer reifyNode:node_modules/pg 1774810844021
3165 verbose unfinished npm timer reifyNode:node_modules/pg/node_modules/pg-connection-string 1774810844021
3166 verbose unfinished npm timer reifyNode:node_modules/path-type 1774810844021
3167 verbose unfinished npm timer reifyNode:node_modules/path-to-regexp 1774810844021
3168 verbose unfinished npm timer reifyNode:node_modules/path-scurry 1774810844021
3169 verbose unfinished npm timer reifyNode:node_modules/path-parse 1774810844021
3170 verbose unfinished npm timer reifyNode:node_modules/path-is-absolute 1774810844021
3171 verbose unfinished npm timer reifyNode:node_modules/path-exists 1774810844021
3172 verbose unfinished npm timer reifyNode:node_modules/parse-json 1774810844021
3173 verbose unfinished npm timer reifyNode:node_modules/parse-github-url 1774810844021
3174 verbose unfinished npm timer reifyNode:node_modules/parent-module 1774810844021
3175 verbose unfinished npm timer reifyNode:node_modules/pacote 1774810844021
3176 verbose unfinished npm timer reifyNode:node_modules/package-json 1774810844022
3177 verbose unfinished npm timer reifyNode:node_modules/p-try 1774810844022
3178 verbose unfinished npm timer reifyNode:node_modules/p-map 1774810844022
3179 verbose unfinished npm timer reifyNode:node_modules/p-locate 1774810844022
3180 verbose unfinished npm timer reifyNode:node_modules/p-limit 1774810844022
3181 verbose unfinished npm timer reifyNode:node_modules/optionator 1774810844022
3182 verbose unfinished npm timer reifyNode:node_modules/onetime 1774810844022
3183 verbose unfinished npm timer reifyNode:node_modules/once 1774810844022
3184 verbose unfinished npm timer reifyNode:node_modules/on-exit-leak-free 1774810844022
3185 verbose unfinished npm timer reifyNode:node_modules/objection-unique 1774810844022
3186 verbose unfinished npm timer reifyNode:node_modules/objection 1774810844022
3187 verbose unfinished npm timer reifyNode:node_modules/objection/node_modules/ajv 1774810844022
3188 verbose unfinished npm timer reifyNode:node_modules/object.values 1774810844022
3189 verbose unfinished npm timer reifyNode:node_modules/object.groupby 1774810844022
3190 verbose unfinished npm timer reifyNode:node_modules/object.fromentries 1774810844022
3191 verbose unfinished npm timer reifyNode:node_modules/object.entries 1774810844022
3192 verbose unfinished npm timer reifyNode:node_modules/object.assign 1774810844022
3193 verbose unfinished npm timer reifyNode:node_modules/object-keys 1774810844023
3194 verbose unfinished npm timer reifyNode:node_modules/object-inspect 1774810844023
3195 verbose unfinished npm timer reifyNode:node_modules/object-assign 1774810844023
3196 verbose unfinished npm timer reifyNode:node_modules/npmlog 1774810844024
3197 verbose unfinished npm timer reifyNode:node_modules/npm-run-path 1774810844024
3198 verbose unfinished npm timer reifyNode:node_modules/npm-registry-fetch 1774810844024
3199 verbose unfinished npm timer reifyNode:node_modules/npm-pick-manifest 1774810844024
3200 verbose unfinished npm timer reifyNode:node_modules/npm-packlist 1774810844024
3201 verbose unfinished npm timer reifyNode:node_modules/npm-package-arg 1774810844024
3202 verbose unfinished npm timer reifyNode:node_modules/npm-package-arg/node_modules/lru-cache 1774810844024
3203 verbose unfinished npm timer reifyNode:node_modules/npm-normalize-package-bin 1774810844024
3204 verbose unfinished npm timer reifyNode:node_modules/npm-install-checks 1774810844024
3205 verbose unfinished npm timer reifyNode:node_modules/npm-check-updates 1774810844024
3206 verbose unfinished npm timer reifyNode:node_modules/npm-check-updates/node_modules/strip-ansi 1774810844024
3207 verbose unfinished npm timer reifyNode:node_modules/npm-check-updates/node_modules/rimraf 1774810844024
3208 verbose unfinished npm timer reifyNode:node_modules/npm-check-updates/node_modules/chalk 1774810844024
3209 verbose unfinished npm timer reifyNode:node_modules/npm-check-updates/node_modules/ansi-regex 1774810844024
3210 verbose unfinished npm timer reifyNode:node_modules/npm-bundled 1774810844024
3211 verbose unfinished npm timer reifyNode:node_modules/normalize-path 1774810844025
3212 verbose unfinished npm timer reifyNode:node_modules/normalize-package-data 1774810844025
3213 verbose unfinished npm timer reifyNode:node_modules/normalize-package-data/node_modules/hosted-git-info 1774810844025
3214 verbose unfinished npm timer reifyNode:node_modules/node-releases 1774810844025
3215 verbose unfinished npm timer reifyNode:node_modules/node-gyp-build 1774810844025
3216 verbose unfinished npm timer reifyNode:node_modules/node-gyp 1774810844025
3217 verbose unfinished npm timer reifyNode:node_modules/node-gyp/node_modules/unique-filename 1774810844025
3218 verbose unfinished npm timer reifyNode:node_modules/node-gyp/node_modules/lru-cache 1774810844025
3219 verbose unfinished npm timer reifyNode:node_modules/node-gyp/node_modules/cacache 1774810844025
3220 verbose unfinished npm timer reifyNode:node_modules/node-gyp/node_modules/cacache/node_modules/glob 1774810844025
3221 verbose unfinished npm timer reifyNode:node_modules/node-addon-api 1774810844025
3222 verbose unfinished npm timer reifyNode:node_modules/node-abi 1774810844026
3223 verbose unfinished npm timer reifyNode:node_modules/next-tick 1774810844026
3224 verbose unfinished npm timer reifyNode:node_modules/neo-async 1774810844026
3225 verbose unfinished npm timer reifyNode:node_modules/negotiator 1774810844026
3226 verbose unfinished npm timer reifyNode:node_modules/natural-compare 1774810844026
3227 verbose unfinished npm timer reifyNode:node_modules/napi-build-utils 1774810844026
3228 verbose unfinished npm timer reifyNode:node_modules/nanoid 1774810844026
3229 verbose unfinished npm timer reifyNode:node_modules/mustache 1774810844026
3230 verbose unfinished npm timer reifyNode:node_modules/ms 1774810844026
3231 verbose unfinished npm timer reifyNode:node_modules/moment-timezone 1774810844026
3232 verbose unfinished npm timer reifyNode:node_modules/mkdirp-classic 1774810844026
3233 verbose unfinished npm timer reifyNode:node_modules/minizlib 1774810844026
3234 verbose unfinished npm timer reifyNode:node_modules/minipass-sized 1774810844026
3235 verbose unfinished npm timer reifyNode:node_modules/minipass-json-stream 1774810844026
3236 verbose unfinished npm timer reifyNode:node_modules/minipass-flush 1774810844026
3237 verbose unfinished npm timer reifyNode:node_modules/minipass-fetch 1774810844026
3238 verbose unfinished npm timer reifyNode:node_modules/minipass-collect 1774810844026
3239 verbose unfinished npm timer reifyNode:node_modules/minipass 1774810844026
3240 verbose unfinished npm timer reifyNode:node_modules/minimatch 1774810844027
3241 verbose unfinished npm timer reifyNode:node_modules/mini-css-extract-plugin 1774810844027
3242 verbose unfinished npm timer reifyNode:node_modules/mimic-response 1774810844027
3243 verbose unfinished npm timer reifyNode:node_modules/mimic-fn 1774810844027
3244 verbose unfinished npm timer reifyNode:node_modules/mime-types 1774810844027
3245 verbose unfinished npm timer reifyNode:node_modules/mime 1774810844027
3246 verbose unfinished npm timer reifyNode:node_modules/micromatch 1774810844027
3247 verbose unfinished npm timer reifyNode:node_modules/merge-stream 1774810844027
3248 verbose unfinished npm timer reifyNode:node_modules/memoizee 1774810844027
3249 verbose unfinished npm timer reifyNode:node_modules/mdurl 1774810844027
3250 verbose unfinished npm timer reifyNode:node_modules/markdown-it 1774810844027
3251 verbose unfinished npm timer reifyNode:node_modules/make-dir 1774810844027
3252 verbose unfinished npm timer reifyNode:node_modules/lowercase-keys 1774810844028
3253 verbose unfinished npm timer reifyNode:node_modules/lodash.merge 1774810844028
3254 verbose unfinished npm timer reifyNode:node_modules/lodash.isempty 1774810844028
3255 verbose unfinished npm timer reifyNode:node_modules/lodash.compact 1774810844028
3256 verbose unfinished npm timer reifyNode:node_modules/lodash 1774810844028
3257 verbose unfinished npm timer reifyNode:node_modules/kind-of 1774810844028
3258 verbose unfinished npm timer reifyNode:node_modules/jsonfile 1774810844028
3259 verbose unfinished npm timer reifyNode:node_modules/json5 1774810844029
3260 verbose unfinished npm timer reifyNode:node_modules/json-stable-stringify-without-jsonify 1774810844029
3261 verbose unfinished npm timer reifyNode:node_modules/json-schema-traverse 1774810844029
3262 verbose unfinished npm timer reifyNode:node_modules/json-schema-ref-resolver 1774810844029
3263 verbose unfinished npm timer reifyNode:node_modules/json-parse-helpfulerror 1774810844029
3264 verbose unfinished npm timer reifyNode:node_modules/json-parse-even-better-errors 1774810844029
3265 verbose unfinished npm timer reifyNode:node_modules/json-buffer 1774810844029
3266 verbose unfinished npm timer reifyNode:node_modules/jquery 1774810844029
3267 verbose unfinished npm timer reifyNode:node_modules/joycon 1774810844029
3268 verbose unfinished npm timer reifyNode:node_modules/jest-resolve-dependencies 1774810844030
3269 verbose unfinished npm timer reifyNode:node_modules/jest-pnp-resolver 1774810844030
3270 verbose unfinished npm timer reifyNode:node_modules/jest-message-util 1774810844030
3271 verbose unfinished npm timer reifyNode:node_modules/jest-environment-node 1774810844030
3272 verbose unfinished npm timer reifyNode:node_modules/jest-cli 1774810844030
3273 verbose unfinished npm timer reifyNode:node_modules/jest-changed-files 1774810844030
3274 verbose unfinished npm timer reifyNode:node_modules/istanbul-lib-source-maps 1774810844031
3275 verbose unfinished npm timer reifyNode:node_modules/istanbul-lib-report 1774810844031
3276 verbose unfinished npm timer reifyNode:node_modules/istanbul-lib-instrument 1774810844031
3277 verbose unfinished npm timer reifyNode:node_modules/isexe 1774810844031
3278 verbose unfinished npm timer reifyNode:node_modules/isbinaryfile 1774810844031
3279 verbose unfinished npm timer reifyNode:node_modules/isarray 1774810844031
3280 verbose unfinished npm timer reifyNode:node_modules/is-yarn-global 1774810844031
3281 verbose unfinished npm timer reifyNode:node_modules/is-typedarray 1774810844031
3282 verbose unfinished npm timer reifyNode:node_modules/is-typed-array 1774810844031
3283 verbose unfinished npm timer reifyNode:node_modules/is-regex 1774810844031
3284 verbose unfinished npm timer reifyNode:node_modules/is-promise 1774810844031
3285 verbose unfinished npm timer reifyNode:node_modules/is-obj 1774810844032
3286 verbose unfinished npm timer reifyNode:node_modules/is-number 1774810844032
3287 verbose unfinished npm timer reifyNode:node_modules/is-npm 1774810844032
3288 verbose unfinished npm timer reifyNode:node_modules/is-lambda 1774810844032
3289 verbose unfinished npm timer reifyNode:node_modules/is-installed-globally 1774810844032
3290 verbose unfinished npm timer reifyNode:node_modules/is-fullwidth-code-point 1774810844032
3291 verbose unfinished npm timer reifyNode:node_modules/is-extglob 1774810844032
3292 verbose unfinished npm timer reifyNode:node_modules/is-docker 1774810844033
3293 verbose unfinished npm timer reifyNode:node_modules/is-date-object 1774810844033
3294 verbose unfinished npm timer reifyNode:node_modules/is-data-view 1774810844033
3295 verbose unfinished npm timer reifyNode:node_modules/is-arrayish 1774810844034
3296 verbose unfinished npm timer reifyNode:node_modules/ipaddr.js 1774810844034
3297 verbose unfinished npm timer reifyNode:node_modules/indent-string 1774810844034
3298 verbose unfinished npm timer reifyNode:node_modules/import-local 1774810844034
3299 verbose unfinished npm timer reifyNode:node_modules/import-fresh 1774810844034
3300 verbose unfinished npm timer reifyNode:node_modules/icss-utils 1774810844035
3301 verbose unfinished npm timer reifyNode:node_modules/hosted-git-info 1774810844035
3302 verbose unfinished npm timer reifyNode:node_modules/graceful-fs 1774810844036
3303 verbose unfinished npm timer reifyNode:node_modules/glob-parent 1774810844037
3304 verbose unfinished npm timer reifyNode:node_modules/github-from-package 1774810844037
3305 verbose unfinished npm timer reifyNode:node_modules/getopts 1774810844037
3306 verbose unfinished npm timer reifyNode:node_modules/get-symbol-description 1774810844037
3307 verbose unfinished npm timer reifyNode:node_modules/get-stream 1774810844037
3308 verbose unfinished npm timer reifyNode:node_modules/get-package-type 1774810844037
3309 verbose unfinished npm timer reifyNode:node_modules/get-intrinsic 1774810844037
3310 verbose unfinished npm timer reifyNode:node_modules/generify 1774810844038
3311 verbose unfinished npm timer reifyNode:node_modules/gauge 1774810844038
3312 verbose unfinished npm timer reifyNode:node_modules/functions-have-names 1774810844038
3313 verbose unfinished npm timer reifyNode:node_modules/function.prototype.name 1774810844038
3314 verbose unfinished npm timer reifyNode:node_modules/fs.realpath 1774810844038
3315 verbose unfinished npm timer reifyNode:node_modules/fs-minipass 1774810844038
3316 verbose unfinished npm timer reifyNode:node_modules/fs-extra 1774810844038
3317 verbose unfinished npm timer reifyNode:node_modules/fs-constants 1774810844038
3318 verbose unfinished npm timer reifyNode:node_modules/fp-and-or 1774810844038
3319 verbose unfinished npm timer reifyNode:node_modules/form-data-encoder 1774810844038
3320 verbose unfinished npm timer reifyNode:node_modules/foreground-child 1774810844038
3321 verbose unfinished npm timer reifyNode:node_modules/flatted 1774810844038
3322 verbose unfinished npm timer reifyNode:node_modules/flat-cache 1774810844038
3323 verbose unfinished npm timer reifyNode:node_modules/find-up 1774810844038
3324 verbose unfinished npm timer reifyNode:node_modules/find-my-way 1774810844038
3325 verbose unfinished npm timer reifyNode:node_modules/file-uri-to-path 1774810844039
3326 verbose unfinished npm timer reifyNode:node_modules/file-entry-cache 1774810844039
3327 verbose unfinished npm timer reifyNode:node_modules/fb-watchman 1774810844039
3328 verbose unfinished npm timer reifyNode:node_modules/fastify-plugin 1774810844039
3329 verbose unfinished npm timer reifyNode:node_modules/fastify-objectionjs 1774810844039
3330 verbose unfinished npm timer reifyNode:node_modules/fastify-method-override/node_modules/fastify-plugin 1774810844039
3331 verbose unfinished npm timer reifyNode:node_modules/fastify 1774810844039
3332 verbose unfinished npm timer reifyNode:node_modules/fastest-levenshtein 1774810844039
3333 verbose unfinished npm timer reifyNode:node_modules/fast-uri 1774810844039
3334 verbose unfinished npm timer reifyNode:node_modules/fast-safe-stringify 1774810844039
3335 verbose unfinished npm timer reifyNode:node_modules/fast-redact 1774810844040
3336 verbose unfinished npm timer reifyNode:node_modules/fast-querystring 1774810844040
3337 verbose unfinished npm timer reifyNode:node_modules/fast-memoize 1774810844040
3338 verbose unfinished npm timer reifyNode:node_modules/fast-levenshtein 1774810844040
3339 verbose unfinished npm timer reifyNode:node_modules/fast-json-stringify 1774810844040
3340 verbose unfinished npm timer reifyNode:node_modules/fast-json-stable-stringify 1774810844040
3341 verbose unfinished npm timer reifyNode:node_modules/fast-glob 1774810844040
3342 verbose unfinished npm timer reifyNode:node_modules/fast-deep-equal 1774810844040
3343 verbose unfinished npm timer reifyNode:node_modules/fast-decode-uri-component 1774810844040
3344 verbose unfinished npm timer reifyNode:node_modules/fast-copy 1774810844040
3345 verbose unfinished npm timer reifyNode:node_modules/fast-content-type-parse 1774810844040
3346 verbose unfinished npm timer reifyNode:node_modules/ext 1774810844040
3347 verbose unfinished npm timer reifyNode:node_modules/exponential-backoff 1774810844040
3348 verbose unfinished npm timer reifyNode:node_modules/expect 1774810844040
3349 verbose unfinished npm timer reifyNode:node_modules/expand-template 1774810844040
3350 verbose unfinished npm timer reifyNode:node_modules/exit 1774810844040
3351 verbose unfinished npm timer reifyNode:node_modules/execa 1774810844040
3352 verbose unfinished npm timer reifyNode:node_modules/events 1774810844040
3353 verbose unfinished npm timer reifyNode:node_modules/event-target-shim 1774810844041
3354 verbose unfinished npm timer reifyNode:node_modules/event-emitter 1774810844041
3355 verbose unfinished npm timer reifyNode:node_modules/esutils 1774810844041
3356 verbose unfinished npm timer reifyNode:node_modules/estraverse 1774810844041
3357 verbose unfinished npm timer reifyNode:node_modules/esrecurse 1774810844041
3358 verbose unfinished npm timer reifyNode:node_modules/esquery 1774810844041
3359 verbose unfinished npm timer reifyNode:node_modules/esprima 1774810844041
3360 verbose unfinished npm timer reifyNode:node_modules/esniff 1774810844041
3361 verbose unfinished npm timer reifyNode:node_modules/esm 1774810844041
3362 verbose unfinished npm timer reifyNode:node_modules/eslint-plugin-import 1774810844041
3363 verbose unfinished npm timer reifyNode:node_modules/eslint-module-utils 1774810844041
3364 verbose unfinished npm timer reifyNode:node_modules/eslint-import-resolver-node/node_modules/debug 1774810844041
3365 verbose unfinished npm timer reifyNode:node_modules/eslint 1774810844042
3366 verbose unfinished npm timer reifyNode:node_modules/escape-string-regexp 1774810844042
3367 verbose unfinished npm timer reifyNode:node_modules/escape-html 1774810844042
3368 verbose unfinished npm timer reifyNode:node_modules/escape-goat 1774810844042
3369 verbose unfinished npm timer reifyNode:node_modules/escalade 1774810844042
3370 verbose unfinished npm timer reifyNode:node_modules/es6-weak-map 1774810844042
3371 verbose unfinished npm timer reifyNode:node_modules/es6-iterator 1774810844042
3372 verbose unfinished npm timer reifyNode:node_modules/es-to-primitive 1774810844042
3373 verbose unfinished npm timer reifyNode:node_modules/es-object-atoms 1774810844042
3374 verbose unfinished npm timer reifyNode:node_modules/es-module-lexer 1774810844042
3375 verbose unfinished npm timer reifyNode:node_modules/es-errors 1774810844043
3376 verbose unfinished npm timer reifyNode:node_modules/error-ex 1774810844043
3377 verbose unfinished npm timer reifyNode:node_modules/envinfo 1774810844043
3378 verbose unfinished npm timer reifyNode:node_modules/entities 1774810844044
3379 verbose unfinished npm timer reifyNode:node_modules/enhanced-resolve 1774810844044
3380 verbose unfinished npm timer reifyNode:node_modules/end-of-stream 1774810844044
3381 verbose unfinished npm timer reifyNode:node_modules/emoji-regex 1774810844044
3382 verbose unfinished npm timer reifyNode:node_modules/emittery 1774810844044
3383 verbose unfinished npm timer reifyNode:node_modules/electron-to-chromium 1774810844044
3384 verbose unfinished npm timer reifyNode:node_modules/editorconfig 1774810844044
3385 verbose unfinished npm timer reifyNode:node_modules/editorconfig/node_modules/minimatch 1774810844044
3386 verbose unfinished npm timer reifyNode:node_modules/eastasianwidth 1774810844044
3387 verbose unfinished npm timer reifyNode:node_modules/dottie 1774810844044
3388 verbose unfinished npm timer reifyNode:node_modules/dot-prop 1774810844044
3389 verbose unfinished npm timer reifyNode:node_modules/doctypes 1774810844044
3390 verbose unfinished npm timer reifyNode:node_modules/doctrine 1774810844044
3391 verbose unfinished npm timer reifyNode:node_modules/dir-glob 1774810844044
3392 verbose unfinished npm timer reifyNode:node_modules/diff-sequences 1774810844044
3393 verbose unfinished npm timer reifyNode:node_modules/detect-newline 1774810844044
3394 verbose unfinished npm timer reifyNode:node_modules/depd 1774810844045
3395 verbose unfinished npm timer reifyNode:node_modules/delegates 1774810844045
3396 verbose unfinished npm timer reifyNode:node_modules/define-properties 1774810844045
3397 verbose unfinished npm timer reifyNode:node_modules/define-data-property 1774810844045
3398 verbose unfinished npm timer reifyNode:node_modules/defer-to-connect 1774810844045
3399 verbose unfinished npm timer reifyNode:node_modules/deepmerge 1774810844045
3400 verbose unfinished npm timer reifyNode:node_modules/deep-is 1774810844045
3401 verbose unfinished npm timer reifyNode:node_modules/deep-extend 1774810844045
3402 verbose unfinished npm timer reifyNode:node_modules/dedent 1774810844045
3403 verbose unfinished npm timer reifyNode:node_modules/decompress-response 1774810844045
3404 verbose unfinished npm timer reifyNode:node_modules/decompress-response/node_modules/mimic-response 1774810844045
3405 verbose unfinished npm timer reifyNode:node_modules/debug 1774810844045
3406 verbose unfinished npm timer reifyNode:node_modules/db-errors 1774810844045
3407 verbose unfinished npm timer reifyNode:node_modules/dateformat 1774810844045
3408 verbose unfinished npm timer reifyNode:node_modules/date-fns 1774810844045
3409 verbose unfinished npm timer reifyNode:node_modules/data-view-byte-offset 1774810844045
3410 verbose unfinished npm timer reifyNode:node_modules/data-view-byte-length 1774810844045
3411 verbose unfinished npm timer reifyNode:node_modules/data-view-buffer 1774810844045
3412 verbose unfinished npm timer reifyNode:node_modules/d 1774810844045
3413 verbose unfinished npm timer reifyNode:node_modules/css-loader 1774810844045
3414 verbose unfinished npm timer reifyNode:node_modules/crypto-random-string 1774810844046
3415 verbose unfinished npm timer reifyNode:node_modules/cross-spawn 1774810844046
3416 verbose unfinished npm timer reifyNode:node_modules/cookie 1774810844046
3417 verbose unfinished npm timer reifyNode:node_modules/convert-source-map 1774810844046
3418 verbose unfinished npm timer reifyNode:node_modules/constantinople 1774810844046
3419 verbose unfinished npm timer reifyNode:node_modules/console-control-strings 1774810844046
3420 verbose unfinished npm timer reifyNode:node_modules/configstore 1774810844046
3421 verbose unfinished npm timer reifyNode:node_modules/config-chain/node_modules/ini 1774810844046
3422 verbose unfinished npm timer reifyNode:node_modules/concurrently 1774810844046
3423 verbose unfinished npm timer reifyNode:node_modules/concat-map 1774810844046
3424 verbose unfinished npm timer reifyNode:node_modules/commist 1774810844046
3425 verbose unfinished npm timer reifyNode:node_modules/colorette 1774810844046
3426 verbose unfinished npm timer reifyNode:node_modules/co 1774810844047
3427 verbose unfinished npm timer reifyNode:node_modules/close-with-grace 1774810844047
3428 verbose unfinished npm timer reifyNode:node_modules/clone-response 1774810844047
3429 verbose unfinished npm timer reifyNode:node_modules/clone-deep 1774810844047
3430 verbose unfinished npm timer reifyNode:node_modules/cli-table3 1774810844047
3431 verbose unfinished npm timer reifyNode:node_modules/cli-color 1774810844047
3432 verbose unfinished npm timer reifyNode:node_modules/cli-boxes 1774810844047
3433 verbose unfinished npm timer reifyNode:node_modules/clean-stack 1774810844047
3434 verbose unfinished npm timer reifyNode:node_modules/cjs-module-lexer 1774810844047
3435 verbose unfinished npm timer reifyNode:node_modules/ci-info 1774810844047
3436 verbose unfinished npm timer reifyNode:node_modules/chrome-trace-event 1774810844047
3437 verbose unfinished npm timer reifyNode:node_modules/chownr 1774810844047
3438 verbose unfinished npm timer reifyNode:node_modules/chokidar 1774810844047
3439 verbose unfinished npm timer reifyNode:node_modules/character-parser 1774810844047
3440 verbose unfinished npm timer reifyNode:node_modules/char-regex 1774810844047
3441 verbose unfinished npm timer reifyNode:node_modules/chalk 1774810844047
3442 verbose unfinished npm timer reifyNode:node_modules/camelcase 1774810844047
3443 verbose unfinished npm timer reifyNode:node_modules/callsites 1774810844047
3444 verbose unfinished npm timer reifyNode:node_modules/call-bind 1774810844048
3445 verbose unfinished npm timer reifyNode:node_modules/cacheable-request/node_modules/lowercase-keys 1774810844048
3446 verbose unfinished npm timer reifyNode:node_modules/cacache/node_modules/unique-filename 1774810844048
3447 verbose unfinished npm timer reifyNode:node_modules/cacache/node_modules/minipass 1774810844048
3448 verbose unfinished npm timer reifyNode:node_modules/cacache/node_modules/fs-minipass 1774810844048
3449 verbose unfinished npm timer reifyNode:node_modules/boxen/node_modules/type-fest 1774810844048
3450 verbose unfinished npm timer reifyNode:node_modules/boxen/node_modules/strip-ansi 1774810844048
3451 verbose unfinished npm timer reifyNode:node_modules/boxen/node_modules/string-width 1774810844048
3452 verbose unfinished npm timer reifyNode:node_modules/boxen/node_modules/emoji-regex 1774810844049
3453 verbose unfinished npm timer reifyNode:node_modules/boxen/node_modules/chalk 1774810844049
3454 verbose unfinished npm timer reifyNode:node_modules/boxen/node_modules/camelcase 1774810844049
3455 verbose unfinished npm timer reifyNode:node_modules/boxen/node_modules/ansi-regex 1774810844049
3456 verbose unfinished npm timer reifyNode:node_modules/babel-preset-jest 1774810844049
3457 verbose unfinished npm timer reifyNode:node_modules/babel-plugin-istanbul 1774810844049
3458 verbose unfinished npm timer reifyNode:node_modules/babel-plugin-istanbul/node_modules/semver 1774810844049
3459 verbose unfinished npm timer reifyNode:node_modules/babel-plugin-istanbul/node_modules/istanbul-lib-instrument 1774810844049
3460 verbose unfinished npm timer reifyNode:node_modules/array.prototype.findlastindex 1774810844050
3461 verbose unfinished npm timer reifyNode:node_modules/array-buffer-byte-length 1774810844050
3462 verbose unfinished npm timer reifyNode:node_modules/ansi-escapes/node_modules/type-fest 1774810844050
3463 verbose unfinished npm timer reifyNode:node_modules/ajv-formats/node_modules/json-schema-traverse 1774810844050
3464 verbose unfinished npm timer reifyNode:node_modules/ajv-formats/node_modules/ajv 1774810844050
3465 verbose unfinished npm timer reifyNode:node_modules/agentkeepalive/node_modules/depd 1774810844051
3466 verbose unfinished npm timer reifyNode:node_modules/abstract-logging 1774810844051
3467 verbose unfinished npm timer reifyNode:node_modules/@webassemblyjs/helper-wasm-section 1774810844052
3468 verbose unfinished npm timer reifyNode:node_modules/@types/semver-utils 1774810844052
3469 verbose unfinished npm timer reifyNode:node_modules/@types/responselike 1774810844053
3470 verbose unfinished npm timer reifyNode:node_modules/@types/jest 1774810844053
3471 verbose unfinished npm timer reifyNode:node_modules/@types/istanbul-lib-coverage 1774810844054
3472 verbose unfinished npm timer reifyNode:node_modules/@types/estree 1774810844054
3473 verbose unfinished npm timer reifyNode:node_modules/@types/babel__traverse 1774810844054
3474 verbose unfinished npm timer reifyNode:node_modules/@types/babel__generator 1774810844054
3475 verbose unfinished npm timer reifyNode:node_modules/@tufjs/models 1774810844054
3476 verbose unfinished npm timer reifyNode:node_modules/@tufjs/models/node_modules/minimatch 1774810844054
3477 verbose unfinished npm timer reifyNode:node_modules/@tufjs/models/node_modules/brace-expansion 1774810844054
3478 verbose unfinished npm timer reifyNode:node_modules/@sigstore/bundle 1774810844055
3479 verbose unfinished npm timer reifyNode:node_modules/@pnpm/network.ca-file 1774810844055
3480 verbose unfinished npm timer reifyNode:node_modules/@npmcli/run-script 1774810844055
3481 verbose unfinished npm timer reifyNode:node_modules/@npmcli/run-script/node_modules/which 1774810844055
3482 verbose unfinished npm timer reifyNode:node_modules/@npmcli/promise-spawn 1774810844055
3483 verbose unfinished npm timer reifyNode:node_modules/@npmcli/promise-spawn/node_modules/which 1774810844055
3484 verbose unfinished npm timer reifyNode:node_modules/@npmcli/git/node_modules/which 1774810844056
3485 verbose unfinished npm timer reifyNode:node_modules/@npmcli/git/node_modules/lru-cache 1774810844056
3486 verbose unfinished npm timer reifyNode:node_modules/@nodelib/fs.walk 1774810844056
3487 verbose unfinished npm timer reifyNode:node_modules/@nodelib/fs.stat 1774810844056
3488 verbose unfinished npm timer reifyNode:node_modules/@nodelib/fs.scandir 1774810844056
3489 verbose unfinished npm timer reifyNode:node_modules/@lukeed/ms 1774810844056
3490 verbose unfinished npm timer reifyNode:node_modules/@jridgewell/resolve-uri 1774810844056
3491 verbose unfinished npm timer reifyNode:node_modules/@jest/types 1774810844056
3492 verbose unfinished npm timer reifyNode:node_modules/@jest/reporters/node_modules/glob 1774810844056
3493 verbose unfinished npm timer reifyNode:node_modules/@jest/fake-timers 1774810844056
3494 verbose unfinished npm timer reifyNode:node_modules/@jest/core 1774810844057
3495 verbose unfinished npm timer reifyNode:node_modules/@istanbuljs/load-nyc-config/node_modules/p-locate 1774810844057
3496 verbose unfinished npm timer reifyNode:node_modules/@istanbuljs/load-nyc-config/node_modules/locate-path 1774810844057
3497 verbose unfinished npm timer reifyNode:node_modules/@istanbuljs/load-nyc-config/node_modules/js-yaml 1774810844057
3498 verbose unfinished npm timer reifyNode:node_modules/@istanbuljs/load-nyc-config/node_modules/find-up 1774810844057
3499 verbose unfinished npm timer reifyNode:node_modules/@istanbuljs/load-nyc-config/node_modules/argparse 1774810844057
3500 verbose unfinished npm timer reifyNode:node_modules/@isaacs/cliui/node_modules/strip-ansi 1774810844057
3501 verbose unfinished npm timer reifyNode:node_modules/@isaacs/cliui/node_modules/string-width 1774810844057
3502 verbose unfinished npm timer reifyNode:node_modules/@isaacs/cliui/node_modules/emoji-regex 1774810844057
3503 verbose unfinished npm timer reifyNode:node_modules/@isaacs/cliui/node_modules/ansi-regex 1774810844058
3504 verbose unfinished npm timer reifyNode:node_modules/@gar/promisify 1774810844058
3505 verbose unfinished npm timer reifyNode:node_modules/@fastify/view/node_modules/fastify-plugin 1774810844058
3506 verbose unfinished npm timer reifyNode:node_modules/@fastify/static 1774810844058
3507 verbose unfinished npm timer reifyNode:node_modules/@fastify/static/node_modules/fastify-plugin 1774810844058
3508 verbose unfinished npm timer reifyNode:node_modules/@fastify/sensible/node_modules/fastify-plugin 1774810844058
3509 verbose unfinished npm timer reifyNode:node_modules/@fastify/send 1774810844058
3510 verbose unfinished npm timer reifyNode:node_modules/@fastify/secure-session/node_modules/fastify-plugin 1774810844058
3511 verbose unfinished npm timer reifyNode:node_modules/@fastify/formbody/node_modules/fastify-plugin 1774810844058
3512 verbose unfinished npm timer reifyNode:node_modules/@fastify/flash/node_modules/fastify-plugin 1774810844058
3513 verbose unfinished npm timer reifyNode:node_modules/@fastify/fast-json-stringify-compiler 1774810844058
3514 verbose unfinished npm timer reifyNode:node_modules/@fastify/cookie 1774810844058
3515 verbose unfinished npm timer reifyNode:node_modules/@fastify/cookie/node_modules/fastify-plugin 1774810844058
3516 verbose unfinished npm timer reifyNode:node_modules/@fastify/ajv-compiler/node_modules/json-schema-traverse 1774810844059
3517 verbose unfinished npm timer reifyNode:node_modules/@fastify/ajv-compiler/node_modules/ajv 1774810844059
3518 verbose unfinished npm timer reifyNode:node_modules/@eslint/eslintrc/node_modules/globals 1774810844059
3519 verbose unfinished npm timer reifyNode:node_modules/@babel/traverse/node_modules/globals 1774810844059
3520 verbose unfinished npm timer reifyNode:node_modules/@babel/plugin-syntax-jsx 1774810844060
3521 verbose unfinished npm timer reifyNode:node_modules/@babel/highlight/node_modules/supports-color 1774810844060
3522 verbose unfinished npm timer reifyNode:node_modules/@babel/highlight/node_modules/has-flag 1774810844060
3523 verbose unfinished npm timer reifyNode:node_modules/@babel/highlight/node_modules/color-name 1774810844060
3524 verbose unfinished npm timer reifyNode:node_modules/@babel/highlight/node_modules/color-convert 1774810844060
3525 verbose unfinished npm timer reifyNode:node_modules/@babel/highlight/node_modules/chalk 1774810844060
3526 verbose unfinished npm timer reifyNode:node_modules/@babel/highlight/node_modules/ansi-styles 1774810844060
3527 verbose unfinished npm timer reifyNode:node_modules/@babel/helper-validator-option 1774810844060
3528 verbose unfinished npm timer reifyNode:node_modules/@babel/helper-simple-access 1774810844060
3529 verbose unfinished npm timer reifyNode:node_modules/@babel/helper-compilation-targets/node_modules/semver 1774810844061
3530 verbose unfinished npm timer reifyNode:node_modules/@babel/core/node_modules/semver 1774810844061
3531 verbose unfinished npm timer reifyNode:node_modules/@ampproject/remapping 1774810844061
3532 verbose unfinished npm timer auditReport:init 1774810845203
3533 verbose unfinished npm timer metavuln:calculate:security-advisory:cacache:NTB2XjbDOgk4lkd8PZ3tUAm1F3E/ohGF6rl9/3LEO7Z0FDzSR5nWwzd3nUENA3NCNdyeR+35DOC12wPml2IV+g== 1774810920145
3534 verbose unfinished npm timer metavuln:calculate:security-advisory:js-beautify:NTB2XjbDOgk4lkd8PZ3tUAm1F3E/ohGF6rl9/3LEO7Z0FDzSR5nWwzd3nUENA3NCNdyeR+35DOC12wPml2IV+g== 1774810920146
3535 verbose unfinished npm timer metavuln:cache:put:security-advisory:cacache:jgcnDPpQA6Pd0WUq11of4JS3nfZzFbYPGEiM5lXhkm38JNpJrS4nuiCNInBrG+RFBevWIak8ZWL+tkpr1DlzGg== 1774810925403
3536 verbose unfinished npm timer metavuln:cache:put:security-advisory:js-beautify:Vg4oCCAQB/t0zzprsEbdJg6TgVHuRJw0PRholaLu8gEgXPNwujG9YYkL+R6A/jlFVJswJIA/24mjV0y67XN7RQ== 1774810925415
3537 verbose code 1
3538 error A complete log of this run can be found in: /root/.npm/_logs/2026-03-29T19_00_43_222Z-debug-0.log
