0 verbose cli /usr/local/bin/node /usr/local/bin/npm
1 info using npm@10.5.0
2 info using node@v20.12.2
3 timing npm:load:whichnode Completed in 1ms
4 timing config:load:defaults Completed in 1ms
5 timing config:load:file:/usr/local/lib/node_modules/npm/npmrc Completed in 0ms
6 timing config:load:builtin Completed in 0ms
7 timing config:load:cli Completed in 1ms
8 timing config:load:env Completed in 0ms
9 timing config:load:project Completed in 1ms
10 timing config:load:file:/root/.npmrc Completed in 3ms
11 timing config:load:user Completed in 3ms
12 timing config:load:file:/usr/local/etc/npmrc Completed in 0ms
13 timing config:load:global Completed in 0ms
14 timing config:load:setEnvs Completed in 0ms
15 timing config:load Completed in 7ms
16 timing npm:load:configload Completed in 7ms
17 timing config:load:flatten Completed in 0ms
18 timing npm:load:mkdirpcache Completed in 0ms
19 timing npm:load:mkdirplogs Completed in 1ms
20 verbose title npm install
21 verbose argv "install"
22 timing npm:load:setTitle Completed in 0ms
23 timing npm:load:display Completed in 0ms
24 verbose logfile logs-max:10 dir:/root/.npm/_logs/2026-03-29T19_03_18_444Z-
25 verbose logfile /root/.npm/_logs/2026-03-29T19_03_18_444Z-debug-0.log
26 timing npm:load:logFile Completed in 5ms
27 timing npm:load:timers Completed in 0ms
28 timing npm:load:configScope Completed in 0ms
29 timing npm:load Completed in 20ms
30 timing arborist:ctor Completed in 0ms
31 silly logfile done cleaning log files
32 timing idealTree:init Completed in 197ms
33 timing idealTree:userRequests Completed in 0ms
34 silly idealTree buildDeps
35 timing idealTree:#root Completed in 0ms
36 timing idealTree:buildDeps Completed in 0ms
37 timing idealTree:fixDepFlags Completed in 0ms
38 timing idealTree Completed in 204ms
39 timing reify:loadTrees Completed in 210ms
40 timing reify:diffTrees Completed in 5ms
41 silly reify moves {}
42 timing reify:retireShallow Completed in 1ms
43 timing reify:createSparse Completed in 379ms
44 timing reify:loadBundles Completed in 0ms
45 silly audit bulk request {
45 silly audit   '@aashutoshrathi/word-wrap': [ '1.2.6' ],
45 silly audit   '@ampproject/remapping': [ '2.3.0' ],
45 silly audit   '@babel/code-frame': [ '7.24.2' ],
45 silly audit   '@babel/compat-data': [ '7.24.4' ],
45 silly audit   '@babel/core': [ '7.24.4' ],
45 silly audit   semver: [ '6.3.1', '7.6.0' ],
45 silly audit   '@babel/generator': [ '7.24.4' ],
45 silly audit   '@babel/helper-compilation-targets': [ '7.23.6' ],
45 silly audit   '@babel/helper-environment-visitor': [ '7.22.20' ],
45 silly audit   '@babel/helper-function-name': [ '7.23.0' ],
45 silly audit   '@babel/helper-hoist-variables': [ '7.22.5' ],
45 silly audit   '@babel/helper-module-imports': [ '7.24.3' ],
45 silly audit   '@babel/helper-module-transforms': [ '7.23.3' ],
45 silly audit   '@babel/helper-plugin-utils': [ '7.24.0' ],
45 silly audit   '@babel/helper-simple-access': [ '7.22.5' ],
45 silly audit   '@babel/helper-split-export-declaration': [ '7.22.6' ],
45 silly audit   '@babel/helper-string-parser': [ '7.24.1' ],
45 silly audit   '@babel/helper-validator-identifier': [ '7.22.20' ],
45 silly audit   '@babel/helper-validator-option': [ '7.23.5' ],
45 silly audit   '@babel/helpers': [ '7.24.4' ],
45 silly audit   '@babel/highlight': [ '7.24.2' ],
45 silly audit   'ansi-styles': [ '3.2.1', '4.3.0', '5.2.0', '6.1.0' ],
45 silly audit   chalk: [ '2.4.2', '5.0.1', '4.1.2', '5.3.0' ],
45 silly audit   'color-convert': [ '1.9.3', '2.0.1' ],
45 silly audit   'color-name': [ '1.1.3', '1.1.4' ],
45 silly audit   'has-flag': [ '3.0.0', '4.0.0' ],
45 silly audit   'supports-color': [ '5.5.0', '8.1.1', '7.2.0' ],
45 silly audit   '@babel/parser': [ '7.24.4' ],
45 silly audit   '@babel/plugin-syntax-async-generators': [ '7.8.4' ],
45 silly audit   '@babel/plugin-syntax-bigint': [ '7.8.3' ],
45 silly audit   '@babel/plugin-syntax-class-properties': [ '7.12.13' ],
45 silly audit   '@babel/plugin-syntax-import-meta': [ '7.10.4' ],
45 silly audit   '@babel/plugin-syntax-json-strings': [ '7.8.3' ],
45 silly audit   '@babel/plugin-syntax-jsx': [ '7.24.1' ],
45 silly audit   '@babel/plugin-syntax-logical-assignment-operators': [ '7.10.4' ],
45 silly audit   '@babel/plugin-syntax-nullish-coalescing-operator': [ '7.8.3' ],
45 silly audit   '@babel/plugin-syntax-numeric-separator': [ '7.10.4' ],
45 silly audit   '@babel/plugin-syntax-object-rest-spread': [ '7.8.3' ],
45 silly audit   '@babel/plugin-syntax-optional-catch-binding': [ '7.8.3' ],
45 silly audit   '@babel/plugin-syntax-optional-chaining': [ '7.8.3' ],
45 silly audit   '@babel/plugin-syntax-top-level-await': [ '7.14.5' ],
45 silly audit   '@babel/plugin-syntax-typescript': [ '7.24.1' ],
45 silly audit   '@babel/runtime': [ '7.24.4' ],
45 silly audit   '@babel/template': [ '7.24.0' ],
45 silly audit   '@babel/traverse': [ '7.24.1' ],
45 silly audit   globals: [ '11.12.0', '14.0.0', '13.24.0', '15.0.0' ],
45 silly audit   '@babel/types': [ '7.24.0' ],
45 silly audit   '@bcoe/v8-coverage': [ '0.2.3' ],
45 silly audit   '@colors/colors': [ '1.5.0' ],
45 silly audit   '@discoveryjs/json-ext': [ '0.5.7' ],
45 silly audit   '@eslint-community/eslint-utils': [ '4.4.0' ],
45 silly audit   '@eslint-community/regexpp': [ '4.10.0' ],
45 silly audit   '@eslint/eslintrc': [ '3.0.2', '2.1.4' ],
45 silly audit   '@eslint/js': [ '9.1.1', '8.57.0' ],
45 silly audit   '@fastify/accept-negotiator': [ '1.0.0' ],
45 silly audit   '@fastify/ajv-compiler': [ '3.5.0' ],
45 silly audit   ajv: [ '8.12.0', '6.12.6', '8.11.0' ],
45 silly audit   'json-schema-traverse': [ '1.0.0', '0.4.1' ],
45 silly audit   '@fastify/cookie': [ '9.3.1' ],
45 silly audit   'fastify-plugin': [ '4.5.1', '4.2.0', '2.3.4', '3.0.1' ],
45 silly audit   '@fastify/deepmerge': [ '1.3.0' ],
45 silly audit   '@fastify/error': [ '3.4.1' ],
45 silly audit   '@fastify/fast-json-stringify-compiler': [ '4.3.0' ],
45 silly audit   '@fastify/flash': [ '5.1.0' ],
45 silly audit   '@fastify/formbody': [ '7.4.0' ],
45 silly audit   '@fastify/merge-json-schemas': [ '0.1.1' ],
45 silly audit   '@fastify/secure-session': [ '7.5.1' ],
45 silly audit   '@fastify/send': [ '2.1.0' ],
45 silly audit   '@fastify/sensible': [ '5.5.0' ],
45 silly audit   '@fastify/static': [ '7.0.3' ],
45 silly audit   '@fastify/view': [ '9.0.0' ],
45 silly audit   '@gar/promisify': [ '1.1.3' ],
45 silly audit   '@humanwhocodes/config-array': [ '0.11.14' ],
45 silly audit   '@humanwhocodes/module-importer': [ '1.0.1' ],
45 silly audit   '@humanwhocodes/object-schema': [ '2.0.3' ],
45 silly audit   '@isaacs/cliui': [ '8.0.2' ],
45 silly audit   'ansi-regex': [ '6.0.1', '5.0.1' ],
45 silly audit   'emoji-regex': [ '9.2.2', '8.0.0' ],
45 silly audit   'string-width': [ '5.1.2', '4.2.3' ],
45 silly audit   'strip-ansi': [ '7.1.0', '7.0.1', '6.0.1' ],
45 silly audit   '@istanbuljs/load-nyc-config': [ '1.1.0' ],
45 silly audit   argparse: [ '1.0.10', '2.0.1' ],
45 silly audit   'find-up': [ '4.1.0', '5.0.0', '3.0.0' ],
45 silly audit   'js-yaml': [ '3.14.1', '4.1.0' ],
45 silly audit   'locate-path': [ '5.0.0', '6.0.0', '3.0.0' ],
45 silly audit   'p-limit': [ '2.3.0', '3.1.0' ],
45 silly audit   'p-locate': [ '4.1.0', '5.0.0', '3.0.0' ],
45 silly audit   '@istanbuljs/schema': [ '0.1.3' ],
45 silly audit   '@jest/console': [ '29.7.0' ],
45 silly audit   '@jest/core': [ '29.7.0' ],
45 silly audit   '@jest/environment': [ '29.7.0' ],
45 silly audit   '@jest/expect': [ '29.7.0' ],
45 silly audit   '@jest/expect-utils': [ '29.7.0' ],
45 silly audit   '@jest/fake-timers': [ '29.7.0' ],
45 silly audit   '@jest/globals': [ '29.7.0' ],
45 silly audit   '@jest/reporters': [ '29.7.0' ],
45 silly audit   glob: [ '7.2.3', '10.3.12', '8.1.0' ],
45 silly audit   '@jest/schemas': [ '29.6.3' ],
45 silly audit   '@jest/source-map': [ '29.6.3' ],
45 silly audit   '@jest/test-result': [ '29.7.0' ],
45 silly audit   '@jest/test-sequencer': [ '29.7.0' ],
45 silly audit   '@jest/transform': [ '29.7.0' ],
45 silly audit   '@jest/types': [ '29.6.3' ],
45 silly audit   '@jridgewell/gen-mapping': [ '0.3.5' ],
45 silly audit   '@jridgewell/resolve-uri': [ '3.1.2' ],
45 silly audit   '@jridgewell/set-array': [ '1.2.1' ],
45 silly audit   '@jridgewell/source-map': [ '0.3.6' ],
45 silly audit   '@jridgewell/sourcemap-codec': [ '1.4.15' ],
45 silly audit   '@jridgewell/trace-mapping': [ '0.3.25' ],
45 silly audit   '@lukeed/ms': [ '2.0.2' ],
45 silly audit   '@nodelib/fs.scandir': [ '2.1.5' ],
45 silly audit   '@nodelib/fs.stat': [ '2.0.5' ],
45 silly audit   '@nodelib/fs.walk': [ '1.2.8' ],
45 silly audit   '@npmcli/fs': [ '3.1.0', '2.1.2', '1.1.1' ],
45 silly audit   '@npmcli/git': [ '4.1.0' ],
45 silly audit   'lru-cache': [ '7.18.3', '5.1.1', '10.2.0', '6.0.0' ],
45 silly audit   which: [ '3.0.1', '2.0.2' ],
45 silly audit   '@npmcli/installed-package-contents': [ '2.0.2' ],
45 silly audit   '@npmcli/move-file': [ '2.0.1', '1.1.2' ],
45 silly audit   '@npmcli/node-gyp': [ '3.0.0' ],
45 silly audit   '@npmcli/promise-spawn': [ '6.0.2' ],
45 silly audit   '@npmcli/run-script': [ '6.0.2' ],
45 silly audit   '@one-ini/wasm': [ '0.1.1' ],
45 silly audit   '@pkgjs/parseargs': [ '0.11.0' ],
45 silly audit   '@pnpm/network.ca-file': [ '1.0.1' ],
45 silly audit   '@pnpm/npm-conf': [ '1.0.5' ],
45 silly audit   '@popperjs/core': [ '2.11.8' ],
45 silly audit   '@rails/ujs': [ '7.1.3-2' ],
45 silly audit   '@sigstore/bundle': [ '1.1.0' ],
45 silly audit   '@sigstore/protobuf-specs': [ '0.2.1' ],
45 silly audit   '@sigstore/sign': [ '1.0.0' ],
45 silly audit   '@sigstore/tuf': [ '1.0.3' ],
45 silly audit   '@sinclair/typebox': [ '0.27.8' ],
45 silly audit   '@sindresorhus/is': [ '5.3.0' ],
45 silly audit   '@sinonjs/commons': [ '3.0.1' ],
45 silly audit   '@sinonjs/fake-timers': [ '10.3.0' ],
45 silly audit   '@szmarczak/http-timer': [ '5.0.1' ],
45 silly audit   '@tootallnate/once': [ '2.0.0', '1.1.2' ],
45 silly audit   '@tufjs/canonical-json': [ '1.0.0' ],
45 silly audit   '@tufjs/models': [ '1.0.4' ],
45 silly audit   'brace-expansion': [ '2.0.1', '1.1.11' ],
45 silly audit   minimatch: [ '9.0.4', '9.0.1', '5.1.6', '3.1.2' ],
45 silly audit   '@types/babel__core': [ '7.20.5' ],
45 silly audit   '@types/babel__generator': [ '7.6.8' ],
45 silly audit   '@types/babel__template': [ '7.4.4' ],
45 silly audit   '@types/babel__traverse': [ '7.20.5' ],
45 silly audit   '@types/cacheable-request': [ '6.0.2' ],
45 silly audit   '@types/debug': [ '4.1.12' ],
45 silly audit   '@types/eslint': [ '8.4.6' ],
45 silly audit   '@types/eslint-scope': [ '3.7.4' ],
45 silly audit   '@types/estree': [ '1.0.5' ],
45 silly audit   '@types/graceful-fs': [ '4.1.9' ],
45 silly audit   '@types/http-cache-semantics': [ '4.0.1' ],
45 silly audit   '@types/istanbul-lib-coverage': [ '2.0.6' ],
45 silly audit   '@types/istanbul-lib-report': [ '3.0.3' ],
45 silly audit   '@types/istanbul-reports': [ '3.0.4' ],
45 silly audit   '@types/jest': [ '29.5.12' ],
45 silly audit   '@types/json-schema': [ '7.0.11' ],
45 silly audit   '@types/json5': [ '0.0.29' ],
45 silly audit   '@types/keyv': [ '3.1.4' ],
45 silly audit   '@types/ms': [ '0.7.34' ],
45 silly audit   '@types/node': [ '20.12.7' ],
45 silly audit   '@types/responselike': [ '1.0.0' ],
45 silly audit   '@types/semver-utils': [ '1.1.3' ],
45 silly audit   '@types/stack-trace': [ '0.0.29' ],
45 silly audit   '@types/stack-utils': [ '2.0.3' ],
45 silly audit   '@types/validator': [ '13.11.9' ],
45 silly audit   '@types/yargs': [ '17.0.32' ],
45 silly audit   '@types/yargs-parser': [ '21.0.3' ],
45 silly audit   '@ungap/structured-clone': [ '1.2.0' ],
45 silly audit   '@vscode/sqlite3': [ '5.1.2' ],
45 silly audit   '@webassemblyjs/ast': [ '1.12.1' ],
45 silly audit   '@webassemblyjs/floating-point-hex-parser': [ '1.11.6' ],
45 silly audit   '@webassemblyjs/helper-api-error': [ '1.11.6' ],
45 silly audit   '@webassemblyjs/helper-buffer': [ '1.12.1' ],
45 silly audit   '@webassemblyjs/helper-numbers': [ '1.11.6' ],
45 silly audit   '@webassemblyjs/helper-wasm-bytecode': [ '1.11.6' ],
45 silly audit   '@webassemblyjs/helper-wasm-section': [ '1.12.1' ],
45 silly audit   '@webassemblyjs/ieee754': [ '1.11.6' ],
45 silly audit   '@webassemblyjs/leb128': [ '1.11.6' ],
45 silly audit   '@webassemblyjs/utf8': [ '1.11.6' ],
45 silly audit   '@webassemblyjs/wasm-edit': [ '1.12.1' ],
45 silly audit   '@webassemblyjs/wasm-gen': [ '1.12.1' ],
45 silly audit   '@webassemblyjs/wasm-opt': [ '1.12.1' ],
45 silly audit   '@webassemblyjs/wasm-parser': [ '1.12.1' ],
45 silly audit   '@webassemblyjs/wast-printer': [ '1.12.1' ],
45 silly audit   '@webpack-cli/configtest': [ '2.1.1' ],
45 silly audit   '@webpack-cli/info': [ '2.0.2' ],
45 silly audit   '@webpack-cli/serve': [ '2.0.5' ],
45 silly audit   '@xtuc/ieee754': [ '1.2.0' ],
45 silly audit   '@xtuc/long': [ '4.2.2' ],
45 silly audit   abbrev: [ '1.1.1', '2.0.0' ],
45 silly audit   'abort-controller': [ '3.0.0' ],
45 silly audit   'abstract-logging': [ '2.0.1' ],
45 silly audit   acorn: [ '8.11.3', '7.4.1' ],
45 silly audit   'acorn-import-assertions': [ '1.9.0' ],
45 silly audit   'acorn-jsx': [ '5.3.2' ],
45 silly audit   'agent-base': [ '6.0.2' ],
45 silly audit   agentkeepalive: [ '4.2.1' ],
45 silly audit   depd: [ '1.1.2', '2.0.0' ],
45 silly audit   'aggregate-error': [ '3.1.0' ],
45 silly audit   'ajv-formats': [ '2.1.1', '3.0.1' ],
45 silly audit   'ajv-keywords': [ '3.5.2', '5.1.0' ],
45 silly audit   'ansi-align': [ '3.0.1' ],
45 silly audit   'ansi-escapes': [ '4.3.2' ],
45 silly audit   'type-fest': [ '0.21.3', '2.19.0', '1.4.0', '0.20.2' ],
45 silly audit   anymatch: [ '3.1.2' ],
45 silly audit   aproba: [ '2.0.0' ],
45 silly audit   archy: [ '1.0.0' ],
45 silly audit   'are-we-there-yet': [ '3.0.1' ],
45 silly audit   'array-buffer-byte-length': [ '1.0.1' ],
45 silly audit   'array-includes': [ '3.1.8' ],
45 silly audit   'array-union': [ '2.1.0' ],
45 silly audit   'array.prototype.findlastindex': [ '1.2.5' ],
45 silly audit   'array.prototype.flat': [ '1.3.2' ],
45 silly audit   'array.prototype.flatmap': [ '1.3.2' ],
45 silly audit   'arraybuffer.prototype.slice': [ '1.0.3' ],
45 silly audit   asap: [ '2.0.6' ],
45 silly audit   'assert-never': [ '1.2.1' ],
45 silly audit   'at-least-node': [ '1.0.0' ],
45 silly audit   'atomic-sleep': [ '1.0.0' ],
45 silly audit   'available-typed-arrays': [ '1.0.7' ],
45 silly audit   avvio: [ '8.3.0' ],
45 silly audit   'babel-jest': [ '29.7.0' ],
45 silly audit   'babel-plugin-istanbul': [ '6.1.1' ],
45 silly audit   'istanbul-lib-instrument': [ '5.2.1', '6.0.2' ],
45 silly audit   'babel-plugin-jest-hoist': [ '29.6.3' ],
45 silly audit   'babel-preset-current-node-syntax': [ '1.0.1' ],
45 silly audit   'babel-preset-jest': [ '29.6.3' ],
45 silly audit   'babel-walk': [ '3.0.0-canary-5' ],
45 silly audit   'balanced-match': [ '1.0.2' ],
45 silly audit   'base64-js': [ '1.5.1' ],
45 silly audit   'better-sqlite3': [ '8.7.0' ],
45 silly audit   'binary-extensions': [ '2.2.0' ],
45 silly audit   bindings: [ '1.5.0' ],
45 silly audit   bl: [ '4.1.0' ],
45 silly audit   bluebird: [ '3.7.2' ],
45 silly audit   bootstrap: [ '5.3.3' ],
45 silly audit   boxen: [ '7.0.0' ],
45 silly audit   camelcase: [ '7.0.0', '5.3.1', '6.3.0' ],
45 silly audit   braces: [ '3.0.2' ],
45 silly audit   browserslist: [ '4.23.0' ],
45 silly audit   bser: [ '2.1.1' ],
45 silly audit   buffer: [ '5.7.1', '6.0.3' ],
45 silly audit   'buffer-from': [ '1.1.2' ],
45 silly audit   builtins: [ '5.1.0' ],
45 silly audit   cacache: [ '17.1.4', '16.1.3', '15.3.0' ],
45 silly audit   'fs-minipass': [ '3.0.3', '2.1.0' ],
45 silly audit   minipass: [ '7.0.4', '5.0.0', '3.3.4' ],
45 silly audit   'unique-filename': [ '3.0.0', '2.0.1', '1.1.1' ],
45 silly audit   'unique-slug': [ '4.0.0', '3.0.0', '2.0.2' ],
45 silly audit   'cacheable-lookup': [ '6.1.0' ],
45 silly audit   'cacheable-request': [ '7.0.2' ],
45 silly audit   'get-stream': [ '5.2.0', '6.0.1' ],
45 silly audit   'lowercase-keys': [ '2.0.0', '3.0.0' ],
45 silly audit   'call-bind': [ '1.0.7' ],
45 silly audit   callsites: [ '3.1.0' ],
45 silly audit   'caniuse-lite': [ '1.0.30001612' ],
45 silly audit   'char-regex': [ '1.0.2' ],
45 silly audit   'character-parser': [ '2.2.0' ],
45 silly audit   chokidar: [ '3.5.3' ],
45 silly audit   'glob-parent': [ '5.1.2', '6.0.2' ],
45 silly audit   chownr: [ '2.0.0', '1.1.4' ],
45 silly audit   'chrome-trace-event': [ '1.0.3' ],
45 silly audit   'ci-info': [ '3.3.2' ],
45 silly audit   'cjs-module-lexer': [ '1.2.3' ],
45 silly audit   'clean-stack': [ '2.2.0' ],
45 silly audit   'cli-boxes': [ '3.0.0' ],
45 silly audit   'cli-color': [ '2.0.4' ],
45 silly audit   'cli-table3': [ '0.6.4' ],
45 silly audit   cliui: [ '8.0.1', '7.0.4' ],
45 silly audit   'wrap-ansi': [ '7.0.0', '8.1.0' ],
45 silly audit   'clone-deep': [ '4.0.1' ],
45 silly audit   'clone-response': [ '1.0.3' ],
45 silly audit   'close-with-grace': [ '1.1.0' ],
45 silly audit   co: [ '4.6.0' ],
45 silly audit   'collect-v8-coverage': [ '1.0.2' ],
45 silly audit   'color-support': [ '1.1.3' ],
45 silly audit   colorette: [ '2.0.19' ],
45 silly audit   commander: [ '10.0.1', '2.20.3' ],
45 silly audit   commist: [ '3.0.0' ],
45 silly audit   'concat-map': [ '0.0.1' ],
45 silly audit   concurrently: [ '8.2.2' ],
45 silly audit   'config-chain': [ '1.1.13' ],
45 silly audit   ini: [ '1.3.8', '2.0.0', '4.1.2' ],
45 silly audit   configstore: [ '6.0.0' ],
45 silly audit   'write-file-atomic': [ '3.0.3', '4.0.2' ],
45 silly audit   'confusing-browser-globals': [ '1.0.11' ],
45 silly audit   'console-control-strings': [ '1.1.0' ],
45 silly audit   constantinople: [ '4.0.1' ],
45 silly audit   'content-disposition': [ '0.5.4' ],
45 silly audit   'convert-source-map': [ '2.0.0' ],
45 silly audit   cookie: [ '0.6.0', '0.4.2' ],
45 silly audit   'cookie-signature': [ '1.2.1' ],
45 silly audit   'create-jest': [ '29.7.0' ],
45 silly audit   'cross-spawn': [ '7.0.3' ],
45 silly audit   'crypto-random-string': [ '4.0.0' ],
45 silly audit   'css-loader': [ '7.1.1' ],
45 silly audit   cssesc: [ '3.0.0' ],
45 silly audit   d: [ '1.0.2' ],
45 silly audit   'data-view-buffer': [ '1.0.1' ],
45 silly audit   'data-view-byte-length': [ '1.0.1' ],
45 silly audit   'data-view-byte-offset': [ '1.0.0' ],
45 silly audit   'date-fns': [ '2.30.0' ],
45 silly audit   dateformat: [ '4.6.3' ],
45 silly audit   'db-errors': [ '0.2.3' ],
45 silly audit   debug: [ '4.3.4', '3.2.7' ],
45 silly audit   ms: [ '2.1.2', '2.1.3' ],
45 silly audit   'decompress-response': [ '6.0.0' ],
45 silly audit   'mimic-response': [ '3.1.0', '1.0.1' ],
45 silly audit   dedent: [ '1.5.3' ],
45 silly audit   'deep-extend': [ '0.6.0' ],
45 silly audit   'deep-is': [ '0.1.4' ],
45 silly audit   deepmerge: [ '4.3.1' ],
45 silly audit   'defer-to-connect': [ '2.0.1' ],
45 silly audit   'define-data-property': [ '1.1.4' ],
45 silly audit   'define-properties': [ '1.2.1' ],
45 silly audit   delegates: [ '1.0.0' ],
45 silly audit   'detect-libc': [ '2.0.3' ],
45 silly audit   'detect-newline': [ '3.1.0' ],
45 silly audit   'diff-sequences': [ '29.6.3' ],
45 silly audit   'dir-glob': [ '3.0.1' ],
45 silly audit   doctrine: [ '3.0.0', '2.1.0' ],
45 silly audit   doctypes: [ '1.1.0' ],
45 silly audit   'dot-prop': [ '6.0.1' ],
45 silly audit   dotenv: [ '16.4.5' ],
45 silly audit   dottie: [ '2.0.6' ],
45 silly audit   eastasianwidth: [ '0.2.0' ],
45 silly audit   editorconfig: [ '1.0.4' ],
45 silly audit   'electron-to-chromium': [ '1.4.746' ],
45 silly audit   emittery: [ '0.13.1' ],
45 silly audit   encoding: [ '0.1.13' ],
45 silly audit   'end-of-stream': [ '1.4.4' ],
45 silly audit   'enhanced-resolve': [ '5.16.0' ],
45 silly audit   entities: [ '3.0.1' ],
45 silly audit   'env-paths': [ '2.2.1' ],
45 silly audit   envinfo: [ '7.12.0' ],
45 silly audit   'err-code': [ '2.0.3' ],
45 silly audit   'error-ex': [ '1.3.2' ],
45 silly audit   'es-abstract': [ '1.23.3' ],
45 silly audit   'es-define-property': [ '1.0.0' ],
45 silly audit   'es-errors': [ '1.3.0' ],
45 silly audit   'es-module-lexer': [ '1.5.0' ],
45 silly audit   'es-object-atoms': [ '1.0.0' ],
45 silly audit   'es-set-tostringtag': [ '2.0.3' ],
45 silly audit   'es-shim-unscopables': [ '1.0.2' ],
45 silly audit   'es-to-primitive': [ '1.2.1' ],
45 silly audit   'es5-ext': [ '0.10.64' ],
45 silly audit   'es6-iterator': [ '2.0.3' ],
45 silly audit   'es6-symbol': [ '3.1.4' ],
45 silly audit   'es6-weak-map': [ '2.0.3' ],
45 silly audit   escalade: [ '3.1.1' ],
45 silly audit   'escape-goat': [ '4.0.0' ],
45 silly audit   'escape-html': [ '1.0.3' ],
45 silly audit   'escape-string-regexp': [ '1.0.5', '4.0.0', '2.0.0' ],
45 silly audit   eslint: [ '8.57.0' ],
45 silly audit   'eslint-config-airbnb-base': [ '15.0.0' ],
45 silly audit   'eslint-import-resolver-node': [ '0.3.9' ],
45 silly audit   'eslint-module-utils': [ '2.8.1' ],
45 silly audit   'eslint-plugin-import': [ '2.29.1' ],
45 silly audit   'eslint-scope': [ '7.2.2', '5.1.1' ],
45 silly audit   'eslint-visitor-keys': [ '3.4.3', '4.0.0' ],
45 silly audit   espree: [ '9.6.1', '10.0.1' ],
45 silly audit   esm: [ '3.2.25' ],
45 silly audit   esniff: [ '2.0.1' ],
45 silly audit   esprima: [ '4.0.1' ],
45 silly audit   esquery: [ '1.5.0' ],
45 silly audit   esrecurse: [ '4.3.0' ],
45 silly audit   estraverse: [ '5.3.0', '4.3.0' ],
45 silly audit   esutils: [ '2.0.3' ],
45 silly audit   'event-emitter': [ '0.3.5' ],
45 silly audit   'event-target-shim': [ '5.0.1' ],
45 silly audit   events: [ '3.3.0' ],
45 silly audit   execa: [ '5.1.1' ],
45 silly audit   exit: [ '0.1.2' ],
45 silly audit   'expand-template': [ '2.0.3' ],
45 silly audit   expect: [ '29.7.0' ],
45 silly audit   'exponential-backoff': [ '3.1.1' ],
45 silly audit   ext: [ '1.7.0' ],
45 silly audit   'fast-content-type-parse': [ '1.1.0' ],
45 silly audit   'fast-copy': [ '3.0.2' ],
45 silly audit   'fast-decode-uri-component': [ '1.0.1' ],
45 silly audit   'fast-deep-equal': [ '3.1.3' ],
45 silly audit   'fast-glob': [ '3.2.11' ],
45 silly audit   'fast-json-stable-stringify': [ '2.1.0' ],
45 silly audit   'fast-json-stringify': [ '5.14.1' ],
45 silly audit   'fast-levenshtein': [ '2.0.6' ],
45 silly audit   'fast-memoize': [ '2.5.2' ],
45 silly audit   'fast-querystring': [ '1.0.0' ],
45 silly audit   'fast-redact': [ '3.5.0' ],
45 silly audit   'fast-safe-stringify': [ '2.1.1' ],
45 silly audit   'fast-uri': [ '2.3.0' ],
45 silly audit   'fastest-levenshtein': [ '1.0.16' ],
45 silly audit   fastify: [ '4.26.2' ],
45 silly audit   'fastify-cli': [ '6.1.1' ],
45 silly audit   'pino-pretty': [ '10.3.1', '11.0.0' ],
45 silly audit   'help-me': [ '5.0.0', '4.2.0' ],
45 silly audit   'readable-stream': [ '4.5.2', '3.6.2' ],
45 silly audit   'fastify-error-page': [ '4.0.0' ],
45 silly audit   'fastify-method-override': [ '1.5.10' ],
45 silly audit   'fastify-objectionjs': [ '2.0.1' ],
45 silly audit   knex: [ '2.5.1', '3.1.0' ],
45 silly audit   'pg-connection-string': [ '2.6.1', '2.6.2', '2.6.4' ],
45 silly audit   'fastify-reverse-routes': [ '3.0.0' ],
45 silly audit   fastq: [ '1.17.1' ],
45 silly audit   'fb-watchman': [ '2.0.2' ],
45 silly audit   'file-entry-cache': [ '6.0.1' ],
45 silly audit   'file-uri-to-path': [ '1.0.0' ],
45 silly audit   'fill-range': [ '7.0.1' ],
45 silly audit   'find-my-way': [ '8.1.0' ],
45 silly audit   'flat-cache': [ '3.2.0' ],
45 silly audit   flatted: [ '3.3.1' ],
45 silly audit   'for-each': [ '0.3.3' ],
45 silly audit   'foreground-child': [ '3.1.1' ],
45 silly audit   'signal-exit': [ '4.1.0', '3.0.7' ],
45 silly audit   'form-data-encoder': [ '2.1.0' ],
45 silly audit   forwarded: [ '0.2.0' ],
45 silly audit   'fp-and-or': [ '0.1.4' ],
45 silly audit   'fs-constants': [ '1.0.0' ],
45 silly audit   'fs-extra': [ '9.1.0' ],
45 silly audit   'fs.realpath': [ '1.0.0' ],
45 silly audit   fsevents: [ '2.3.2' ],
45 silly audit   'function-bind': [ '1.1.2' ],
45 silly audit   'function.prototype.name': [ '1.1.6' ],
45 silly audit   'functions-have-names': [ '1.2.3' ],
45 silly audit   gauge: [ '4.0.4' ],
45 silly audit   generify: [ '4.2.0' ],
45 silly audit   gensync: [ '1.0.0-beta.2' ],
45 silly audit   'get-caller-file': [ '2.0.5' ],
45 silly audit   'get-intrinsic': [ '1.2.4' ],
45 silly audit   'get-package-type': [ '0.1.0' ],
45 silly audit   'get-stdin': [ '8.0.0' ],
45 silly audit   'get-symbol-description': [ '1.0.2' ],
45 silly audit   getopts: [ '2.3.0' ],
45 silly audit   'github-from-package': [ '0.0.0' ],
45 silly audit   'glob-to-regexp': [ '0.4.1' ],
45 silly audit   'global-dirs': [ '3.0.0' ],
45 silly audit   globalthis: [ '1.0.3' ],
45 silly audit   globby: [ '11.1.0' ],
45 silly audit   gopd: [ '1.0.1' ],
45 silly audit   got: [ '12.3.1' ],
45 silly audit   'graceful-fs': [ '4.2.10', '4.2.11' ],
45 silly audit   graphemer: [ '1.4.0' ],
45 silly audit   'has-bigints': [ '1.0.2' ],
45 silly audit   'has-property-descriptors': [ '1.0.2' ],
45 silly audit   'has-proto': [ '1.0.3' ],
45 silly audit   'has-symbols': [ '1.0.3' ],
45 silly audit   'has-tostringtag': [ '1.0.2' ],
45 silly audit   'has-unicode': [ '2.0.1' ],
45 silly audit   'has-yarn': [ '3.0.0' ],
45 silly audit   hashlru: [ '2.3.0' ],
45 silly audit   hasown: [ '2.0.2' ],
45 silly audit   'hosted-git-info': [ '5.2.1', '6.1.1' ],
45 silly audit   'html-escaper': [ '2.0.2' ],
45 silly audit   'http-cache-semantics': [ '4.1.1' ],
45 silly audit   'http-errors': [ '2.0.0' ],
45 silly audit   'http-proxy-agent': [ '5.0.0', '4.0.1' ],
45 silly audit   'http2-wrapper': [ '2.1.11' ],
45 silly audit   'https-proxy-agent': [ '5.0.1' ],
45 silly audit   'human-signals': [ '2.1.0' ],
45 silly audit   'humanize-ms': [ '1.2.1' ],
45 silly audit   i18next: [ '23.11.2' ],
45 silly audit   'iconv-lite': [ '0.6.3' ],
45 silly audit   'icss-utils': [ '5.1.0' ],
45 silly audit   ieee754: [ '1.2.1' ],
45 silly audit   ignore: [ '5.2.0' ],
45 silly audit   'ignore-walk': [ '6.0.4' ],
45 silly audit   'import-fresh': [ '3.3.0' ],
45 silly audit   'resolve-from': [ '4.0.0', '5.0.0' ],
45 silly audit   'import-lazy': [ '4.0.0' ],
45 silly audit   'import-local': [ '3.1.0' ],
45 silly audit   imurmurhash: [ '0.1.4' ],
45 silly audit   'indent-string': [ '4.0.0' ],
45 silly audit   'infer-owner': [ '1.0.4' ],
45 silly audit   inflection: [ '1.13.4' ],
45 silly audit   inflight: [ '1.0.6' ],
45 silly audit   inherits: [ '2.0.4' ],
45 silly audit   'internal-slot': [ '1.0.7' ],
45 silly audit   interpret: [ '2.2.0', '3.1.1' ],
45 silly audit   ip: [ '2.0.0' ],
45 silly audit   'ipaddr.js': [ '1.9.1' ],
45 silly audit   'is-array-buffer': [ '3.0.4' ],
45 silly audit   'is-arrayish': [ '0.2.1' ],
45 silly audit   'is-bigint': [ '1.0.4' ],
45 silly audit   'is-binary-path': [ '2.1.0' ],
45 silly audit   'is-boolean-object': [ '1.1.2' ],
45 silly audit   'is-callable': [ '1.2.7' ],
45 silly audit   'is-ci': [ '3.0.1' ],
45 silly audit   'is-core-module': [ '2.13.1' ],
45 silly audit   'is-data-view': [ '1.0.1' ],
45 silly audit   'is-date-object': [ '1.0.5' ],
45 silly audit   'is-docker': [ '2.2.1' ],
45 silly audit   'is-expression': [ '4.0.0' ],
45 silly audit   'is-extglob': [ '2.1.1' ],
45 silly audit   'is-fullwidth-code-point': [ '3.0.0' ],
45 silly audit   'is-generator-fn': [ '2.1.0' ],
45 silly audit   'is-glob': [ '4.0.3' ],
45 silly audit   'is-installed-globally': [ '0.4.0' ],
45 silly audit   'is-lambda': [ '1.0.1' ],
45 silly audit   'is-negative-zero': [ '2.0.3' ],
45 silly audit   'is-npm': [ '6.0.0' ],
45 silly audit   'is-number': [ '7.0.0' ],
45 silly audit   'is-number-object': [ '1.0.7' ],
45 silly audit   'is-obj': [ '2.0.0' ],
45 silly audit   'is-path-inside': [ '3.0.3' ],
45 silly audit   'is-plain-object': [ '2.0.4' ],
45 silly audit   'is-promise': [ '2.2.2' ],
45 silly audit   'is-regex': [ '1.1.4' ],
45 silly audit   'is-shared-array-buffer': [ '1.0.3' ],
45 silly audit   'is-stream': [ '2.0.1' ],
45 silly audit   'is-string': [ '1.0.7' ],
45 silly audit   'is-symbol': [ '1.0.4' ],
45 silly audit   'is-typed-array': [ '1.1.13' ],
45 silly audit   'is-typedarray': [ '1.0.0' ],
45 silly audit   'is-weakref': [ '1.0.2' ],
45 silly audit   'is-yarn-global': [ '0.4.0' ],
45 silly audit   isarray: [ '2.0.5' ],
45 silly audit   isbinaryfile: [ '4.0.10' ],
45 silly audit   isexe: [ '2.0.0' ],
45 silly audit   isobject: [ '3.0.1' ],
45 silly audit   'istanbul-lib-coverage': [ '3.2.2' ],
45 silly audit   'istanbul-lib-report': [ '3.0.1' ],
45 silly audit   'istanbul-lib-source-maps': [ '4.0.1' ],
45 silly audit   'istanbul-reports': [ '3.1.7' ],
45 silly audit   jackspeak: [ '2.3.6' ],
45 silly audit   jest: [ '29.7.0' ],
45 silly audit   'jest-changed-files': [ '29.7.0' ],
45 silly audit   'jest-circus': [ '29.7.0' ],
45 silly audit   'jest-cli': [ '29.7.0' ],
45 silly audit   'jest-config': [ '29.7.0' ],
45 silly audit   'jest-diff': [ '29.7.0' ],
45 silly audit   'jest-docblock': [ '29.7.0' ],
45 silly audit   'jest-each': [ '29.7.0' ],
45 silly audit   'jest-environment-node': [ '29.7.0' ],
45 silly audit   'jest-get-type': [ '29.6.3' ],
45 silly audit   'jest-haste-map': [ '29.7.0' ],
45 silly audit   'jest-leak-detector': [ '29.7.0' ],
45 silly audit   'jest-matcher-utils': [ '29.7.0' ],
45 silly audit   'jest-message-util': [ '29.7.0' ],
45 silly audit   'jest-mock': [ '29.7.0' ],
45 silly audit   'jest-pnp-resolver': [ '1.2.3' ],
45 silly audit   'jest-regex-util': [ '29.6.3' ],
45 silly audit   'jest-resolve': [ '29.7.0' ],
45 silly audit   'jest-resolve-dependencies': [ '29.7.0' ],
45 silly audit   'jest-runner': [ '29.7.0' ],
45 silly audit   'jest-runtime': [ '29.7.0' ],
45 silly audit   'jest-snapshot': [ '29.7.0' ],
45 silly audit   'jest-util': [ '29.7.0' ],
45 silly audit   'jest-validate': [ '29.7.0' ],
45 silly audit   'jest-watcher': [ '29.7.0' ],
45 silly audit   'jest-worker': [ '29.7.0', '27.5.1' ],
45 silly audit   jju: [ '1.4.0' ],
45 silly audit   joycon: [ '3.1.1' ],
45 silly audit   jquery: [ '3.7.1' ],
45 silly audit   'js-beautify': [ '1.15.1' ],
45 silly audit   nopt: [ '7.2.0', '6.0.0', '5.0.0' ],
45 silly audit   'js-cookie': [ '3.0.5' ],
45 silly audit   'js-stringify': [ '1.0.2' ],
45 silly audit   'js-tokens': [ '4.0.0' ],
45 silly audit   jsesc: [ '2.5.2' ],
45 silly audit   'json-buffer': [ '3.0.1' ],
45 silly audit   'json-parse-even-better-errors': [ '2.3.1', '3.0.1' ],
45 silly audit   'json-parse-helpfulerror': [ '1.0.3' ],
45 silly audit   'json-schema-ref-resolver': [ '1.0.1' ],
45 silly audit   'json-stable-stringify-without-jsonify': [ '1.0.1' ],
45 silly audit   json5: [ '2.2.3', '1.0.2' ],
45 silly audit   jsonfile: [ '6.1.0' ],
45 silly audit   jsonlines: [ '0.1.1' ],
45 silly audit   jsonparse: [ '1.3.1' ],
45 silly audit   jstransformer: [ '1.0.0' ],
45 silly audit   'jstransformer-markdown-it': [ '3.0.0' ],
45 silly audit   keyv: [ '4.5.4' ],
45 silly audit   'kind-of': [ '6.0.3' ],
45 silly audit   kleur: [ '3.0.3', '4.1.5' ],
45 silly audit   'latest-version': [ '7.0.0' ],
45 silly audit   leven: [ '3.1.0' ],
45 silly audit   levn: [ '0.4.1' ],
45 silly audit   'light-my-request': [ '5.13.0' ],
45 silly audit   'lines-and-columns': [ '1.2.4' ],
45 silly audit   'linkify-it': [ '4.0.1' ],
45 silly audit   'loader-runner': [ '4.3.0' ],
45 silly audit   lodash: [ '4.17.21' ],
45 silly audit   'lodash.castarray': [ '4.4.0' ],
45 silly audit   'lodash.compact': [ '3.0.1' ],
45 silly audit   'lodash.isempty': [ '4.4.0' ],
45 silly audit   'lodash.merge': [ '4.6.2' ],
45 silly audit   yallist: [ '3.1.1', '4.0.0' ],
45 silly audit   'lru-queue': [ '0.1.0' ],
45 silly audit   'make-dir': [ '4.0.0' ],
45 silly audit   'make-fetch-happen': [ '11.1.1', '10.2.1', '9.1.0' ],
45 silly audit   'make-promises-safe': [ '5.1.0' ],
45 silly audit   makeerror: [ '1.0.12' ],
45 silly audit   'markdown-it': [ '13.0.2' ],
45 silly audit   mdurl: [ '1.0.1' ],
45 silly audit   'media-typer': [ '0.3.0' ],
45 silly audit   memoizee: [ '0.4.15' ],
45 silly audit   'merge-stream': [ '2.0.0' ],
45 silly audit   merge2: [ '1.4.1' ],
45 silly audit   micromatch: [ '4.0.5' ],
45 silly audit   mime: [ '3.0.0' ],
45 silly audit   'mime-db': [ '1.52.0' ],
45 silly audit   'mime-types': [ '2.1.35' ],
45 silly audit   'mimic-fn': [ '2.1.0' ],
45 silly audit   'mini-css-extract-plugin': [ '2.9.0' ],
45 silly audit   minimist: [ '1.2.6' ],
45 silly audit   'minipass-collect': [ '1.0.2' ],
45 silly audit   'minipass-fetch': [ '3.0.4', '2.1.2', '1.4.1' ],
45 silly audit   'minipass-flush': [ '1.0.5' ],
45 silly audit   'minipass-json-stream': [ '1.0.1' ],
45 silly audit   'minipass-pipeline': [ '1.2.4' ],
45 silly audit   'minipass-sized': [ '1.0.3' ],
45 silly audit   minizlib: [ '2.1.2' ],
45 silly audit   mkdirp: [ '1.0.4' ],
45 silly audit   'mkdirp-classic': [ '0.5.3' ],
45 silly audit   moment: [ '2.30.1' ],
45 silly audit   'moment-timezone': [ '0.5.45' ],
45 silly audit   mustache: [ '4.2.0' ],
45 silly audit   nanoid: [ '3.3.7' ],
45 silly audit   'napi-build-utils': [ '1.0.2' ],
45 silly audit   'natural-compare': [ '1.4.0' ],
45 silly audit   negotiator: [ '0.6.3' ],
45 silly audit   'neo-async': [ '2.6.2' ],
45 silly audit   'next-tick': [ '1.1.0' ],
45 silly audit   'node-abi': [ '3.60.0' ],
45 silly audit   'node-addon-api': [ '4.3.0', '7.1.0' ],
45 silly audit   'node-gyp': [ '9.4.1', '8.4.1' ],
45 silly audit   'node-gyp-build': [ '4.8.0' ],
45 silly audit   ssri: [ '9.0.1', '8.0.1', '10.0.5' ],
45 silly audit   'node-int64': [ '0.4.0' ],
45 silly audit   'node-releases': [ '2.0.14' ],
45 silly audit   'normalize-package-data': [ '5.0.0' ],
45 silly audit   'normalize-path': [ '3.0.0' ],
45 silly audit   'normalize-url': [ '6.1.0' ],
45 silly audit   'npm-bundled': [ '3.0.0' ],
45 silly audit   'npm-check-updates': [ '16.14.18' ],
45 silly audit   rimraf: [ '5.0.5', '3.0.2' ],
45 silly audit   'source-map-support': [ '0.5.21', '0.5.13' ],
45 silly audit   'strip-json-comments': [ '5.0.1', '2.0.1', '3.1.1' ],
45 silly audit   'npm-install-checks': [ '6.3.0' ],
45 silly audit   'npm-normalize-package-bin': [ '3.0.1' ],
45 silly audit   'npm-package-arg': [ '10.1.0' ],
45 silly audit   'npm-packlist': [ '7.0.4' ],
45 silly audit   'npm-pick-manifest': [ '8.0.2' ],
45 silly audit   'npm-registry-fetch': [ '14.0.5' ],
45 silly audit   'npm-run-path': [ '4.0.1' ],
45 silly audit   npmlog: [ '6.0.2' ],
45 silly audit   'object-assign': [ '4.1.1' ],
45 silly audit   'object-inspect': [ '1.13.1' ],
45 silly audit   'object-keys': [ '1.1.1' ],
45 silly audit   'object.assign': [ '4.1.5' ],
45 silly audit   'object.entries': [ '1.1.8' ],
45 silly audit   'object.fromentries': [ '2.0.8' ],
45 silly audit   'object.groupby': [ '1.0.3' ],
45 silly audit   'object.values': [ '1.2.0' ],
45 silly audit   objection: [ '3.1.4' ],
45 silly audit   'objection-unique': [ '1.2.2' ],
45 silly audit   'on-exit-leak-free': [ '2.1.2' ],
45 silly audit   once: [ '1.4.0' ],
45 silly audit   onetime: [ '5.1.2' ],
45 silly audit   optionator: [ '0.9.3' ],
45 silly audit   'p-cancelable': [ '3.0.0' ],
45 silly audit   'p-map': [ '4.0.0' ],
45 silly audit   'p-try': [ '2.2.0' ],
45 silly audit   'package-json': [ '8.1.0' ],
45 silly audit   pacote: [ '15.2.0' ],
45 silly audit   'parent-module': [ '1.0.1' ],
45 silly audit   'parse-github-url': [ '1.0.2' ],
45 silly audit   'parse-json': [ '5.2.0' ],
45 silly audit   'path-exists': [ '4.0.0', '3.0.0' ],
45 silly audit   'path-is-absolute': [ '1.0.1' ],
45 silly audit   'path-key': [ '3.1.1' ],
45 silly audit   'path-parse': [ '1.0.7' ],
45 silly audit   'path-scurry': [ '1.10.2' ],
45 silly audit   'path-to-regexp': [ '6.2.1' ],
45 silly audit   'path-type': [ '4.0.0' ],
45 silly audit   pg: [ '8.11.5' ],
45 silly audit   'pg-cloudflare': [ '1.1.1' ],
45 silly audit   'pg-int8': [ '1.0.1' ],
45 silly audit   'pg-pool': [ '3.6.2' ],
45 silly audit   'pg-protocol': [ '1.6.1' ],
45 silly audit   'pg-types': [ '2.2.0' ],
45 silly audit   pgpass: [ '1.0.5' ],
45 silly audit   split2: [ '4.2.0', '3.2.2' ],
45 silly audit   picocolors: [ '1.0.0' ],
45 silly audit   picomatch: [ '2.3.1' ],
45 silly audit   pino: [ '8.20.0' ],
45 silly audit   'pino-abstract-transport': [ '1.2.0' ],
45 silly audit   'pino-std-serializers': [ '6.2.2' ],
45 silly audit   pirates: [ '4.0.6' ],
45 silly audit   'pkg-dir': [ '4.2.0' ],
45 silly audit   'pkg-up': [ '3.1.0' ],
45 silly audit   'possible-typed-array-names': [ '1.0.0' ],
45 silly audit   postcss: [ '8.4.38' ],
45 silly audit   'postcss-modules-extract-imports': [ '3.1.0' ],
45 silly audit   'postcss-modules-local-by-default': [ '4.0.5' ],
45 silly audit   'postcss-modules-scope': [ '3.2.0' ],
45 silly audit   'postcss-modules-values': [ '4.0.0' ],
45 silly audit   'postcss-selector-parser': [ '6.0.16' ],
45 silly audit   'postcss-value-parser': [ '4.2.0' ],
45 silly audit   'postgres-array': [ '2.0.0' ],
45 silly audit   'postgres-bytea': [ '1.0.0' ],
45 silly audit   'postgres-date': [ '1.0.7' ],
45 silly audit   'postgres-interval': [ '1.2.0' ],
45 silly audit   'prebuild-install': [ '7.1.2' ],
45 silly audit   'prelude-ls': [ '1.2.1' ],
45 silly audit   'pretty-format': [ '29.7.0' ],
45 silly audit   'proc-log': [ '3.0.0' ],
45 silly audit   process: [ '0.11.10' ],
45 silly audit   'process-warning': [ '3.0.0' ],
45 silly audit   progress: [ '2.0.3' ],
45 silly audit   promise: [ '7.3.1' ],
45 silly audit   'promise-inflight': [ '1.0.1' ],
45 silly audit   'promise-retry': [ '2.0.1' ],
45 silly audit   prompts: [ '2.4.2' ],
45 silly audit   'prompts-ncu': [ '3.0.0' ],
45 silly audit   'proto-list': [ '1.2.4' ],
45 silly audit   'proxy-addr': [ '2.0.7' ],
45 silly audit   pug: [ '3.0.2' ],
45 silly audit   'pug-attrs': [ '3.0.0' ],
45 silly audit   'pug-code-gen': [ '3.0.2' ],
45 silly audit   'pug-error': [ '2.0.0' ],
45 silly audit   'pug-filters': [ '4.0.0' ],
45 silly audit   'pug-lexer': [ '5.0.1' ],
45 silly audit   'pug-linker': [ '4.0.0' ],
45 silly audit   'pug-load': [ '3.0.0' ],
45 silly audit   'pug-parser': [ '6.0.0' ],
45 silly audit   'pug-runtime': [ '3.0.1' ],
45 silly audit   'pug-strip-comments': [ '2.0.0' ],
45 silly audit   'pug-walk': [ '2.0.0' ],
45 silly audit   pump: [ '3.0.0' ],
45 silly audit   punycode: [ '2.1.1' ],
45 silly audit   pupa: [ '3.1.0' ],
45 silly audit   'pure-rand': [ '6.1.0' ],
45 silly audit   qs: [ '6.12.1' ],
45 silly audit   'queue-microtask': [ '1.2.3' ],
45 silly audit   'quick-format-unescaped': [ '4.0.4' ],
45 silly audit   'quick-lru': [ '5.1.1' ],
45 silly audit   randombytes: [ '2.1.0' ],
45 silly audit   rc: [ '1.2.8' ],
45 silly audit   'rc-config-loader': [ '4.1.3' ],
45 silly audit   'react-is': [ '18.2.0' ],
45 silly audit   'read-package-json': [ '6.0.4' ],
45 silly audit   'read-package-json-fast': [ '3.0.2' ],
45 silly audit   readdirp: [ '3.6.0' ],
45 silly audit   'real-require': [ '0.2.0' ],
45 silly audit   rechoir: [ '0.8.0' ],
45 silly audit   'regenerator-runtime': [ '0.14.1' ],
45 silly audit   'regexp.prototype.flags': [ '1.5.2' ],
45 silly audit   'registry-auth-token': [ '5.0.1' ],
45 silly audit   'registry-url': [ '6.0.1' ],
45 silly audit   'remote-git-tags': [ '3.0.0' ],
45 silly audit   'require-directory': [ '2.1.1' ],
45 silly audit   'require-from-string': [ '2.0.2' ],
45 silly audit   resolve: [ '1.22.8' ],
45 silly audit   'resolve-alpn': [ '1.2.1' ],
45 silly audit   'resolve-cwd': [ '3.0.0' ],
45 silly audit   'resolve.exports': [ '2.0.2' ],
45 silly audit   responselike: [ '2.0.1' ],
45 silly audit   ret: [ '0.2.2' ],
45 silly audit   retry: [ '0.12.0' ],
45 silly audit   'retry-as-promised': [ '7.0.4' ],
45 silly audit   reusify: [ '1.0.4' ],
45 silly audit   rfdc: [ '1.3.1' ],
45 silly audit   'run-parallel': [ '1.2.0' ],
45 silly audit   rxjs: [ '7.8.1' ],
45 silly audit   'safe-array-concat': [ '1.1.2' ],
45 silly audit   'safe-buffer': [ '5.2.1' ],
45 silly audit   'safe-regex-test': [ '1.0.3' ],
45 silly audit   'safe-regex2': [ '2.0.0' ],
45 silly audit   'safe-stable-stringify': [ '2.4.3' ],
45 silly audit   'safer-buffer': [ '2.1.2' ],
45 silly audit   'schema-utils': [ '4.0.0', '3.3.0' ],
45 silly audit   'secure-json-parse': [ '2.7.0' ],
45 silly audit   'semver-diff': [ '4.0.0' ],
45 silly audit   'semver-utils': [ '1.1.4' ],
45 silly audit   sequelize: [ '6.37.3' ],
45 silly audit   'sequelize-cli': [ '6.6.2' ],
45 silly audit   yargs: [ '16.2.0', '17.7.2' ],
45 silly audit   'yargs-parser': [ '20.2.9', '21.1.1' ],
45 silly audit   'sequelize-pool': [ '7.1.0' ],
45 silly audit   'serialize-javascript': [ '6.0.2' ],
45 silly audit   'set-blocking': [ '2.0.0' ],
45 silly audit   'set-cookie-parser': [ '2.6.0' ],
45 silly audit   'set-function-length': [ '1.2.2' ],
45 silly audit   'set-function-name': [ '2.0.2' ],
45 silly audit   setprototypeof: [ '1.2.0' ],
45 silly audit   'shallow-clone': [ '3.0.1' ],
45 silly audit   'shebang-command': [ '2.0.0' ],
45 silly audit   'shebang-regex': [ '3.0.0' ],
45 silly audit   'shell-quote': [ '1.8.1' ],
45 silly audit   'side-channel': [ '1.0.6' ],
45 silly audit   sigstore: [ '1.9.0' ],
45 silly audit   'simple-concat': [ '1.0.1' ],
45 silly audit   'simple-get': [ '4.0.1' ],
45 silly audit   sisteransi: [ '1.0.5' ],
45 silly audit   slash: [ '3.0.0' ],
45 silly audit   'smart-buffer': [ '4.2.0' ],
45 silly audit   socks: [ '2.7.0' ],
45 silly audit   'socks-proxy-agent': [ '7.0.0', '6.2.1' ],
45 silly audit   'sodium-native': [ '4.1.1' ],
45 silly audit   'sonic-boom': [ '3.8.1' ],
45 silly audit   'source-map': [ '0.6.1' ],
45 silly audit   'source-map-js': [ '1.2.0' ],
45 silly audit   'spawn-command': [ '0.0.2' ],
45 silly audit   'spawn-please': [ '2.0.2' ],
45 silly audit   'spdx-correct': [ '3.2.0' ],
45 silly audit   'spdx-exceptions': [ '2.5.0' ],
45 silly audit   'spdx-expression-parse': [ '3.0.1' ],
45 silly audit   'spdx-license-ids': [ '3.0.17' ],
45 silly audit   'sprintf-js': [ '1.0.3' ],
45 silly audit   sqlite3: [ '5.1.7' ],
45 silly audit   'stack-trace': [ '0.0.10' ],
45 silly audit   'stack-utils': [ '2.0.6' ],
45 silly audit   statuses: [ '2.0.1' ],
45 silly audit   string_decoder: [ '1.3.0' ],
45 silly audit   'string-length': [ '4.0.2' ],
45 silly audit   'string.prototype.trim': [ '1.2.9' ],
45 silly audit   'string.prototype.trimend': [ '1.0.8' ],
45 silly audit   'string.prototype.trimstart': [ '1.0.8' ],
45 silly audit   'strip-bom': [ '4.0.0', '3.0.0' ],
45 silly audit   'strip-final-newline': [ '2.0.0' ],
45 silly audit   'style-loader': [ '4.0.0' ],
45 silly audit   'supports-preserve-symlinks-flag': [ '1.0.0' ],
45 silly audit   tapable: [ '2.2.1' ],
45 silly audit   tar: [ '6.1.11' ],
45 silly audit   'tar-fs': [ '2.1.1' ],
45 silly audit   'tar-stream': [ '2.2.0' ],
45 silly audit   tarn: [ '3.0.2' ],
45 silly audit   terser: [ '5.30.4' ],
45 silly audit   'terser-webpack-plugin': [ '5.3.10' ],
45 silly audit   'test-exclude': [ '6.0.0' ],
45 silly audit   'text-table': [ '0.2.0' ],
45 silly audit   'thread-stream': [ '2.6.0' ],
45 silly audit   tildify: [ '2.0.0' ],
45 silly audit   'timers-ext': [ '0.1.7' ],
45 silly audit   tmpl: [ '1.0.5' ],
45 silly audit   'to-fast-properties': [ '2.0.0' ],
45 silly audit   'to-regex-range': [ '5.0.1' ],
45 silly audit   'toad-cache': [ '3.7.0' ],
45 silly audit   toidentifier: [ '1.0.1' ],
45 silly audit   'token-stream': [ '1.0.0' ],
45 silly audit   'toposort-class': [ '1.0.1' ],
45 silly audit   'tree-kill': [ '1.2.2' ],
45 silly audit   'tsconfig-paths': [ '3.15.0' ],
45 silly audit   tslib: [ '2.6.2' ],
45 silly audit   'tuf-js': [ '1.1.7' ],
45 silly audit   'tunnel-agent': [ '0.6.0' ],
45 silly audit   type: [ '2.7.2' ],
45 silly audit   'type-check': [ '0.4.0' ],
45 silly audit   'type-detect': [ '4.0.8' ],
45 silly audit   'type-is': [ '1.6.18' ],
45 silly audit   'typed-array-buffer': [ '1.0.2' ],
45 silly audit   'typed-array-byte-length': [ '1.0.1' ],
45 silly audit   'typed-array-byte-offset': [ '1.0.2' ],
45 silly audit   'typed-array-length': [ '1.0.6' ],
45 silly audit   'typedarray-to-buffer': [ '3.1.5' ],
45 silly audit   'uc.micro': [ '1.0.6' ],
45 silly audit   umzug: [ '2.3.0' ],
45 silly audit   'unbox-primitive': [ '1.0.2' ],
45 silly audit   'undici-types': [ '5.26.5' ],
45 silly audit   'unique-string': [ '3.0.0' ],
45 silly audit   universalify: [ '2.0.1' ],
45 silly audit   untildify: [ '4.0.0' ],
45 silly audit   'update-browserslist-db': [ '1.0.13' ],
45 silly audit   'update-notifier': [ '6.0.2' ],
45 silly audit   'uri-js': [ '4.4.1' ],
45 silly audit   'util-deprecate': [ '1.0.2' ],
45 silly audit   uuid: [ '8.3.2' ],
45 silly audit   'v8-to-istanbul': [ '9.2.0' ],
45 silly audit   'validate-npm-package-license': [ '3.0.4' ],
45 silly audit   'validate-npm-package-name': [ '5.0.0' ],
45 silly audit   validator: [ '13.11.0' ],
45 silly audit   vary: [ '1.1.2' ],
45 silly audit   'void-elements': [ '3.1.0' ],
45 silly audit   walker: [ '1.0.8' ],
45 silly audit   watchpack: [ '2.4.1' ],
45 silly audit   webpack: [ '5.91.0' ],
45 silly audit   'webpack-cli': [ '5.1.4' ],
45 silly audit   'webpack-merge': [ '5.8.0' ],
45 silly audit   'webpack-sources': [ '3.2.3' ],
45 silly audit   'which-boxed-primitive': [ '1.0.2' ],
45 silly audit   'which-typed-array': [ '1.1.15' ],
45 silly audit   'wide-align': [ '1.1.5' ],
45 silly audit   'widest-line': [ '4.0.1' ],
45 silly audit   wildcard: [ '2.0.0' ],
45 silly audit   with: [ '7.0.2' ],
45 silly audit   wkx: [ '0.5.0' ],
45 silly audit   wrappy: [ '1.0.2' ],
45 silly audit   'xdg-basedir': [ '5.1.0' ],
45 silly audit   xtend: [ '4.0.2' ],
45 silly audit   y18n: [ '5.0.8' ],
45 silly audit   'yocto-queue': [ '0.1.0' ],
45 silly audit   youch: [ '2.2.2' ]
45 silly audit }
46 verbose reify failed optional dependency /root/node_modules/fsevents
47 silly reify mark deleted [ '/root/node_modules/fsevents' ]
48 timing reifyNode:node_modules/fsevents Completed in 105ms
49 silly tarball no local data for spawn-please@https://registry.npmjs.org/spawn-please/-/spawn-please-2.0.2.tgz. Extracting by manifest.
50 silly tarball no local data for spawn-command@https://registry.npmjs.org/spawn-command/-/spawn-command-0.0.2.tgz. Extracting by manifest.
51 silly tarball no local data for rc@https://registry.npmjs.org/rc/-/rc-1.2.8.tgz. Extracting by manifest.
52 silly tarball no local data for pupa@https://registry.npmjs.org/pupa/-/pupa-3.1.0.tgz. Extracting by manifest.
53 silly tarball no local data for pug-strip-comments@https://registry.npmjs.org/pug-strip-comments/-/pug-strip-comments-2.0.0.tgz. Extracting by manifest.
54 silly tarball no local data for pug-attrs@https://registry.npmjs.org/pug-attrs/-/pug-attrs-3.0.0.tgz. Extracting by manifest.
55 silly tarball no local data for prompts@https://registry.npmjs.org/prompts/-/prompts-2.4.2.tgz. Extracting by manifest.
56 silly tarball no local data for prompts-ncu@https://registry.npmjs.org/prompts-ncu/-/prompts-ncu-3.0.0.tgz. Extracting by manifest.
57 silly tarball no local data for promise-retry@https://registry.npmjs.org/promise-retry/-/promise-retry-2.0.1.tgz. Extracting by manifest.
58 silly tarball no local data for promise-inflight@https://registry.npmjs.org/promise-inflight/-/promise-inflight-1.0.1.tgz. Extracting by manifest.
59 silly tarball no local data for progress@https://registry.npmjs.org/progress/-/progress-2.0.3.tgz. Extracting by manifest.
60 silly tarball no local data for process-warning@https://registry.npmjs.org/process-warning/-/process-warning-3.0.0.tgz. Extracting by manifest.
61 silly tarball no local data for process@https://registry.npmjs.org/process/-/process-0.11.10.tgz. Extracting by manifest.
62 silly tarball no local data for pretty-format@https://registry.npmjs.org/pretty-format/-/pretty-format-29.7.0.tgz. Extracting by manifest.
63 silly tarball no local data for proc-log@https://registry.npmjs.org/proc-log/-/proc-log-3.0.0.tgz. Extracting by manifest.
64 silly tarball no local data for prelude-ls@https://registry.npmjs.org/prelude-ls/-/prelude-ls-1.2.1.tgz. Extracting by manifest.
65 silly tarball no local data for prebuild-install@https://registry.npmjs.org/prebuild-install/-/prebuild-install-7.1.2.tgz. Extracting by manifest.
66 silly tarball no local data for promise@https://registry.npmjs.org/promise/-/promise-7.3.1.tgz. Extracting by manifest.
67 silly tarball no local data for postgres-date@https://registry.npmjs.org/postgres-date/-/postgres-date-1.0.7.tgz. Extracting by manifest.
68 silly tarball no local data for postgres-interval@https://registry.npmjs.org/postgres-interval/-/postgres-interval-1.2.0.tgz. Extracting by manifest.
69 silly tarball no local data for postgres-array@https://registry.npmjs.org/postgres-array/-/postgres-array-2.0.0.tgz. Extracting by manifest.
70 silly tarball no local data for postcss-value-parser@https://registry.npmjs.org/postcss-value-parser/-/postcss-value-parser-4.2.0.tgz. Extracting by manifest.
71 silly tarball no local data for postgres-bytea@https://registry.npmjs.org/postgres-bytea/-/postgres-bytea-1.0.0.tgz. Extracting by manifest.
72 silly tarball no local data for postcss-modules-values@https://registry.npmjs.org/postcss-modules-values/-/postcss-modules-values-4.0.0.tgz. Extracting by manifest.
73 silly tarball no local data for postcss-modules-scope@https://registry.npmjs.org/postcss-modules-scope/-/postcss-modules-scope-3.2.0.tgz. Extracting by manifest.
74 silly tarball no local data for postcss-selector-parser@https://registry.npmjs.org/postcss-selector-parser/-/postcss-selector-parser-6.0.16.tgz. Extracting by manifest.
75 silly tarball no local data for postcss-modules-local-by-default@https://registry.npmjs.org/postcss-modules-local-by-default/-/postcss-modules-local-by-default-4.0.5.tgz. Extracting by manifest.
76 silly tarball no local data for pkg-dir@https://registry.npmjs.org/pkg-dir/-/pkg-dir-4.2.0.tgz. Extracting by manifest.
77 silly tarball no local data for pino-pretty@https://registry.npmjs.org/pino-pretty/-/pino-pretty-11.0.0.tgz. Extracting by manifest.
78 silly tarball no local data for pino-abstract-transport@https://registry.npmjs.org/pino-abstract-transport/-/pino-abstract-transport-1.2.0.tgz. Extracting by manifest.
79 silly tarball no local data for pirates@https://registry.npmjs.org/pirates/-/pirates-4.0.6.tgz. Extracting by manifest.
80 silly tarball no local data for postcss-modules-extract-imports@https://registry.npmjs.org/postcss-modules-extract-imports/-/postcss-modules-extract-imports-3.1.0.tgz. Extracting by manifest.
81 silly tarball no local data for pino@https://registry.npmjs.org/pino/-/pino-8.20.0.tgz. Extracting by manifest.
82 silly tarball no local data for picocolors@https://registry.npmjs.org/picocolors/-/picocolors-1.0.0.tgz. Extracting by manifest.
83 silly tarball no local data for picomatch@https://registry.npmjs.org/picomatch/-/picomatch-2.3.1.tgz. Extracting by manifest.
84 silly tarball no local data for pino-std-serializers@https://registry.npmjs.org/pino-std-serializers/-/pino-std-serializers-6.2.2.tgz. Extracting by manifest.
85 silly tarball no local data for pg-types@https://registry.npmjs.org/pg-types/-/pg-types-2.2.0.tgz. Extracting by manifest.
86 silly tarball no local data for pg-pool@https://registry.npmjs.org/pg-pool/-/pg-pool-3.6.2.tgz. Extracting by manifest.
87 silly tarball no local data for pgpass@https://registry.npmjs.org/pgpass/-/pgpass-1.0.5.tgz. Extracting by manifest.
88 silly tarball no local data for pg-protocol@https://registry.npmjs.org/pg-protocol/-/pg-protocol-1.6.1.tgz. Extracting by manifest.
89 silly tarball no local data for pg-cloudflare@https://registry.npmjs.org/pg-cloudflare/-/pg-cloudflare-1.1.1.tgz. Extracting by manifest.
90 silly tarball no local data for pg-connection-string@https://registry.npmjs.org/pg-connection-string/-/pg-connection-string-2.6.2.tgz. Extracting by manifest.
91 silly tarball no local data for path-scurry@https://registry.npmjs.org/path-scurry/-/path-scurry-1.10.2.tgz. Extracting by manifest.
92 silly tarball no local data for pg-int8@https://registry.npmjs.org/pg-int8/-/pg-int8-1.0.1.tgz. Extracting by manifest.
93 silly tarball no local data for path-type@https://registry.npmjs.org/path-type/-/path-type-4.0.0.tgz. Extracting by manifest.
94 silly tarball no local data for pg@https://registry.npmjs.org/pg/-/pg-8.11.5.tgz. Extracting by manifest.
95 silly tarball no local data for path-parse@https://registry.npmjs.org/path-parse/-/path-parse-1.0.7.tgz. Extracting by manifest.
96 silly tarball no local data for path-to-regexp@https://registry.npmjs.org/path-to-regexp/-/path-to-regexp-6.2.1.tgz. Extracting by manifest.
97 silly tarball no local data for parse-json@https://registry.npmjs.org/parse-json/-/parse-json-5.2.0.tgz. Extracting by manifest.
98 silly tarball no local data for parse-github-url@https://registry.npmjs.org/parse-github-url/-/parse-github-url-1.0.2.tgz. Extracting by manifest.
99 silly tarball no local data for path-exists@https://registry.npmjs.org/path-exists/-/path-exists-4.0.0.tgz. Extracting by manifest.
100 silly tarball no local data for path-is-absolute@https://registry.npmjs.org/path-is-absolute/-/path-is-absolute-1.0.1.tgz. Extracting by manifest.
101 silly tarball no local data for p-try@https://registry.npmjs.org/p-try/-/p-try-2.2.0.tgz. Extracting by manifest.
102 silly tarball no local data for parent-module@https://registry.npmjs.org/parent-module/-/parent-module-1.0.1.tgz. Extracting by manifest.
103 silly tarball no local data for package-json@https://registry.npmjs.org/package-json/-/package-json-8.1.0.tgz. Extracting by manifest.
104 silly tarball no local data for p-map@https://registry.npmjs.org/p-map/-/p-map-4.0.0.tgz. Extracting by manifest.
105 silly tarball no local data for p-locate@https://registry.npmjs.org/p-locate/-/p-locate-5.0.0.tgz. Extracting by manifest.
106 silly tarball no local data for pacote@https://registry.npmjs.org/pacote/-/pacote-15.2.0.tgz. Extracting by manifest.
107 silly tarball no local data for optionator@https://registry.npmjs.org/optionator/-/optionator-0.9.3.tgz. Extracting by manifest.
108 silly tarball no local data for p-limit@https://registry.npmjs.org/p-limit/-/p-limit-3.1.0.tgz. Extracting by manifest.
109 silly tarball no local data for on-exit-leak-free@https://registry.npmjs.org/on-exit-leak-free/-/on-exit-leak-free-2.1.2.tgz. Extracting by manifest.
110 silly tarball no local data for onetime@https://registry.npmjs.org/onetime/-/onetime-5.1.2.tgz. Extracting by manifest.
111 silly tarball no local data for objection@https://registry.npmjs.org/objection/-/objection-3.1.4.tgz. Extracting by manifest.
112 silly tarball no local data for objection-unique@https://registry.npmjs.org/objection-unique/-/objection-unique-1.2.2.tgz. Extracting by manifest.
113 silly tarball no local data for object.fromentries@https://registry.npmjs.org/object.fromentries/-/object.fromentries-2.0.8.tgz. Extracting by manifest.
114 silly tarball no local data for object.groupby@https://registry.npmjs.org/object.groupby/-/object.groupby-1.0.3.tgz. Extracting by manifest.
115 silly tarball no local data for once@https://registry.npmjs.org/once/-/once-1.4.0.tgz. Extracting by manifest.
116 silly tarball no local data for object.values@https://registry.npmjs.org/object.values/-/object.values-1.2.0.tgz. Extracting by manifest.
117 silly tarball no local data for object.assign@https://registry.npmjs.org/object.assign/-/object.assign-4.1.5.tgz. Extracting by manifest.
118 silly tarball no local data for object.entries@https://registry.npmjs.org/object.entries/-/object.entries-1.1.8.tgz. Extracting by manifest.
119 silly tarball no local data for object-keys@https://registry.npmjs.org/object-keys/-/object-keys-1.1.1.tgz. Extracting by manifest.
120 silly tarball no local data for object-assign@https://registry.npmjs.org/object-assign/-/object-assign-4.1.1.tgz. Extracting by manifest.
121 silly tarball no local data for npm-run-path@https://registry.npmjs.org/npm-run-path/-/npm-run-path-4.0.1.tgz. Extracting by manifest.
122 silly tarball no local data for npmlog@https://registry.npmjs.org/npmlog/-/npmlog-6.0.2.tgz. Extracting by manifest.
123 silly tarball no local data for object-inspect@https://registry.npmjs.org/object-inspect/-/object-inspect-1.13.1.tgz. Extracting by manifest.
124 silly tarball no local data for npm-packlist@https://registry.npmjs.org/npm-packlist/-/npm-packlist-7.0.4.tgz. Extracting by manifest.
125 silly tarball no local data for npm-check-updates@https://registry.npmjs.org/npm-check-updates/-/npm-check-updates-16.14.18.tgz. Extracting by manifest.
126 silly tarball no local data for npm-registry-fetch@https://registry.npmjs.org/npm-registry-fetch/-/npm-registry-fetch-14.0.5.tgz. Extracting by manifest.
127 silly tarball no local data for npm-package-arg@https://registry.npmjs.org/npm-package-arg/-/npm-package-arg-10.1.0.tgz. Extracting by manifest.
128 silly tarball no local data for npm-pick-manifest@https://registry.npmjs.org/npm-pick-manifest/-/npm-pick-manifest-8.0.2.tgz. Extracting by manifest.
129 silly tarball no local data for normalize-package-data@https://registry.npmjs.org/normalize-package-data/-/normalize-package-data-5.0.0.tgz. Extracting by manifest.
130 silly tarball no local data for npm-normalize-package-bin@https://registry.npmjs.org/npm-normalize-package-bin/-/npm-normalize-package-bin-3.0.1.tgz. Extracting by manifest.
131 silly tarball no local data for npm-install-checks@https://registry.npmjs.org/npm-install-checks/-/npm-install-checks-6.3.0.tgz. Extracting by manifest.
132 silly tarball no local data for nopt@https://registry.npmjs.org/nopt/-/nopt-5.0.0.tgz. Extracting by manifest.
133 silly tarball no local data for npm-bundled@https://registry.npmjs.org/npm-bundled/-/npm-bundled-3.0.0.tgz. Extracting by manifest.
134 silly tarball no local data for normalize-path@https://registry.npmjs.org/normalize-path/-/normalize-path-3.0.0.tgz. Extracting by manifest.
135 silly tarball no local data for node-releases@https://registry.npmjs.org/node-releases/-/node-releases-2.0.14.tgz. Extracting by manifest.
136 silly tarball no local data for node-gyp@https://registry.npmjs.org/node-gyp/-/node-gyp-9.4.1.tgz. Extracting by manifest.
137 silly tarball no local data for node-addon-api@https://registry.npmjs.org/node-addon-api/-/node-addon-api-4.3.0.tgz. Extracting by manifest.
138 silly tarball no local data for node-gyp-build@https://registry.npmjs.org/node-gyp-build/-/node-gyp-build-4.8.0.tgz. Extracting by manifest.
139 silly tarball no local data for neo-async@https://registry.npmjs.org/neo-async/-/neo-async-2.6.2.tgz. Extracting by manifest.
140 silly tarball no local data for node-abi@https://registry.npmjs.org/node-abi/-/node-abi-3.60.0.tgz. Extracting by manifest.
141 silly tarball no local data for natural-compare@https://registry.npmjs.org/natural-compare/-/natural-compare-1.4.0.tgz. Extracting by manifest.
142 silly tarball no local data for next-tick@https://registry.npmjs.org/next-tick/-/next-tick-1.1.0.tgz. Extracting by manifest.
143 silly tarball no local data for napi-build-utils@https://registry.npmjs.org/napi-build-utils/-/napi-build-utils-1.0.2.tgz. Extracting by manifest.
144 silly tarball no local data for ms@https://registry.npmjs.org/ms/-/ms-2.1.3.tgz. Extracting by manifest.
145 silly tarball no local data for mustache@https://registry.npmjs.org/mustache/-/mustache-4.2.0.tgz. Extracting by manifest.
146 silly tarball no local data for negotiator@https://registry.npmjs.org/negotiator/-/negotiator-0.6.3.tgz. Extracting by manifest.
147 silly tarball no local data for nanoid@https://registry.npmjs.org/nanoid/-/nanoid-3.3.7.tgz. Extracting by manifest.
148 silly tarball no local data for minizlib@https://registry.npmjs.org/minizlib/-/minizlib-2.1.2.tgz. Extracting by manifest.
149 silly tarball no local data for moment-timezone@https://registry.npmjs.org/moment-timezone/-/moment-timezone-0.5.45.tgz. Extracting by manifest.
150 silly tarball no local data for mkdirp-classic@https://registry.npmjs.org/mkdirp-classic/-/mkdirp-classic-0.5.3.tgz. Extracting by manifest.
151 silly tarball no local data for minipass-json-stream@https://registry.npmjs.org/minipass-json-stream/-/minipass-json-stream-1.0.1.tgz. Extracting by manifest.
152 silly tarball no local data for minipass-sized@https://registry.npmjs.org/minipass-sized/-/minipass-sized-1.0.3.tgz. Extracting by manifest.
153 silly tarball no local data for minipass-collect@https://registry.npmjs.org/minipass-collect/-/minipass-collect-1.0.2.tgz. Extracting by manifest.
154 silly tarball no local data for minipass-fetch@https://registry.npmjs.org/minipass-fetch/-/minipass-fetch-3.0.4.tgz. Extracting by manifest.
155 silly tarball no local data for proto-list@https://registry.npmjs.org/proto-list/-/proto-list-1.2.4.tgz. Extracting by manifest.
156 silly tarball no local data for mini-css-extract-plugin@https://registry.npmjs.org/mini-css-extract-plugin/-/mini-css-extract-plugin-2.9.0.tgz. Extracting by manifest.
157 silly tarball no local data for mimic-fn@https://registry.npmjs.org/mimic-fn/-/mimic-fn-2.1.0.tgz. Extracting by manifest.
158 silly tarball no local data for mimic-response@https://registry.npmjs.org/mimic-response/-/mimic-response-1.0.1.tgz. Extracting by manifest.
159 silly tarball no local data for minimatch@https://registry.npmjs.org/minimatch/-/minimatch-3.1.2.tgz. Extracting by manifest.
160 silly tarball no local data for mime@https://registry.npmjs.org/mime/-/mime-3.0.0.tgz. Extracting by manifest.
161 silly tarball no local data for mime-types@https://registry.npmjs.org/mime-types/-/mime-types-2.1.35.tgz. Extracting by manifest.
162 silly tarball no local data for micromatch@https://registry.npmjs.org/micromatch/-/micromatch-4.0.5.tgz. Extracting by manifest.
163 silly tarball no local data for memoizee@https://registry.npmjs.org/memoizee/-/memoizee-0.4.15.tgz. Extracting by manifest.
164 silly tarball no local data for merge-stream@https://registry.npmjs.org/merge-stream/-/merge-stream-2.0.0.tgz. Extracting by manifest.
165 silly tarball no local data for mdurl@https://registry.npmjs.org/mdurl/-/mdurl-1.0.1.tgz. Extracting by manifest.
166 silly tarball no local data for markdown-it@https://registry.npmjs.org/markdown-it/-/markdown-it-13.0.2.tgz. Extracting by manifest.
167 silly tarball no local data for lowercase-keys@https://registry.npmjs.org/lowercase-keys/-/lowercase-keys-3.0.0.tgz. Extracting by manifest.
168 silly tarball no local data for make-dir@https://registry.npmjs.org/make-dir/-/make-dir-4.0.0.tgz. Extracting by manifest.
169 silly tarball no local data for lodash.merge@https://registry.npmjs.org/lodash.merge/-/lodash.merge-4.6.2.tgz. Extracting by manifest.
170 silly tarball no local data for lodash.isempty@https://registry.npmjs.org/lodash.isempty/-/lodash.isempty-4.4.0.tgz. Extracting by manifest.
171 silly tarball no local data for lodash.compact@https://registry.npmjs.org/lodash.compact/-/lodash.compact-3.0.1.tgz. Extracting by manifest.
172 silly tarball no local data for lodash@https://registry.npmjs.org/lodash/-/lodash-4.17.21.tgz. Extracting by manifest.
173 silly tarball no local data for kind-of@https://registry.npmjs.org/kind-of/-/kind-of-6.0.3.tgz. Extracting by manifest.
174 silly tarball no local data for json5@https://registry.npmjs.org/json5/-/json5-2.2.3.tgz. Extracting by manifest.
175 silly tarball no local data for jsonfile@https://registry.npmjs.org/jsonfile/-/jsonfile-6.1.0.tgz. Extracting by manifest.
176 silly tarball no local data for json-schema-traverse@https://registry.npmjs.org/json-schema-traverse/-/json-schema-traverse-0.4.1.tgz. Extracting by manifest.
177 silly tarball no local data for json-stable-stringify-without-jsonify@https://registry.npmjs.org/json-stable-stringify-without-jsonify/-/json-stable-stringify-without-jsonify-1.0.1.tgz. Extracting by manifest.
178 silly tarball no local data for json-schema-ref-resolver@https://registry.npmjs.org/json-schema-ref-resolver/-/json-schema-ref-resolver-1.0.1.tgz. Extracting by manifest.
179 silly tarball no local data for json-parse-helpfulerror@https://registry.npmjs.org/json-parse-helpfulerror/-/json-parse-helpfulerror-1.0.3.tgz. Extracting by manifest.
180 silly tarball no local data for json-parse-even-better-errors@https://registry.npmjs.org/json-parse-even-better-errors/-/json-parse-even-better-errors-2.3.1.tgz. Extracting by manifest.
181 silly tarball no local data for json-buffer@https://registry.npmjs.org/json-buffer/-/json-buffer-3.0.1.tgz. Extracting by manifest.
182 silly tarball no local data for jquery@https://registry.npmjs.org/jquery/-/jquery-3.7.1.tgz. Extracting by manifest.
183 silly tarball no local data for joycon@https://registry.npmjs.org/joycon/-/joycon-3.1.1.tgz. Extracting by manifest.
184 silly tarball no local data for jest-resolve-dependencies@https://registry.npmjs.org/jest-resolve-dependencies/-/jest-resolve-dependencies-29.7.0.tgz. Extracting by manifest.
185 silly tarball no local data for minipass-flush@https://registry.npmjs.org/minipass-flush/-/minipass-flush-1.0.5.tgz. Extracting by manifest.
186 silly tarball no local data for jest-pnp-resolver@https://registry.npmjs.org/jest-pnp-resolver/-/jest-pnp-resolver-1.2.3.tgz. Extracting by manifest.
187 silly tarball no local data for jest-environment-node@https://registry.npmjs.org/jest-environment-node/-/jest-environment-node-29.7.0.tgz. Extracting by manifest.
188 silly tarball no local data for jest-changed-files@https://registry.npmjs.org/jest-changed-files/-/jest-changed-files-29.7.0.tgz. Extracting by manifest.
189 silly tarball no local data for jest-cli@https://registry.npmjs.org/jest-cli/-/jest-cli-29.7.0.tgz. Extracting by manifest.
190 silly tarball no local data for istanbul-lib-instrument@https://registry.npmjs.org/istanbul-lib-instrument/-/istanbul-lib-instrument-6.0.2.tgz. Extracting by manifest.
191 silly tarball no local data for istanbul-lib-report@https://registry.npmjs.org/istanbul-lib-report/-/istanbul-lib-report-3.0.1.tgz. Extracting by manifest.
192 silly tarball no local data for istanbul-lib-source-maps@https://registry.npmjs.org/istanbul-lib-source-maps/-/istanbul-lib-source-maps-4.0.1.tgz. Extracting by manifest.
193 silly tarball no local data for isbinaryfile@https://registry.npmjs.org/isbinaryfile/-/isbinaryfile-4.0.10.tgz. Extracting by manifest.
194 silly tarball no local data for isexe@https://registry.npmjs.org/isexe/-/isexe-2.0.0.tgz. Extracting by manifest.
195 silly tarball no local data for is-yarn-global@https://registry.npmjs.org/is-yarn-global/-/is-yarn-global-0.4.0.tgz. Extracting by manifest.
196 silly tarball no local data for minipass@https://registry.npmjs.org/minipass/-/minipass-3.3.4.tgz. Extracting by manifest.
197 silly tarball no local data for is-typedarray@https://registry.npmjs.org/is-typedarray/-/is-typedarray-1.0.0.tgz. Extracting by manifest.
198 silly tarball no local data for is-typed-array@https://registry.npmjs.org/is-typed-array/-/is-typed-array-1.1.13.tgz. Extracting by manifest.
199 silly tarball no local data for is-regex@https://registry.npmjs.org/is-regex/-/is-regex-1.1.4.tgz. Extracting by manifest.
200 silly tarball no local data for is-promise@https://registry.npmjs.org/is-promise/-/is-promise-2.2.2.tgz. Extracting by manifest.
201 silly tarball no local data for is-obj@https://registry.npmjs.org/is-obj/-/is-obj-2.0.0.tgz. Extracting by manifest.
202 silly tarball no local data for is-number@https://registry.npmjs.org/is-number/-/is-number-7.0.0.tgz. Extracting by manifest.
203 silly tarball no local data for is-npm@https://registry.npmjs.org/is-npm/-/is-npm-6.0.0.tgz. Extracting by manifest.
204 silly tarball no local data for is-installed-globally@https://registry.npmjs.org/is-installed-globally/-/is-installed-globally-0.4.0.tgz. Extracting by manifest.
205 silly tarball no local data for is-fullwidth-code-point@https://registry.npmjs.org/is-fullwidth-code-point/-/is-fullwidth-code-point-3.0.0.tgz. Extracting by manifest.
206 silly tarball no local data for is-extglob@https://registry.npmjs.org/is-extglob/-/is-extglob-2.1.1.tgz. Extracting by manifest.
207 silly tarball no local data for is-date-object@https://registry.npmjs.org/is-date-object/-/is-date-object-1.0.5.tgz. Extracting by manifest.
208 silly tarball no local data for is-data-view@https://registry.npmjs.org/is-data-view/-/is-data-view-1.0.1.tgz. Extracting by manifest.
209 silly tarball no local data for is-docker@https://registry.npmjs.org/is-docker/-/is-docker-2.2.1.tgz. Extracting by manifest.
210 silly tarball no local data for is-arrayish@https://registry.npmjs.org/is-arrayish/-/is-arrayish-0.2.1.tgz. Extracting by manifest.
211 silly tarball no local data for ipaddr.js@https://registry.npmjs.org/ipaddr.js/-/ipaddr.js-1.9.1.tgz. Extracting by manifest.
212 silly tarball no local data for indent-string@https://registry.npmjs.org/indent-string/-/indent-string-4.0.0.tgz. Extracting by manifest.
213 silly tarball no local data for import-local@https://registry.npmjs.org/import-local/-/import-local-3.1.0.tgz. Extracting by manifest.
214 silly tarball no local data for import-fresh@https://registry.npmjs.org/import-fresh/-/import-fresh-3.3.0.tgz. Extracting by manifest.
215 silly tarball no local data for icss-utils@https://registry.npmjs.org/icss-utils/-/icss-utils-5.1.0.tgz. Extracting by manifest.
216 silly tarball no local data for hosted-git-info@https://registry.npmjs.org/hosted-git-info/-/hosted-git-info-5.2.1.tgz. Extracting by manifest.
217 silly tarball no local data for jest-message-util@https://registry.npmjs.org/jest-message-util/-/jest-message-util-29.7.0.tgz. Extracting by manifest.
218 silly tarball no local data for graceful-fs@https://registry.npmjs.org/graceful-fs/-/graceful-fs-4.2.10.tgz. Extracting by manifest.
219 silly tarball no local data for glob-parent@https://registry.npmjs.org/glob-parent/-/glob-parent-6.0.2.tgz. Extracting by manifest.
220 silly tarball no local data for getopts@https://registry.npmjs.org/getopts/-/getopts-2.3.0.tgz. Extracting by manifest.
221 silly tarball no local data for github-from-package@https://registry.npmjs.org/github-from-package/-/github-from-package-0.0.0.tgz. Extracting by manifest.
222 silly tarball no local data for get-stream@https://registry.npmjs.org/get-stream/-/get-stream-6.0.1.tgz. Extracting by manifest.
223 silly tarball no local data for get-symbol-description@https://registry.npmjs.org/get-symbol-description/-/get-symbol-description-1.0.2.tgz. Extracting by manifest.
224 silly tarball no local data for get-package-type@https://registry.npmjs.org/get-package-type/-/get-package-type-0.1.0.tgz. Extracting by manifest.
225 silly tarball no local data for get-intrinsic@https://registry.npmjs.org/get-intrinsic/-/get-intrinsic-1.2.4.tgz. Extracting by manifest.
226 silly tarball no local data for generify@https://registry.npmjs.org/generify/-/generify-4.2.0.tgz. Extracting by manifest.
227 silly tarball no local data for gauge@https://registry.npmjs.org/gauge/-/gauge-4.0.4.tgz. Extracting by manifest.
228 silly tarball no local data for functions-have-names@https://registry.npmjs.org/functions-have-names/-/functions-have-names-1.2.3.tgz. Extracting by manifest.
229 silly tarball no local data for fs.realpath@https://registry.npmjs.org/fs.realpath/-/fs.realpath-1.0.0.tgz. Extracting by manifest.
230 silly tarball no local data for function.prototype.name@https://registry.npmjs.org/function.prototype.name/-/function.prototype.name-1.1.6.tgz. Extracting by manifest.
231 silly tarball no local data for fs-minipass@https://registry.npmjs.org/fs-minipass/-/fs-minipass-2.1.0.tgz. Extracting by manifest.
232 silly tarball no local data for fs-extra@https://registry.npmjs.org/fs-extra/-/fs-extra-9.1.0.tgz. Extracting by manifest.
233 silly tarball no local data for fp-and-or@https://registry.npmjs.org/fp-and-or/-/fp-and-or-0.1.4.tgz. Extracting by manifest.
234 silly tarball no local data for fs-constants@https://registry.npmjs.org/fs-constants/-/fs-constants-1.0.0.tgz. Extracting by manifest.
235 silly tarball no local data for flatted@https://registry.npmjs.org/flatted/-/flatted-3.3.1.tgz. Extracting by manifest.
236 silly tarball no local data for form-data-encoder@https://registry.npmjs.org/form-data-encoder/-/form-data-encoder-2.1.0.tgz. Extracting by manifest.
237 silly tarball no local data for foreground-child@https://registry.npmjs.org/foreground-child/-/foreground-child-3.1.1.tgz. Extracting by manifest.
238 silly tarball no local data for flat-cache@https://registry.npmjs.org/flat-cache/-/flat-cache-3.2.0.tgz. Extracting by manifest.
239 silly tarball no local data for find-up@https://registry.npmjs.org/find-up/-/find-up-5.0.0.tgz. Extracting by manifest.
240 silly tarball no local data for isarray@https://registry.npmjs.org/isarray/-/isarray-2.0.5.tgz. Extracting by manifest.
241 silly tarball no local data for file-entry-cache@https://registry.npmjs.org/file-entry-cache/-/file-entry-cache-6.0.1.tgz. Extracting by manifest.
242 silly tarball no local data for fb-watchman@https://registry.npmjs.org/fb-watchman/-/fb-watchman-2.0.2.tgz. Extracting by manifest.
243 silly tarball no local data for file-uri-to-path@https://registry.npmjs.org/file-uri-to-path/-/file-uri-to-path-1.0.0.tgz. Extracting by manifest.
244 silly tarball no local data for fastify-plugin@https://registry.npmjs.org/fastify-plugin/-/fastify-plugin-3.0.1.tgz. Extracting by manifest.
245 silly tarball no local data for fastify-objectionjs@https://registry.npmjs.org/fastify-objectionjs/-/fastify-objectionjs-2.0.1.tgz. Extracting by manifest.
246 silly tarball no local data for fastify@https://registry.npmjs.org/fastify/-/fastify-4.26.2.tgz. Extracting by manifest.
247 silly tarball no local data for fast-uri@https://registry.npmjs.org/fast-uri/-/fast-uri-2.3.0.tgz. Extracting by manifest.
248 silly tarball no local data for fastest-levenshtein@https://registry.npmjs.org/fastest-levenshtein/-/fastest-levenshtein-1.0.16.tgz. Extracting by manifest.
249 silly tarball no local data for fast-json-stringify@https://registry.npmjs.org/fast-json-stringify/-/fast-json-stringify-5.14.1.tgz. Extracting by manifest.
250 silly tarball no local data for fast-redact@https://registry.npmjs.org/fast-redact/-/fast-redact-3.5.0.tgz. Extracting by manifest.
251 silly tarball no local data for fast-safe-stringify@https://registry.npmjs.org/fast-safe-stringify/-/fast-safe-stringify-2.1.1.tgz. Extracting by manifest.
252 silly tarball no local data for fast-querystring@https://registry.npmjs.org/fast-querystring/-/fast-querystring-1.0.0.tgz. Extracting by manifest.
253 silly tarball no local data for fast-memoize@https://registry.npmjs.org/fast-memoize/-/fast-memoize-2.5.2.tgz. Extracting by manifest.
254 silly tarball no local data for fast-levenshtein@https://registry.npmjs.org/fast-levenshtein/-/fast-levenshtein-2.0.6.tgz. Extracting by manifest.
255 silly tarball no local data for fast-json-stable-stringify@https://registry.npmjs.org/fast-json-stable-stringify/-/fast-json-stable-stringify-2.1.0.tgz. Extracting by manifest.
256 silly tarball no local data for is-lambda@https://registry.npmjs.org/is-lambda/-/is-lambda-1.0.1.tgz. Extracting by manifest.
257 silly tarball no local data for fast-decode-uri-component@https://registry.npmjs.org/fast-decode-uri-component/-/fast-decode-uri-component-1.0.1.tgz. Extracting by manifest.
258 silly tarball no local data for fast-deep-equal@https://registry.npmjs.org/fast-deep-equal/-/fast-deep-equal-3.1.3.tgz. Extracting by manifest.
259 silly tarball no local data for fast-copy@https://registry.npmjs.org/fast-copy/-/fast-copy-3.0.2.tgz. Extracting by manifest.
260 silly tarball no local data for ext@https://registry.npmjs.org/ext/-/ext-1.7.0.tgz. Extracting by manifest.
261 silly tarball no local data for fast-content-type-parse@https://registry.npmjs.org/fast-content-type-parse/-/fast-content-type-parse-1.1.0.tgz. Extracting by manifest.
262 silly tarball no local data for expand-template@https://registry.npmjs.org/expand-template/-/expand-template-2.0.3.tgz. Extracting by manifest.
263 silly tarball no local data for exponential-backoff@https://registry.npmjs.org/exponential-backoff/-/exponential-backoff-3.1.1.tgz. Extracting by manifest.
264 silly tarball no local data for execa@https://registry.npmjs.org/execa/-/execa-5.1.1.tgz. Extracting by manifest.
265 silly tarball no local data for expect@https://registry.npmjs.org/expect/-/expect-29.7.0.tgz. Extracting by manifest.
266 silly tarball no local data for exit@https://registry.npmjs.org/exit/-/exit-0.1.2.tgz. Extracting by manifest.
267 silly tarball no local data for events@https://registry.npmjs.org/events/-/events-3.3.0.tgz. Extracting by manifest.
268 silly tarball no local data for event-target-shim@https://registry.npmjs.org/event-target-shim/-/event-target-shim-5.0.1.tgz. Extracting by manifest.
269 silly tarball no local data for event-emitter@https://registry.npmjs.org/event-emitter/-/event-emitter-0.3.5.tgz. Extracting by manifest.
270 silly tarball no local data for esrecurse@https://registry.npmjs.org/esrecurse/-/esrecurse-4.3.0.tgz. Extracting by manifest.
271 silly tarball no local data for esutils@https://registry.npmjs.org/esutils/-/esutils-2.0.3.tgz. Extracting by manifest.
272 silly tarball no local data for estraverse@https://registry.npmjs.org/estraverse/-/estraverse-5.3.0.tgz. Extracting by manifest.
273 silly tarball no local data for esprima@https://registry.npmjs.org/esprima/-/esprima-4.0.1.tgz. Extracting by manifest.
274 silly tarball no local data for esquery@https://registry.npmjs.org/esquery/-/esquery-1.5.0.tgz. Extracting by manifest.
275 silly tarball no local data for esniff@https://registry.npmjs.org/esniff/-/esniff-2.0.1.tgz. Extracting by manifest.
276 silly tarball no local data for eslint-plugin-import@https://registry.npmjs.org/eslint-plugin-import/-/eslint-plugin-import-2.29.1.tgz. Extracting by manifest.
277 silly tarball no local data for esm@https://registry.npmjs.org/esm/-/esm-3.2.25.tgz. Extracting by manifest.
278 silly tarball no local data for eslint@https://registry.npmjs.org/eslint/-/eslint-8.57.0.tgz. Extracting by manifest.
279 silly tarball no local data for eslint-module-utils@https://registry.npmjs.org/eslint-module-utils/-/eslint-module-utils-2.8.1.tgz. Extracting by manifest.
280 silly tarball no local data for escape-string-regexp@https://registry.npmjs.org/escape-string-regexp/-/escape-string-regexp-1.0.5.tgz. Extracting by manifest.
281 silly tarball no local data for escape-html@https://registry.npmjs.org/escape-html/-/escape-html-1.0.3.tgz. Extracting by manifest.
282 silly tarball no local data for escape-goat@https://registry.npmjs.org/escape-goat/-/escape-goat-4.0.0.tgz. Extracting by manifest.
283 silly tarball no local data for escalade@https://registry.npmjs.org/escalade/-/escalade-3.1.1.tgz. Extracting by manifest.
284 silly tarball no local data for es6-weak-map@https://registry.npmjs.org/es6-weak-map/-/es6-weak-map-2.0.3.tgz. Extracting by manifest.
285 silly tarball no local data for es6-iterator@https://registry.npmjs.org/es6-iterator/-/es6-iterator-2.0.3.tgz. Extracting by manifest.
286 silly tarball no local data for es-to-primitive@https://registry.npmjs.org/es-to-primitive/-/es-to-primitive-1.2.1.tgz. Extracting by manifest.
287 silly tarball no local data for es-module-lexer@https://registry.npmjs.org/es-module-lexer/-/es-module-lexer-1.5.0.tgz. Extracting by manifest.
288 silly tarball no local data for es-errors@https://registry.npmjs.org/es-errors/-/es-errors-1.3.0.tgz. Extracting by manifest.
289 silly tarball no local data for error-ex@https://registry.npmjs.org/error-ex/-/error-ex-1.3.2.tgz. Extracting by manifest.
290 silly tarball no local data for envinfo@https://registry.npmjs.org/envinfo/-/envinfo-7.12.0.tgz. Extracting by manifest.
291 silly tarball no local data for entities@https://registry.npmjs.org/entities/-/entities-3.0.1.tgz. Extracting by manifest.
292 silly tarball no local data for enhanced-resolve@https://registry.npmjs.org/enhanced-resolve/-/enhanced-resolve-5.16.0.tgz. Extracting by manifest.
293 silly tarball no local data for encoding@https://registry.npmjs.org/encoding/-/encoding-0.1.13.tgz. Extracting by manifest.
294 silly tarball no local data for end-of-stream@https://registry.npmjs.org/end-of-stream/-/end-of-stream-1.4.4.tgz. Extracting by manifest.
295 silly tarball no local data for editorconfig@https://registry.npmjs.org/editorconfig/-/editorconfig-1.0.4.tgz. Extracting by manifest.
296 silly tarball no local data for emoji-regex@https://registry.npmjs.org/emoji-regex/-/emoji-regex-8.0.0.tgz. Extracting by manifest.
297 silly tarball no local data for electron-to-chromium@https://registry.npmjs.org/electron-to-chromium/-/electron-to-chromium-1.4.746.tgz. Extracting by manifest.
298 silly tarball no local data for eastasianwidth@https://registry.npmjs.org/eastasianwidth/-/eastasianwidth-0.2.0.tgz. Extracting by manifest.
299 silly tarball no local data for emittery@https://registry.npmjs.org/emittery/-/emittery-0.13.1.tgz. Extracting by manifest.
300 silly tarball no local data for dottie@https://registry.npmjs.org/dottie/-/dottie-2.0.6.tgz. Extracting by manifest.
301 silly tarball no local data for dot-prop@https://registry.npmjs.org/dot-prop/-/dot-prop-6.0.1.tgz. Extracting by manifest.
302 silly tarball no local data for doctypes@https://registry.npmjs.org/doctypes/-/doctypes-1.1.0.tgz. Extracting by manifest.
303 silly tarball no local data for dir-glob@https://registry.npmjs.org/dir-glob/-/dir-glob-3.0.1.tgz. Extracting by manifest.
304 silly tarball no local data for diff-sequences@https://registry.npmjs.org/diff-sequences/-/diff-sequences-29.6.3.tgz. Extracting by manifest.
305 silly tarball no local data for doctrine@https://registry.npmjs.org/doctrine/-/doctrine-3.0.0.tgz. Extracting by manifest.
306 silly tarball no local data for detect-newline@https://registry.npmjs.org/detect-newline/-/detect-newline-3.1.0.tgz. Extracting by manifest.
307 silly tarball no local data for depd@https://registry.npmjs.org/depd/-/depd-2.0.0.tgz. Extracting by manifest.
308 silly tarball no local data for define-properties@https://registry.npmjs.org/define-properties/-/define-properties-1.2.1.tgz. Extracting by manifest.
309 silly tarball no local data for delegates@https://registry.npmjs.org/delegates/-/delegates-1.0.0.tgz. Extracting by manifest.
310 silly tarball no local data for define-data-property@https://registry.npmjs.org/define-data-property/-/define-data-property-1.1.4.tgz. Extracting by manifest.
311 silly tarball no local data for defer-to-connect@https://registry.npmjs.org/defer-to-connect/-/defer-to-connect-2.0.1.tgz. Extracting by manifest.
312 silly tarball no local data for deepmerge@https://registry.npmjs.org/deepmerge/-/deepmerge-4.3.1.tgz. Extracting by manifest.
313 silly tarball no local data for deep-extend@https://registry.npmjs.org/deep-extend/-/deep-extend-0.6.0.tgz. Extracting by manifest.
314 silly tarball no local data for dedent@https://registry.npmjs.org/dedent/-/dedent-1.5.3.tgz. Extracting by manifest.
315 silly tarball no local data for decompress-response@https://registry.npmjs.org/decompress-response/-/decompress-response-6.0.0.tgz. Extracting by manifest.
316 silly tarball no local data for dateformat@https://registry.npmjs.org/dateformat/-/dateformat-4.6.3.tgz. Extracting by manifest.
317 silly tarball no local data for deep-is@https://registry.npmjs.org/deep-is/-/deep-is-0.1.4.tgz. Extracting by manifest.
318 silly tarball no local data for db-errors@https://registry.npmjs.org/db-errors/-/db-errors-0.2.3.tgz. Extracting by manifest.
319 silly tarball no local data for debug@https://registry.npmjs.org/debug/-/debug-4.3.4.tgz. Extracting by manifest.
320 silly tarball no local data for date-fns@https://registry.npmjs.org/date-fns/-/date-fns-2.30.0.tgz. Extracting by manifest.
321 silly tarball no local data for data-view-byte-offset@https://registry.npmjs.org/data-view-byte-offset/-/data-view-byte-offset-1.0.0.tgz. Extracting by manifest.
322 silly tarball no local data for data-view-buffer@https://registry.npmjs.org/data-view-buffer/-/data-view-buffer-1.0.1.tgz. Extracting by manifest.
323 silly tarball no local data for d@https://registry.npmjs.org/d/-/d-1.0.2.tgz. Extracting by manifest.
324 silly tarball no local data for find-my-way@https://registry.npmjs.org/find-my-way/-/find-my-way-8.1.0.tgz. Extracting by manifest.
325 silly tarball no local data for data-view-byte-length@https://registry.npmjs.org/data-view-byte-length/-/data-view-byte-length-1.0.1.tgz. Extracting by manifest.
326 silly tarball no local data for crypto-random-string@https://registry.npmjs.org/crypto-random-string/-/crypto-random-string-4.0.0.tgz. Extracting by manifest.
327 silly tarball no local data for cross-spawn@https://registry.npmjs.org/cross-spawn/-/cross-spawn-7.0.3.tgz. Extracting by manifest.
328 silly tarball no local data for cookie@https://registry.npmjs.org/cookie/-/cookie-0.6.0.tgz. Extracting by manifest.
329 silly tarball no local data for convert-source-map@https://registry.npmjs.org/convert-source-map/-/convert-source-map-2.0.0.tgz. Extracting by manifest.
330 silly tarball no local data for console-control-strings@https://registry.npmjs.org/console-control-strings/-/console-control-strings-1.1.0.tgz. Extracting by manifest.
331 silly tarball no local data for constantinople@https://registry.npmjs.org/constantinople/-/constantinople-4.0.1.tgz. Extracting by manifest.
332 silly tarball no local data for configstore@https://registry.npmjs.org/configstore/-/configstore-6.0.0.tgz. Extracting by manifest.
333 silly tarball no local data for concat-map@https://registry.npmjs.org/concat-map/-/concat-map-0.0.1.tgz. Extracting by manifest.
334 silly tarball no local data for concurrently@https://registry.npmjs.org/concurrently/-/concurrently-8.2.2.tgz. Extracting by manifest.
335 silly tarball no local data for commist@https://registry.npmjs.org/commist/-/commist-3.0.0.tgz. Extracting by manifest.
336 silly tarball no local data for colorette@https://registry.npmjs.org/colorette/-/colorette-2.0.19.tgz. Extracting by manifest.
337 silly tarball no local data for co@https://registry.npmjs.org/co/-/co-4.6.0.tgz. Extracting by manifest.
338 silly tarball no local data for close-with-grace@https://registry.npmjs.org/close-with-grace/-/close-with-grace-1.1.0.tgz. Extracting by manifest.
339 silly tarball no local data for clone-response@https://registry.npmjs.org/clone-response/-/clone-response-1.0.3.tgz. Extracting by manifest.
340 silly tarball no local data for fast-glob@https://registry.npmjs.org/fast-glob/-/fast-glob-3.2.11.tgz. Extracting by manifest.
341 silly tarball no local data for cli-table3@https://registry.npmjs.org/cli-table3/-/cli-table3-0.6.4.tgz. Extracting by manifest.
342 silly tarball no local data for cli-color@https://registry.npmjs.org/cli-color/-/cli-color-2.0.4.tgz. Extracting by manifest.
343 silly tarball no local data for cli-boxes@https://registry.npmjs.org/cli-boxes/-/cli-boxes-3.0.0.tgz. Extracting by manifest.
344 silly tarball no local data for cjs-module-lexer@https://registry.npmjs.org/cjs-module-lexer/-/cjs-module-lexer-1.2.3.tgz. Extracting by manifest.
345 silly tarball no local data for ci-info@https://registry.npmjs.org/ci-info/-/ci-info-3.3.2.tgz. Extracting by manifest.
346 silly tarball no local data for clean-stack@https://registry.npmjs.org/clean-stack/-/clean-stack-2.2.0.tgz. Extracting by manifest.
347 silly tarball no local data for chrome-trace-event@https://registry.npmjs.org/chrome-trace-event/-/chrome-trace-event-1.0.3.tgz. Extracting by manifest.
348 silly tarball no local data for chownr@https://registry.npmjs.org/chownr/-/chownr-2.0.0.tgz. Extracting by manifest.
349 silly tarball no local data for chokidar@https://registry.npmjs.org/chokidar/-/chokidar-3.5.3.tgz. Extracting by manifest.
350 silly tarball no local data for character-parser@https://registry.npmjs.org/character-parser/-/character-parser-2.2.0.tgz. Extracting by manifest.
351 silly tarball no local data for chalk@https://registry.npmjs.org/chalk/-/chalk-4.1.2.tgz. Extracting by manifest.
352 silly tarball no local data for char-regex@https://registry.npmjs.org/char-regex/-/char-regex-1.0.2.tgz. Extracting by manifest.
353 silly tarball no local data for camelcase@https://registry.npmjs.org/camelcase/-/camelcase-5.3.1.tgz. Extracting by manifest.
354 silly tarball no local data for callsites@https://registry.npmjs.org/callsites/-/callsites-3.1.0.tgz. Extracting by manifest.
355 silly tarball no local data for call-bind@https://registry.npmjs.org/call-bind/-/call-bind-1.0.7.tgz. Extracting by manifest.
356 silly tarball no local data for es-object-atoms@https://registry.npmjs.org/es-object-atoms/-/es-object-atoms-1.0.0.tgz. Extracting by manifest.
357 silly tarball no local data for babel-preset-jest@https://registry.npmjs.org/babel-preset-jest/-/babel-preset-jest-29.6.3.tgz. Extracting by manifest.
358 silly tarball no local data for babel-plugin-istanbul@https://registry.npmjs.org/babel-plugin-istanbul/-/babel-plugin-istanbul-6.1.1.tgz. Extracting by manifest.
359 silly tarball no local data for array.prototype.findlastindex@https://registry.npmjs.org/array.prototype.findlastindex/-/array.prototype.findlastindex-1.2.5.tgz. Extracting by manifest.
360 silly tarball no local data for array-buffer-byte-length@https://registry.npmjs.org/array-buffer-byte-length/-/array-buffer-byte-length-1.0.1.tgz. Extracting by manifest.
361 silly tarball no local data for css-loader@https://registry.npmjs.org/css-loader/-/css-loader-7.1.1.tgz. Extracting by manifest.
362 silly tarball no local data for abstract-logging@https://registry.npmjs.org/abstract-logging/-/abstract-logging-2.0.1.tgz. Extracting by manifest.
363 silly tarball no local data for clone-deep@https://registry.npmjs.org/clone-deep/-/clone-deep-4.0.1.tgz. Extracting by manifest.
364 silly tarball no local data for @webassemblyjs/helper-wasm-section@https://registry.npmjs.org/@webassemblyjs/helper-wasm-section/-/helper-wasm-section-1.12.1.tgz. Extracting by manifest.
365 silly tarball no local data for @types/semver-utils@https://registry.npmjs.org/@types/semver-utils/-/semver-utils-1.1.3.tgz. Extracting by manifest.
366 silly tarball no local data for @types/responselike@https://registry.npmjs.org/@types/responselike/-/responselike-1.0.0.tgz. Extracting by manifest.
367 silly tarball no local data for @types/jest@https://registry.npmjs.org/@types/jest/-/jest-29.5.12.tgz. Extracting by manifest.
368 silly tarball no local data for @types/istanbul-lib-coverage@https://registry.npmjs.org/@types/istanbul-lib-coverage/-/istanbul-lib-coverage-2.0.6.tgz. Extracting by manifest.
369 silly tarball no local data for @types/estree@https://registry.npmjs.org/@types/estree/-/estree-1.0.5.tgz. Extracting by manifest.
370 silly tarball no local data for @types/babel__traverse@https://registry.npmjs.org/@types/babel__traverse/-/babel__traverse-7.20.5.tgz. Extracting by manifest.
371 silly tarball no local data for @tufjs/models@https://registry.npmjs.org/@tufjs/models/-/models-1.0.4.tgz. Extracting by manifest.
372 silly tarball no local data for @types/babel__generator@https://registry.npmjs.org/@types/babel__generator/-/babel__generator-7.6.8.tgz. Extracting by manifest.
373 silly tarball no local data for @pnpm/network.ca-file@https://registry.npmjs.org/@pnpm/network.ca-file/-/network.ca-file-1.0.1.tgz. Extracting by manifest.
374 silly tarball no local data for @sigstore/bundle@https://registry.npmjs.org/@sigstore/bundle/-/bundle-1.1.0.tgz. Extracting by manifest.
375 silly tarball no local data for @npmcli/promise-spawn@https://registry.npmjs.org/@npmcli/promise-spawn/-/promise-spawn-6.0.2.tgz. Extracting by manifest.
376 silly tarball no local data for @npmcli/run-script@https://registry.npmjs.org/@npmcli/run-script/-/run-script-6.0.2.tgz. Extracting by manifest.
377 silly tarball no local data for @nodelib/fs.walk@https://registry.npmjs.org/@nodelib/fs.walk/-/fs.walk-1.2.8.tgz. Extracting by manifest.
378 silly tarball no local data for @nodelib/fs.scandir@https://registry.npmjs.org/@nodelib/fs.scandir/-/fs.scandir-2.1.5.tgz. Extracting by manifest.
379 silly tarball no local data for @nodelib/fs.stat@https://registry.npmjs.org/@nodelib/fs.stat/-/fs.stat-2.0.5.tgz. Extracting by manifest.
380 silly tarball no local data for @lukeed/ms@https://registry.npmjs.org/@lukeed/ms/-/ms-2.0.2.tgz. Extracting by manifest.
381 silly tarball no local data for @jridgewell/resolve-uri@https://registry.npmjs.org/@jridgewell/resolve-uri/-/resolve-uri-3.1.2.tgz. Extracting by manifest.
382 silly tarball no local data for @jest/types@https://registry.npmjs.org/@jest/types/-/types-29.6.3.tgz. Extracting by manifest.
383 silly tarball no local data for @jest/fake-timers@https://registry.npmjs.org/@jest/fake-timers/-/fake-timers-29.7.0.tgz. Extracting by manifest.
384 silly tarball no local data for @jest/core@https://registry.npmjs.org/@jest/core/-/core-29.7.0.tgz. Extracting by manifest.
385 silly tarball no local data for @gar/promisify@https://registry.npmjs.org/@gar/promisify/-/promisify-1.1.3.tgz. Extracting by manifest.
386 silly tarball no local data for @fastify/fast-json-stringify-compiler@https://registry.npmjs.org/@fastify/fast-json-stringify-compiler/-/fast-json-stringify-compiler-4.3.0.tgz. Extracting by manifest.
387 silly tarball no local data for @fastify/cookie@https://registry.npmjs.org/@fastify/cookie/-/cookie-9.3.1.tgz. Extracting by manifest.
388 silly tarball no local data for @fastify/static@https://registry.npmjs.org/@fastify/static/-/static-7.0.3.tgz. Extracting by manifest.
389 silly tarball no local data for @fastify/send@https://registry.npmjs.org/@fastify/send/-/send-2.1.0.tgz. Extracting by manifest.
390 silly tarball no local data for @babel/plugin-syntax-jsx@https://registry.npmjs.org/@babel/plugin-syntax-jsx/-/plugin-syntax-jsx-7.24.1.tgz. Extracting by manifest.
391 silly tarball no local data for @babel/helper-validator-option@https://registry.npmjs.org/@babel/helper-validator-option/-/helper-validator-option-7.23.5.tgz. Extracting by manifest.
392 silly tarball no local data for @babel/helper-simple-access@https://registry.npmjs.org/@babel/helper-simple-access/-/helper-simple-access-7.22.5.tgz. Extracting by manifest.
393 silly tarball no local data for @ampproject/remapping@https://registry.npmjs.org/@ampproject/remapping/-/remapping-2.3.0.tgz. Extracting by manifest.
394 silly tarball no local data for interpret@https://registry.npmjs.org/interpret/-/interpret-3.1.1.tgz. Extracting by manifest.
395 silly tarball no local data for eslint-scope@https://registry.npmjs.org/eslint-scope/-/eslint-scope-5.1.1.tgz. Extracting by manifest.
396 silly tarball no local data for make-fetch-happen@https://registry.npmjs.org/make-fetch-happen/-/make-fetch-happen-9.1.0.tgz. Extracting by manifest.
397 silly tarball no local data for @tootallnate/once@https://registry.npmjs.org/@tootallnate/once/-/once-1.1.2.tgz. Extracting by manifest.
398 silly tarball no local data for yargs-parser@https://registry.npmjs.org/yargs-parser/-/yargs-parser-20.2.9.tgz. Extracting by manifest.
399 silly tarball no local data for minipass-fetch@https://registry.npmjs.org/minipass-fetch/-/minipass-fetch-1.4.1.tgz. Extracting by manifest.
400 silly tarball no local data for yargs@https://registry.npmjs.org/yargs/-/yargs-16.2.0.tgz. Extracting by manifest.
401 silly tarball no local data for cliui@https://registry.npmjs.org/cliui/-/cliui-7.0.4.tgz. Extracting by manifest.
402 silly tarball no local data for ini@https://registry.npmjs.org/ini/-/ini-1.3.8.tgz. Extracting by manifest.
403 silly tarball no local data for find-up@https://registry.npmjs.org/find-up/-/find-up-3.0.0.tgz. Extracting by manifest.
404 silly tarball no local data for find-up@https://registry.npmjs.org/find-up/-/find-up-4.1.0.tgz. Extracting by manifest.
405 silly tarball no local data for pg-connection-string@https://registry.npmjs.org/pg-connection-string/-/pg-connection-string-2.6.4.tgz. Extracting by manifest.
406 silly tarball no local data for chalk@https://registry.npmjs.org/chalk/-/chalk-5.3.0.tgz. Extracting by manifest.
407 silly tarball no local data for rimraf@https://registry.npmjs.org/rimraf/-/rimraf-5.0.5.tgz. Extracting by manifest.
408 silly tarball no local data for strip-ansi@https://registry.npmjs.org/strip-ansi/-/strip-ansi-7.1.0.tgz. Extracting by manifest.
409 silly tarball no local data for unique-filename@https://registry.npmjs.org/unique-filename/-/unique-filename-2.0.1.tgz. Extracting by manifest.
410 silly tarball no local data for cacache@https://registry.npmjs.org/cacache/-/cacache-16.1.3.tgz. Extracting by manifest.
411 silly tarball no local data for minimatch@https://registry.npmjs.org/minimatch/-/minimatch-9.0.1.tgz. Extracting by manifest.
412 silly tarball no local data for mimic-response@https://registry.npmjs.org/mimic-response/-/mimic-response-3.1.0.tgz. Extracting by manifest.
413 silly tarball no local data for ini@https://registry.npmjs.org/ini/-/ini-1.3.8.tgz. Extracting by manifest.
414 silly tarball no local data for unique-filename@https://registry.npmjs.org/unique-filename/-/unique-filename-3.0.0.tgz. Extracting by manifest.
415 silly tarball no local data for camelcase@https://registry.npmjs.org/camelcase/-/camelcase-7.0.0.tgz. Extracting by manifest.
416 silly tarball no local data for istanbul-lib-instrument@https://registry.npmjs.org/istanbul-lib-instrument/-/istanbul-lib-instrument-5.2.1.tgz. Extracting by manifest.
417 silly tarball no local data for type-fest@https://registry.npmjs.org/type-fest/-/type-fest-2.19.0.tgz. Extracting by manifest.
418 silly tarball no local data for depd@https://registry.npmjs.org/depd/-/depd-1.1.2.tgz. Extracting by manifest.
419 silly tarball no local data for type-fest@https://registry.npmjs.org/type-fest/-/type-fest-0.21.3.tgz. Extracting by manifest.
420 silly tarball no local data for which@https://registry.npmjs.org/which/-/which-3.0.1.tgz. Extracting by manifest.
421 silly tarball no local data for which@https://registry.npmjs.org/which/-/which-3.0.1.tgz. Extracting by manifest.
422 silly tarball no local data for find-up@https://registry.npmjs.org/find-up/-/find-up-4.1.0.tgz. Extracting by manifest.
423 silly tarball no local data for js-yaml@https://registry.npmjs.org/js-yaml/-/js-yaml-3.14.1.tgz. Extracting by manifest.
424 silly tarball no local data for argparse@https://registry.npmjs.org/argparse/-/argparse-1.0.10.tgz. Extracting by manifest.
425 silly tarball no local data for which@https://registry.npmjs.org/which/-/which-3.0.1.tgz. Extracting by manifest.
426 silly tarball no local data for fastify-plugin@https://registry.npmjs.org/fastify-plugin/-/fastify-plugin-4.2.0.tgz. Extracting by manifest.
427 silly tarball no local data for strip-ansi@https://registry.npmjs.org/strip-ansi/-/strip-ansi-7.1.0.tgz. Extracting by manifest.
428 silly tarball no local data for supports-color@https://registry.npmjs.org/supports-color/-/supports-color-5.5.0.tgz. Extracting by manifest.
429 silly tarball no local data for has-flag@https://registry.npmjs.org/has-flag/-/has-flag-3.0.0.tgz. Extracting by manifest.
430 silly tarball no local data for chalk@https://registry.npmjs.org/chalk/-/chalk-2.4.2.tgz. Extracting by manifest.
431 silly tarball no local data for color-name@https://registry.npmjs.org/color-name/-/color-name-1.1.3.tgz. Extracting by manifest.
432 silly tarball no local data for fastify-plugin@https://registry.npmjs.org/fastify-plugin/-/fastify-plugin-4.2.0.tgz. Extracting by manifest.
433 silly tarball no local data for globals@https://registry.npmjs.org/globals/-/globals-11.12.0.tgz. Extracting by manifest.
434 silly tarball no local data for color-convert@https://registry.npmjs.org/color-convert/-/color-convert-1.9.3.tgz. Extracting by manifest.
435 silly tarball no local data for ansi-styles@https://registry.npmjs.org/ansi-styles/-/ansi-styles-3.2.1.tgz. Extracting by manifest.
436 silly tarball no local data for globals@https://registry.npmjs.org/globals/-/globals-14.0.0.tgz. Extracting by manifest.
437 http fetch POST 200 https://registry.npmjs.org/-/npm/v1/security/advisories/bulk 1573ms
438 timing auditReport:getReport Completed in 1582ms
439 silly audit report {
439 silly audit report   '@babel/helpers': [
439 silly audit report     {
439 silly audit report       id: 1104001,
439 silly audit report       url: 'https://github.com/advisories/GHSA-968p-4wvh-cqc8',
439 silly audit report       title: 'Babel has inefficient RegExp complexity in generated code with .replace when transpiling named capturing groups',
439 silly audit report       severity: 'moderate',
439 silly audit report       vulnerable_versions: '<7.26.10',
439 silly audit report       cwe: [Array],
439 silly audit report       cvss: [Object]
439 silly audit report     }
439 silly audit report   ],
439 silly audit report   '@babel/runtime': [
439 silly audit report     {
439 silly audit report       id: 1104000,
439 silly audit report       url: 'https://github.com/advisories/GHSA-968p-4wvh-cqc8',
439 silly audit report       title: 'Babel has inefficient RegExp complexity in generated code with .replace when transpiling named capturing groups',
439 silly audit report       severity: 'moderate',
439 silly audit report       vulnerable_versions: '<7.26.10',
439 silly audit report       cwe: [Array],
439 silly audit report       cvss: [Object]
439 silly audit report     }
439 silly audit report   ],
439 silly audit report   ajv: [
439 silly audit report     {
439 silly audit report       id: 1113714,
439 silly audit report       url: 'https://github.com/advisories/GHSA-2g4f-4pwh-qvx6',
439 silly audit report       title: 'ajv has ReDoS when using `$data` option',
439 silly audit report       severity: 'moderate',
439 silly audit report       vulnerable_versions: '<6.14.0',
439 silly audit report       cwe: [Array],
439 silly audit report       cvss: [Object]
439 silly audit report     },
439 silly audit report     {
439 silly audit report       id: 1113715,
439 silly audit report       url: 'https://github.com/advisories/GHSA-2g4f-4pwh-qvx6',
439 silly audit report       title: 'ajv has ReDoS when using `$data` option',
439 silly audit report       severity: 'moderate',
439 silly audit report       vulnerable_versions: '>=7.0.0-alpha.0 <8.18.0',
439 silly audit report       cwe: [Array],
439 silly audit report       cvss: [Object]
439 silly audit report     }
439 silly audit report   ],
439 silly audit report   'js-yaml': [
439 silly audit report     {
439 silly audit report       id: 1112714,
439 silly audit report       url: 'https://github.com/advisories/GHSA-mh29-5h37-fv8m',
439 silly audit report       title: 'js-yaml has prototype pollution in merge (<<)',
439 silly audit report       severity: 'moderate',
439 silly audit report       vulnerable_versions: '<3.14.2',
439 silly audit report       cwe: [Array],
439 silly audit report       cvss: [Object]
439 silly audit report     },
439 silly audit report     {
439 silly audit report       id: 1112715,
439 silly audit report       url: 'https://github.com/advisories/GHSA-mh29-5h37-fv8m',
439 silly audit report       title: 'js-yaml has prototype pollution in merge (<<)',
439 silly audit report       severity: 'moderate',
439 silly audit report       vulnerable_versions: '>=4.0.0 <4.1.1',
439 silly audit report       cwe: [Array],
439 silly audit report       cvss: [Object]
439 silly audit report     }
439 silly audit report   ],
439 silly audit report   glob: [
439 silly audit report     {
439 silly audit report       id: 1109842,
439 silly audit report       url: 'https://github.com/advisories/GHSA-5j98-mcp5-4vw2',
439 silly audit report       title: 'glob CLI: Command injection via -c/--cmd executes matches with shell:true',
439 silly audit report       severity: 'high',
439 silly audit report       vulnerable_versions: '>=10.2.0 <10.5.0',
439 silly audit report       cwe: [Array],
439 silly audit report       cvss: [Object]
439 silly audit report     }
439 silly audit report   ],
439 silly audit report   '@tootallnate/once': [
439 silly audit report     {
439 silly audit report       id: 1113977,
439 silly audit report       url: 'https://github.com/advisories/GHSA-vpq2-c234-7xj6',
439 silly audit report       title: '@tootallnate/once vulnerable to Incorrect Control Flow Scoping',
439 silly audit report       severity: 'low',
439 silly audit report       vulnerable_versions: '<3.0.1',
439 silly audit report       cwe: [Array],
439 silly audit report       cvss: [Object]
439 silly audit report     }
439 silly audit report   ],
439 silly audit report   'brace-expansion': [
439 silly audit report     {
439 silly audit report       id: 1105443,
439 silly audit report       url: 'https://github.com/advisories/GHSA-v6h2-p8h4-qcjw',
439 silly audit report       title: 'brace-expansion Regular Expression Denial of Service vulnerability',
439 silly audit report       severity: 'low',
439 silly audit report       vulnerable_versions: '>=1.0.0 <=1.1.11',
439 silly audit report       cwe: [Array],
439 silly audit report       cvss: [Object]
439 silly audit report     },
439 silly audit report     {
439 silly audit report       id: 1105444,
439 silly audit report       url: 'https://github.com/advisories/GHSA-v6h2-p8h4-qcjw',
439 silly audit report       title: 'brace-expansion Regular Expression Denial of Service vulnerability',
439 silly audit report       severity: 'low',
439 silly audit report       vulnerable_versions: '>=2.0.0 <=2.0.1',
439 silly audit report       cwe: [Array],
439 silly audit report       cvss: [Object]
439 silly audit report     },
439 silly audit report     {
439 silly audit report       id: 1115540,
439 silly audit report       url: 'https://github.com/advisories/GHSA-f886-m6hf-6m8v',
439 silly audit report       title: 'brace-expansion: Zero-step sequence causes process hang and memory exhaustion',
439 silly audit report       severity: 'moderate',
439 silly audit report       vulnerable_versions: '<1.1.13',
439 silly audit report       cwe: [Array],
439 silly audit report       cvss: [Object]
439 silly audit report     },
439 silly audit report     {
439 silly audit report       id: 1115541,
439 silly audit report       url: 'https://github.com/advisories/GHSA-f886-m6hf-6m8v',
439 silly audit report       title: 'brace-expansion: Zero-step sequence causes process hang and memory exhaustion',
439 silly audit report       severity: 'moderate',
439 silly audit report       vulnerable_versions: '>=2.0.0 <2.0.3',
439 silly audit report       cwe: [Array],
439 silly audit report       cvss: [Object]
439 silly audit report     }
439 silly audit report   ],
439 silly audit report   minimatch: [
439 silly audit report     {
439 silly audit report       id: 1113459,
439 silly audit report       url: 'https://github.com/advisories/GHSA-3ppc-4f35-3m26',
439 silly audit report       title: 'minimatch has a ReDoS via repeated wildcards with non-matching literal in pattern',
439 silly audit report       severity: 'high',
439 silly audit report       vulnerable_versions: '<3.1.3',
439 silly audit report       cwe: [Array],
439 silly audit report       cvss: [Object]
439 silly audit report     },
439 silly audit report     {
439 silly audit report       id: 1113461,
439 silly audit report       url: 'https://github.com/advisories/GHSA-3ppc-4f35-3m26',
439 silly audit report       title: 'minimatch has a ReDoS via repeated wildcards with non-matching literal in pattern',
439 silly audit report       severity: 'high',
439 silly audit report       vulnerable_versions: '>=5.0.0 <5.1.7',
439 silly audit report       cwe: [Array],
439 silly audit report       cvss: [Object]
439 silly audit report     },
439 silly audit report     {
439 silly audit report       id: 1113465,
439 silly audit report       url: 'https://github.com/advisories/GHSA-3ppc-4f35-3m26',
439 silly audit report       title: 'minimatch has a ReDoS via repeated wildcards with non-matching literal in pattern',
439 silly audit report       severity: 'high',
439 silly audit report       vulnerable_versions: '>=9.0.0 <9.0.6',
439 silly audit report       cwe: [Array],
439 silly audit report       cvss: [Object]
439 silly audit report     },
439 silly audit report     {
439 silly audit report       id: 1113538,
439 silly audit report       url: 'https://github.com/advisories/GHSA-7r86-cg39-jmmj',
439 silly audit report       title: 'minimatch has ReDoS: matchOne() combinatorial backtracking via multiple non-adjacent GLOBSTAR segments',
439 silly audit report       severity: 'high',
439 silly audit report       vulnerable_versions: '<3.1.3',
439 silly audit report       cwe: [Array],
439 silly audit report       cvss: [Object]
439 silly audit report     },
439 silly audit report     {
439 silly audit report       id: 1113540,
439 silly audit report       url: 'https://github.com/advisories/GHSA-7r86-cg39-jmmj',
439 silly audit report       title: 'minimatch has ReDoS: matchOne() combinatorial backtracking via multiple non-adjacent GLOBSTAR segments',
439 silly audit report       severity: 'high',
439 silly audit report       vulnerable_versions: '>=5.0.0 <5.1.8',
439 silly audit report       cwe: [Array],
439 silly audit report       cvss: [Object]
439 silly audit report     },
439 silly audit report     {
439 silly audit report       id: 1113544,
439 silly audit report       url: 'https://github.com/advisories/GHSA-7r86-cg39-jmmj',
439 silly audit report       title: 'minimatch has ReDoS: matchOne() combinatorial backtracking via multiple non-adjacent GLOBSTAR segments',
439 silly audit report       severity: 'high',
439 silly audit report       vulnerable_versions: '>=9.0.0 <9.0.7',
439 silly audit report       cwe: [Array],
439 silly audit report       cvss: [Object]
439 silly audit report     },
439 silly audit report     {
439 silly audit report       id: 1113546,
439 silly audit report       url: 'https://github.com/advisories/GHSA-23c5-xmqv-rm74',
439 silly audit report       title: 'minimatch ReDoS: nested *() extglobs generate catastrophically backtracking regular expressions',
439 silly audit report       severity: 'high',
439 silly audit report       vulnerable_versions: '<3.1.4',
439 silly audit report       cwe: [Array],
439 silly audit report       cvss: [Object]
439 silly audit report     },
439 silly audit report     {
439 silly audit report       id: 1113548,
439 silly audit report       url: 'https://github.com/advisories/GHSA-23c5-xmqv-rm74',
439 silly audit report       title: 'minimatch ReDoS: nested *() extglobs generate catastrophically backtracking regular expressions',
439 silly audit report       severity: 'high',
439 silly audit report       vulnerable_versions: '>=5.0.0 <5.1.8',
439 silly audit report       cwe: [Array],
439 silly audit report       cvss: [Object]
439 silly audit report     },
439 silly audit report     {
439 silly audit report       id: 1113552,
439 silly audit report       url: 'https://github.com/advisories/GHSA-23c5-xmqv-rm74',
439 silly audit report       title: 'minimatch ReDoS: nested *() extglobs generate catastrophically backtracking regular expressions',
439 silly audit report       severity: 'high',
439 silly audit report       vulnerable_versions: '>=9.0.0 <9.0.7',
439 silly audit report       cwe: [Array],
439 silly audit report       cvss: [Object]
439 silly audit report     }
439 silly audit report   ],
439 silly audit report   braces: [
439 silly audit report     {
439 silly audit report       id: 1098094,
439 silly audit report       url: 'https://github.com/advisories/GHSA-grv7-fg5c-xmjg',
439 silly audit report       title: 'Uncontrolled resource consumption in braces',
439 silly audit report       severity: 'high',
439 silly audit report       vulnerable_versions: '<3.0.3',
439 silly audit report       cwe: [Array],
439 silly audit report       cvss: [Object]
439 silly audit report     }
439 silly audit report   ],
439 silly audit report   cookie: [
439 silly audit report     {
439 silly audit report       id: 1103907,
439 silly audit report       url: 'https://github.com/advisories/GHSA-pxg6-pf52-xh8x',
439 silly audit report       title: 'cookie accepts cookie name, path, and domain with out of bounds characters',
439 silly audit report       severity: 'low',
439 silly audit report       vulnerable_versions: '<0.7.0',
439 silly audit report       cwe: [Array],
439 silly audit report       cvss: [Object]
439 silly audit report     }
439 silly audit report   ],
439 silly audit report   'cross-spawn': [
439 silly audit report     {
439 silly audit report       id: 1104664,
439 silly audit report       url: 'https://github.com/advisories/GHSA-3xgq-45jj-v275',
439 silly audit report       title: 'Regular Expression Denial of Service (ReDoS) in cross-spawn',
439 silly audit report       severity: 'high',
439 silly audit report       vulnerable_versions: '>=7.0.0 <7.0.5',
439 silly audit report       cwe: [Array],
439 silly audit report       cvss: [Object]
439 silly audit report     }
439 silly audit report   ],
439 silly audit report   dottie: [
439 silly audit report     {
439 silly audit report       id: 1113536,
439 silly audit report       url: 'https://github.com/advisories/GHSA-r5mx-6wc6-7h9w',
439 silly audit report       title: 'dottie is vulnerable to Prototype Pollution bypass via non-first path segments in set() and transform()',
439 silly audit report       severity: 'moderate',
439 silly audit report       vulnerable_versions: '>=2.0.4 <=2.0.6',
439 silly audit report       cwe: [Array],
439 silly audit report       cvss: [Object]
439 silly audit report     }
439 silly audit report   ],
439 silly audit report   fastify: [
439 silly audit report     {
439 silly audit report       id: 1112876,
439 silly audit report       url: 'https://github.com/advisories/GHSA-mrq3-vjjr-p77c',
439 silly audit report       title: 'Fastify Vulnerable to DoS via Unbounded Memory Allocation in sendWebStream',
439 silly audit report       severity: 'low',
439 silly audit report       vulnerable_versions: '<=5.7.2',
439 silly audit report       cwe: [Array],
439 silly audit report       cvss: [Object]
439 silly audit report     },
439 silly audit report     {
439 silly audit report       id: 1112877,
439 silly audit report       url: 'https://github.com/advisories/GHSA-jx2c-rxcm-jvmq',
439 silly audit report       title: "Fastify's Content-Type header tab character allows body validation bypass",
439 silly audit report       severity: 'high',
439 silly audit report       vulnerable_versions: '<5.7.2',
439 silly audit report       cwe: [Array],
439 silly audit report       cvss: [Object]
439 silly audit report     },
439 silly audit report     {
439 silly audit report       id: 1115367,
439 silly audit report       url: 'https://github.com/advisories/GHSA-444r-cwp2-x5xf',
439 silly audit report       title: 'fastify: request.protocol and request.host Spoofable via X-Forwarded-Proto/Host from Untrusted Connections',
439 silly audit report       severity: 'moderate',
439 silly audit report       vulnerable_versions: '<=5.8.2',
439 silly audit report       cwe: [Array],
439 silly audit report       cvss: [Object]
439 silly audit report     }
439 silly audit report   ],
439 silly audit report   'find-my-way': [
439 silly audit report     {
439 silly audit report       id: 1099853,
439 silly audit report       url: 'https://github.com/advisories/GHSA-rrr8-f88r-h8q6',
439 silly audit report       title: 'find-my-way has a ReDoS vulnerability in multiparametric routes',
439 silly audit report       severity: 'high',
439 silly audit report       vulnerable_versions: '>=5.5.0 <8.2.2',
439 silly audit report       cwe: [Array],
439 silly audit report       cvss: [Object]
439 silly audit report     }
439 silly audit report   ],
439 silly audit report   flatted: [
439 silly audit report     {
439 silly audit report       id: 1114526,
439 silly audit report       url: 'https://github.com/advisories/GHSA-25h7-pfq9-p65f',
439 silly audit report       title: 'flatted vulnerable to unbounded recursion DoS in parse() revive phase',
439 silly audit report       severity: 'high',
439 silly audit report       vulnerable_versions: '<3.4.0',
439 silly audit report       cwe: [Array],
439 silly audit report       cvss: [Object]
439 silly audit report     },
439 silly audit report     {
439 silly audit report       id: 1115357,
439 silly audit report       url: 'https://github.com/advisories/GHSA-rf6f-7fwh-wjgh',
439 silly audit report       title: 'Prototype Pollution via parse() in NodeJS flatted',
439 silly audit report       severity: 'high',
439 silly audit report       vulnerable_versions: '<=3.4.1',
439 silly audit report       cwe: [Array],
439 silly audit report       cvss: [Object]
439 silly audit report     }
439 silly audit report   ],
439 silly audit report   ip: [
439 silly audit report     {
439 silly audit report       id: 1101851,
439 silly audit report       url: 'https://github.com/advisories/GHSA-2p57-rm9w-gvfp',
439 silly audit report       title: 'ip SSRF improper categorization in isPublic',
439 silly audit report       severity: 'high',
439 silly audit report       vulnerable_versions: '<=2.0.1',
439 silly audit report       cwe: [Array],
439 silly audit report       cvss: [Object]
439 silly audit report     },
439 silly audit report     {
439 silly audit report       id: 1114832,
439 silly audit report       url: 'https://github.com/advisories/GHSA-78xj-cgh5-2h22',
439 silly audit report       title: 'NPM IP package incorrectly identifies some private IP addresses as public',
439 silly audit report       severity: 'low',
439 silly audit report       vulnerable_versions: '=2.0.0',
439 silly audit report       cwe: [Array],
439 silly audit report       cvss: [Object]
439 silly audit report     }
439 silly audit report   ],
439 silly audit report   lodash: [
439 silly audit report     {
439 silly audit report       id: 1112455,
439 silly audit report       url: 'https://github.com/advisories/GHSA-xxjr-mmjv-4gpg',
439 silly audit report       title: 'Lodash has Prototype Pollution Vulnerability in `_.unset` and `_.omit` functions',
439 silly audit report       severity: 'moderate',
439 silly audit report       vulnerable_versions: '>=4.0.0 <=4.17.22',
439 silly audit report       cwe: [Array],
439 silly audit report       cvss: [Object]
439 silly audit report     }
439 silly audit report   ],
439 silly audit report   'markdown-it': [
439 silly audit report     {
439 silly audit report       id: 1113190,
439 silly audit report       url: 'https://github.com/advisories/GHSA-38c4-r59v-3vqw',
439 silly audit report       title: 'markdown-it is has a Regular Expression Denial of Service (ReDoS)',
439 silly audit report       severity: 'moderate',
439 silly audit report       vulnerable_versions: '>=13.0.0 <14.1.1',
439 silly audit report       cwe: [Array],
439 silly audit report       cvss: [Object]
439 silly audit report     }
439 silly audit report   ],
439 silly audit report   micromatch: [
439 silly audit report     {
439 silly audit report       id: 1098681,
439 silly audit report       url: 'https://github.com/advisories/GHSA-952p-6rrq-rcjv',
439 silly audit report       title: 'Regular Expression Denial of Service (ReDoS) in micromatch',
439 silly audit report       severity: 'moderate',
439 silly audit report       vulnerable_versions: '<4.0.8',
439 silly audit report       cwe: [Array],
439 silly audit report       cvss: [Object]
439 silly audit report     }
439 silly audit report   ],
439 silly audit report   nanoid: [
439 silly audit report     {
439 silly audit report       id: 1109563,
439 silly audit report       url: 'https://github.com/advisories/GHSA-mwcw-c2x4-8c55',
439 silly audit report       title: 'Predictable results in nanoid generation when given non-integer values',
439 silly audit report       severity: 'moderate',
439 silly audit report       vulnerable_versions: '<3.3.8',
439 silly audit report       cwe: [Array],
439 silly audit report       cvss: [Object]
439 silly audit report     }
439 silly audit report   ],
439 silly audit report   'path-to-regexp': [
439 silly audit report     {
439 silly audit report       id: 1101846,
439 silly audit report       url: 'https://github.com/advisories/GHSA-9wv6-86v2-598j',
439 silly audit report       title: 'path-to-regexp outputs backtracking regular expressions',
439 silly audit report       severity: 'high',
439 silly audit report       vulnerable_versions: '>=4.0.0 <6.3.0',
439 silly audit report       cwe: [Array],
439 silly audit report       cvss: [Object]
439 silly audit report     }
439 silly audit report   ],
439 silly audit report   picomatch: [
439 silly audit report     {
439 silly audit report       id: 1115549,
439 silly audit report       url: 'https://github.com/advisories/GHSA-3v7f-55p6-f55p',
439 silly audit report       title: 'Picomatch: Method Injection in POSIX Character Classes causes incorrect Glob Matching',
439 silly audit report       severity: 'moderate',
439 silly audit report       vulnerable_versions: '<2.3.2',
439 silly audit report       cwe: [Array],
439 silly audit report       cvss: [Object]
439 silly audit report     },
439 silly audit report     {
439 silly audit report       id: 1115552,
439 silly audit report       url: 'https://github.com/advisories/GHSA-c2c7-rcm5-vvqj',
439 silly audit report       title: 'Picomatch has a ReDoS vulnerability via extglob quantifiers',
439 silly audit report       severity: 'high',
439 silly audit report       vulnerable_versions: '<2.3.2',
439 silly audit report       cwe: [Array],
439 silly audit report       cvss: [Object]
439 silly audit report     }
439 silly audit report   ],
439 silly audit report   pug: [
439 silly audit report     {
439 silly audit report       id: 1104111,
439 silly audit report       url: 'https://github.com/advisories/GHSA-3965-hpx2-q597',
439 silly audit report       title: 'Pug allows JavaScript code execution if an application accepts untrusted input',
439 silly audit report       severity: 'moderate',
439 silly audit report       vulnerable_versions: '<=3.0.2',
439 silly audit report       cwe: [Array],
439 silly audit report       cvss: [Object]
439 silly audit report     }
439 silly audit report   ],
439 silly audit report   'pug-code-gen': [
439 silly audit report     {
439 silly audit report       id: 1104107,
439 silly audit report       url: 'https://github.com/advisories/GHSA-3965-hpx2-q597',
439 silly audit report       title: 'Pug allows JavaScript code execution if an application accepts untrusted input',
439 silly audit report       severity: 'moderate',
439 silly audit report       vulnerable_versions: '<=3.0.2',
439 silly audit report       cwe: [Array],
439 silly audit report       cvss: [Object]
439 silly audit report     }
439 silly audit report   ],
439 silly audit report   qs: [
439 silly audit report     {
439 silly audit report       id: 1113161,
439 silly audit report       url: 'https://github.com/advisories/GHSA-w7fw-mjwx-w883',
439 silly audit report       title: "qs's arrayLimit bypass in comma parsing allows denial of service",
439 silly audit report       severity: 'low',
439 silly audit report       vulnerable_versions: '>=6.7.0 <=6.14.1',
439 silly audit report       cwe: [Array],
439 silly audit report       cvss: [Object]
439 silly audit report     },
439 silly audit report     {
439 silly audit report       id: 1113719,
439 silly audit report       url: 'https://github.com/advisories/GHSA-6rw7-vpxm-498p',
439 silly audit report       title: "qs's arrayLimit bypass in its bracket notation allows DoS via memory exhaustion",
439 silly audit report       severity: 'moderate',
439 silly audit report       vulnerable_versions: '<6.14.1',
439 silly audit report       cwe: [Array],
439 silly audit report       cvss: [Object]
439 silly audit report     }
439 silly audit report   ],
439 silly audit report   sequelize: [
439 silly audit report     {
439 silly audit report       id: 1114318,
439 silly audit report       url: 'https://github.com/advisories/GHSA-6457-6jrx-69cr',
439 silly audit report       title: 'Sequelize v6 Vulnerable to SQL Injection via JSON Column Cast Type',
439 silly audit report       severity: 'high',
439 silly audit report       vulnerable_versions: '>=6.0.0-beta.1 <=6.37.7',
439 silly audit report       cwe: [Array],
439 silly audit report       cvss: [Object]
439 silly audit report     }
439 silly audit report   ],
439 silly audit report   'serialize-javascript': [
439 silly audit report     {
439 silly audit report       id: 1113686,
439 silly audit report       url: 'https://github.com/advisories/GHSA-5c6j-r48x-rmvq',
439 silly audit report       title: 'Serialize JavaScript is Vulnerable to RCE via RegExp.flags and Date.prototype.toISOString()',
439 silly audit report       severity: 'high',
439 silly audit report       vulnerable_versions: '<=7.0.2',
439 silly audit report       cwe: [Array],
439 silly audit report       cvss: [Object]
439 silly audit report     },
439 silly audit report     {
439 silly audit report       id: 1115519,
439 silly audit report       url: 'https://github.com/advisories/GHSA-qj8w-gfj5-8c6v',
439 silly audit report       title: 'Serialize JavaScript has CPU Exhaustion Denial of Service via crafted array-like objects',
439 silly audit report       severity: 'moderate',
439 silly audit report       vulnerable_versions: '<7.0.5',
439 silly audit report       cwe: [Array],
439 silly audit report       cvss: [Object]
439 silly audit report     }
439 silly audit report   ],
439 silly audit report   tar: [
439 silly audit report     {
439 silly audit report       id: 1112659,
439 silly audit report       url: 'https://github.com/advisories/GHSA-34x7-hfp2-rc4v',
439 silly audit report       title: 'node-tar Vulnerable to Arbitrary File Creation/Overwrite via Hardlink Path Traversal',
439 silly audit report       severity: 'high',
439 silly audit report       vulnerable_versions: '<7.5.7',
439 silly audit report       cwe: [Array],
439 silly audit report       cvss: [Object]
439 silly audit report     },
439 silly audit report     {
439 silly audit report       id: 1113300,
439 silly audit report       url: 'https://github.com/advisories/GHSA-8qq5-rm4j-mr97',
439 silly audit report       title: 'node-tar is Vulnerable to Arbitrary File Overwrite and Symlink Poisoning via Insufficient Path Sanitization',
439 silly audit report       severity: 'high',
439 silly audit report       vulnerable_versions: '<=7.5.2',
439 silly audit report       cwe: [Array],
439 silly audit report       cvss: [Object]
439 silly audit report     },
439 silly audit report     {
439 silly audit report       id: 1113375,
439 silly audit report       url: 'https://github.com/advisories/GHSA-83g3-92jg-28cx',
439 silly audit report       title: 'Arbitrary File Read/Write via Hardlink Target Escape Through Symlink Chain in node-tar Extraction',
439 silly audit report       severity: 'high',
439 silly audit report       vulnerable_versions: '<7.5.8',
439 silly audit report       cwe: [Array],
439 silly audit report       cvss: [Object]
439 silly audit report     },
439 silly audit report     {
439 silly audit report       id: 1114200,
439 silly audit report       url: 'https://github.com/advisories/GHSA-qffp-2rhf-9h96',
439 silly audit report       title: 'tar has Hardlink Path Traversal via Drive-Relative Linkpath',
439 silly audit report       severity: 'high',
439 silly audit report       vulnerable_versions: '<=7.5.9',
439 silly audit report       cwe: [Array],
439 silly audit report       cvss: [Object]
439 silly audit report     },
439 silly audit report     {
439 silly audit report       id: 1114302,
439 silly audit report       url: 'https://github.com/advisories/GHSA-9ppj-qmqm-q256',
439 silly audit report       title: 'node-tar Symlink Path Traversal via Drive-Relative Linkpath',
439 silly audit report       severity: 'high',
439 silly audit report       vulnerable_versions: '<=7.5.10',
439 silly audit report       cwe: [Array],
439 silly audit report       cvss: [Object]
439 silly audit report     },
439 silly audit report     {
439 silly audit report       id: 1114680,
439 silly audit report       url: 'https://github.com/advisories/GHSA-r6q2-hw4h-h46w',
439 silly audit report       title: 'Race Condition in node-tar Path Reservations via Unicode Ligature Collisions on macOS APFS',
439 silly audit report       severity: 'high',
439 silly audit report       vulnerable_versions: '<=7.5.3',
439 silly audit report       cwe: [Array],
439 silly audit report       cvss: [Object]
439 silly audit report     },
439 silly audit report     {
439 silly audit report       id: 1097493,
439 silly audit report       url: 'https://github.com/advisories/GHSA-f5x3-32g6-xq36',
439 silly audit report       title: 'Denial of service while parsing a tar file due to lack of folders count validation',
439 silly audit report       severity: 'moderate',
439 silly audit report       vulnerable_versions: '<6.2.1',
439 silly audit report       cwe: [Array],
439 silly audit report       cvss: [Object]
439 silly audit report     }
439 silly audit report   ],
439 silly audit report   'tar-fs': [
439 silly audit report     {
439 silly audit report       id: 1109532,
439 silly audit report       url: 'https://github.com/advisories/GHSA-vj76-c3g6-qr5v',
439 silly audit report       title: 'tar-fs has a symlink validation bypass if destination directory is predictable with a specific tarball',
439 silly audit report       severity: 'high',
439 silly audit report       vulnerable_versions: '>=2.0.0 <2.1.4',
439 silly audit report       cwe: [Array],
439 silly audit report       cvss: [Object]
439 silly audit report     },
439 silly audit report     {
439 silly audit report       id: 1109543,
439 silly audit report       url: 'https://github.com/advisories/GHSA-8cj5-5rvv-wf4v',
439 silly audit report       title: 'tar-fs can extract outside the specified dir with a specific tarball',
439 silly audit report       severity: 'high',
439 silly audit report       vulnerable_versions: '>=2.0.0 <2.1.3',
439 silly audit report       cwe: [Array],
439 silly audit report       cvss: [Object]
439 silly audit report     },
439 silly audit report     {
439 silly audit report       id: 1109552,
439 silly audit report       url: 'https://github.com/advisories/GHSA-pq67-2wwv-3xjx',
439 silly audit report       title: 'tar-fs Vulnerable to Link Following and Path Traversal via Extracting a Crafted tar File',
439 silly audit report       severity: 'high',
439 silly audit report       vulnerable_versions: '>=2.0.0 <2.1.2',
439 silly audit report       cwe: [Array],
439 silly audit report       cvss: [Object]
439 silly audit report     }
439 silly audit report   ],
439 silly audit report   validator: [
439 silly audit report     {
439 silly audit report       id: 1109241,
439 silly audit report       url: 'https://github.com/advisories/GHSA-9965-vmph-33xx',
439 silly audit report       title: 'validator.js has a URL validation bypass vulnerability in its isURL function',
439 silly audit report       severity: 'moderate',
439 silly audit report       vulnerable_versions: '<13.15.20',
439 silly audit report       cwe: [Array],
439 silly audit report       cvss: [Object]
439 silly audit report     },
439 silly audit report     {
439 silly audit report       id: 1112713,
439 silly audit report       url: 'https://github.com/advisories/GHSA-vghf-hv5q-vc2g',
439 silly audit report       title: 'Validator is Vulnerable to Incomplete Filtering of One or More Instances of Special Elements',
439 silly audit report       severity: 'high',
439 silly audit report       vulnerable_versions: '<13.15.22',
439 silly audit report       cwe: [Array],
439 silly audit report       cvss: [Object]
439 silly audit report     }
439 silly audit report   ],
439 silly audit report   webpack: [
439 silly audit report     {
439 silly audit report       id: 1113041,
439 silly audit report       url: 'https://github.com/advisories/GHSA-8fgc-7cc6-rx7x',
439 silly audit report       title: 'webpack buildHttp: allowedUris allow-list bypass via URL userinfo (@) leading to build-time SSRF behavior',
439 silly audit report       severity: 'low',
439 silly audit report       vulnerable_versions: '>=5.49.0 <=5.104.0',
439 silly audit report       cwe: [Array],
439 silly audit report       cvss: [Object]
439 silly audit report     },
439 silly audit report     {
439 silly audit report       id: 1113042,
439 silly audit report       url: 'https://github.com/advisories/GHSA-38r7-794h-5758',
439 silly audit report       title: 'webpack buildHttp HttpUriPlugin allowedUris bypass via HTTP redirects → SSRF + cache persistence',
439 silly audit report       severity: 'low',
439 silly audit report       vulnerable_versions: '>=5.49.0 <5.104.0',
439 silly audit report       cwe: [Array],
439 silly audit report       cvss: [Object]
439 silly audit report     },
439 silly audit report     {
439 silly audit report       id: 1099351,
439 silly audit report       url: 'https://github.com/advisories/GHSA-4vvj-4cpr-p986',
439 silly audit report       title: "Webpack's AutoPublicPathRuntimeModule has a DOM Clobbering Gadget that leads to XSS",
439 silly audit report       severity: 'moderate',
439 silly audit report       vulnerable_versions: '>=5.0.0-alpha.0 <5.94.0',
439 silly audit report       cwe: [Array],
439 silly audit report       cvss: [Object]
439 silly audit report     }
439 silly audit report   ]
439 silly audit report }
440 timing reifyNode:node_modules/@webassemblyjs/helper-api-error Completed in 2279ms
441 timing reifyNode:node_modules/wrap-ansi-cjs Completed in 2348ms
442 timing reifyNode:node_modules/wrappy Completed in 2348ms
443 timing reifyNode:node_modules/wide-align Completed in 2348ms
444 timing reifyNode:node_modules/void-elements Completed in 2348ms
445 timing reifyNode:node_modules/validate-npm-package-license Completed in 2349ms
446 timing reifyNode:node_modules/universalify Completed in 2350ms
447 timing reifyNode:node_modules/to-fast-properties Completed in 2350ms
448 timing reifyNode:node_modules/strip-final-newline Completed in 2350ms
449 timing reifyNode:node_modules/spdx-exceptions Completed in 2348ms
450 timing reifyNode:node_modules/spdx-license-ids Completed in 2349ms
451 timing reifyNode:node_modules/shebang-command Completed in 2349ms
452 timing reifyNode:node_modules/shallow-clone Completed in 2349ms
453 timing reifyNode:node_modules/run-parallel Completed in 2348ms
454 timing reifyNode:node_modules/resolve-alpn Completed in 2350ms
455 timing reifyNode:node_modules/require-from-string Completed in 2351ms
456 timing reifyNode:node_modules/remote-git-tags Completed in 2352ms
457 timing reifyNode:node_modules/pug-error Completed in 2350ms
458 timing reifyNode:node_modules/minipass-pipeline Completed in 2342ms
459 timing reifyNode:node_modules/merge2 Completed in 2342ms
460 timing reifyNode:node_modules/lodash.castarray Completed in 2343ms
461 timing reifyNode:node_modules/jstransformer-markdown-it Completed in 2343ms
462 timing reifyNode:node_modules/ip Completed in 2340ms
463 timing reifyNode:node_modules/ini Completed in 2339ms
464 timing reifyNode:node_modules/inflight Completed in 2340ms
465 timing reifyNode:node_modules/imurmurhash Completed in 2340ms
466 timing reifyNode:node_modules/infer-owner Completed in 2340ms
467 timing reifyNode:node_modules/has-unicode Completed in 2340ms
468 timing reifyNode:node_modules/eslint-import-resolver-node Completed in 2342ms
469 timing reifyNode:node_modules/confusing-browser-globals Completed in 2339ms
470 timing reifyNode:node_modules/color-name Completed in 2338ms
471 timing reifyNode:node_modules/builtins Completed in 2352ms
472 timing reifyNode:node_modules/buffer-from Completed in 2353ms
473 timing reifyNode:node_modules/brace-expansion Completed in 2353ms
474 timing reifyNode:node_modules/bindings Completed in 2353ms
475 timing reifyNode:node_modules/at-least-node Completed in 2360ms
476 timing reifyNode:node_modules/abbrev Completed in 2361ms
477 timing reifyNode:node_modules/@webassemblyjs/helper-wasm-bytecode Completed in 2362ms
478 timing reifyNode:node_modules/@types/yargs-parser Completed in 2364ms
479 timing reifyNode:node_modules/@types/ms Completed in 2364ms
480 timing reifyNode:node_modules/@types/keyv Completed in 2365ms
481 timing reifyNode:node_modules/@types/json5 Completed in 2365ms
482 timing reifyNode:node_modules/@types/istanbul-lib-report Completed in 2366ms
483 timing reifyNode:node_modules/@types/http-cache-semantics Completed in 2367ms
484 timing reifyNode:node_modules/@types/istanbul-reports Completed in 2367ms
485 timing reifyNode:node_modules/@types/graceful-fs Completed in 2368ms
486 timing reifyNode:node_modules/@types/eslint-scope Completed in 2367ms
487 timing reifyNode:node_modules/@types/debug Completed in 2367ms
488 timing reifyNode:node_modules/@types/cacheable-request Completed in 2368ms
489 timing reifyNode:node_modules/@types/babel__template Completed in 2368ms
490 timing reifyNode:node_modules/@types/stack-utils Completed in 2370ms
491 timing reifyNode:node_modules/@types/stack-trace Completed in 2371ms
492 timing reifyNode:node_modules/@npmcli/node-gyp Completed in 2369ms
493 timing reifyNode:node_modules/tsconfig-paths/node_modules/strip-bom Completed in 2425ms
494 timing reifyNode:node_modules/tar-fs/node_modules/chownr Completed in 2426ms
495 timing reifyNode:node_modules/sequelize-cli/node_modules/wrap-ansi Completed in 2421ms
496 timing reifyNode:node_modules/sqlite3/node_modules/@npmcli/move-file Completed in 2424ms
497 timing reifyNode:node_modules/pkg-up/node_modules/path-exists Completed in 2416ms
498 timing reifyNode:node_modules/rc/node_modules/strip-json-comments Completed in 2420ms
499 timing reifyNode:node_modules/pkg-up/node_modules/p-locate Completed in 2417ms
500 timing reifyNode:node_modules/pkg-up/node_modules/locate-path Completed in 2418ms
501 timing reifyNode:node_modules/import-fresh/node_modules/resolve-from Completed in 2404ms
502 timing reifyNode:node_modules/cliui/node_modules/wrap-ansi Completed in 2431ms
503 timing reifyNode:node_modules/debug/node_modules/ms Completed in 2432ms
504 timing reifyNode:node_modules/yocto-queue Completed in 2479ms
505 timing reifyNode:node_modules/write-file-atomic Completed in 2478ms
506 timing reifyNode:node_modules/xdg-basedir Completed in 2479ms
507 timing reifyNode:node_modules/wrap-ansi Completed in 2478ms
508 timing reifyNode:node_modules/widest-line Completed in 2479ms
509 timing reifyNode:node_modules/validate-npm-package-name Completed in 2477ms
510 timing reifyNode:node_modules/vary Completed in 2477ms
511 timing reifyNode:node_modules/untildify Completed in 2478ms
512 timing reifyNode:node_modules/unique-string Completed in 2478ms
513 timing reifyNode:node_modules/type-is Completed in 2477ms
514 timing reifyNode:node_modules/tunnel-agent Completed in 2477ms
515 timing reifyNode:node_modules/to-regex-range Completed in 2477ms
516 timing reifyNode:node_modules/tmpl Completed in 2478ms
517 timing reifyNode:node_modules/toidentifier Completed in 2478ms
518 timing reifyNode:node_modules/tildify Completed in 2479ms
519 timing reifyNode:node_modules/supports-color Completed in 2478ms
520 timing reifyNode:node_modules/strip-json-comments Completed in 2479ms
521 timing reifyNode:node_modules/strip-ansi Completed in 2478ms
522 timing reifyNode:node_modules/strip-bom Completed in 2478ms
523 timing reifyNode:node_modules/strip-ansi-cjs Completed in 2478ms
524 timing reifyNode:node_modules/string-width Completed in 2479ms
525 timing reifyNode:node_modules/string-width-cjs Completed in 2479ms
526 timing reifyNode:node_modules/string-length Completed in 2479ms
527 timing reifyNode:node_modules/stack-utils Completed in 2480ms
528 timing reifyNode:node_modules/slash Completed in 2478ms
529 timing reifyNode:node_modules/signal-exit Completed in 2478ms
530 timing reifyNode:node_modules/shebang-regex Completed in 2478ms
531 timing reifyNode:node_modules/set-blocking Completed in 2478ms
532 timing reifyNode:node_modules/serialize-javascript Completed in 2479ms
533 timing reifyNode:node_modules/semver-diff Completed in 2479ms
534 timing reifyNode:node_modules/responselike Completed in 2484ms
535 timing reifyNode:node_modules/resolve-from Completed in 2484ms
536 timing reifyNode:node_modules/resolve-cwd Completed in 2484ms
537 timing reifyNode:node_modules/registry-url Completed in 2484ms
538 timing reifyNode:node_modules/real-require Completed in 2485ms
539 timing reifyNode:node_modules/read-package-json Completed in 2486ms
540 timing reifyNode:node_modules/read-package-json-fast Completed in 2486ms
541 timing reifyNode:node_modules/queue-microtask Completed in 2484ms
542 timing reifyNode:node_modules/pug-walk Completed in 2484ms
543 timing reifyNode:node_modules/pug-linker Completed in 2485ms
544 timing reifyNode:node_modules/pug-load Completed in 2485ms
545 timing reifyNode:node_modules/pkg-up Completed in 2484ms
546 timing reifyNode:node_modules/quick-lru Completed in 2488ms
547 timing reifyNode:node_modules/media-typer Completed in 2476ms
548 timing reifyNode:node_modules/lru-cache Completed in 2476ms
549 timing reifyNode:node_modules/locate-path Completed in 2476ms
550 timing reifyNode:node_modules/leven Completed in 2476ms
551 timing reifyNode:node_modules/latest-version Completed in 2476ms
552 timing reifyNode:node_modules/path-key Completed in 2485ms
553 timing reifyNode:node_modules/kleur Completed in 2480ms
554 timing reifyNode:node_modules/jest-regex-util Completed in 2479ms
555 timing reifyNode:node_modules/jest-get-type Completed in 2480ms
556 timing reifyNode:node_modules/isobject Completed in 2480ms
557 timing reifyNode:node_modules/is-stream Completed in 2479ms
558 timing reifyNode:node_modules/is-plain-object Completed in 2481ms
559 timing reifyNode:node_modules/is-path-inside Completed in 2481ms
560 timing reifyNode:node_modules/is-generator-fn Completed in 2480ms
561 timing reifyNode:node_modules/is-glob Completed in 2481ms
562 timing reifyNode:node_modules/is-binary-path Completed in 2481ms
563 timing reifyNode:node_modules/is-expression Completed in 2482ms
564 timing reifyNode:node_modules/inherits Completed in 2482ms
565 timing reifyNode:node_modules/import-lazy Completed in 2482ms
566 timing reifyNode:node_modules/ieee754 Completed in 2483ms
567 timing reifyNode:node_modules/http-errors Completed in 2482ms
568 timing reifyNode:node_modules/humanize-ms Completed in 2484ms
569 timing reifyNode:node_modules/has-yarn Completed in 2489ms
570 timing reifyNode:node_modules/has-flag Completed in 2488ms
571 timing reifyNode:node_modules/global-dirs Completed in 2489ms
572 timing reifyNode:node_modules/get-stdin Completed in 2488ms
573 timing reifyNode:node_modules/forwarded Completed in 2489ms
574 timing reifyNode:node_modules/fill-range Completed in 2488ms
575 timing reifyNode:node_modules/fastify-method-override Completed in 2489ms
576 timing reifyNode:node_modules/env-paths Completed in 2485ms
577 timing reifyNode:node_modules/cookie-signature Completed in 2484ms
578 timing reifyNode:node_modules/config-chain Completed in 2483ms
579 timing reifyNode:node_modules/bser Completed in 2486ms
580 timing reifyNode:node_modules/assert-never Completed in 2486ms
581 timing reifyNode:node_modules/array-union Completed in 2489ms
582 timing reifyNode:node_modules/aproba Completed in 2488ms
583 timing reifyNode:node_modules/anymatch Completed in 2488ms
584 timing reifyNode:node_modules/ansi-regex Completed in 2489ms
585 timing reifyNode:node_modules/ansi-align Completed in 2489ms
586 timing reifyNode:node_modules/aggregate-error Completed in 2490ms
587 timing reifyNode:node_modules/@webassemblyjs/ieee754 Completed in 2502ms
588 timing reifyNode:node_modules/@webassemblyjs/helper-numbers Completed in 2502ms
589 timing reifyNode:node_modules/@webassemblyjs/floating-point-hex-parser Completed in 2503ms
590 timing reifyNode:node_modules/@npmcli/installed-package-contents Completed in 2502ms
591 warn deprecated @npmcli/move-file@2.0.1: This functionality has been moved to @npmcli/fs
592 timing reifyNode:node_modules/@npmcli/move-file Completed in 2502ms
593 timing reifyNode:node_modules/@jest/globals Completed in 2502ms
594 timing reifyNode:node_modules/@babel/plugin-syntax-optional-chaining Completed in 2500ms
595 timing reifyNode:node_modules/@babel/plugin-syntax-numeric-separator Completed in 2500ms
596 timing reifyNode:node_modules/@babel/plugin-syntax-json-strings Completed in 2501ms
597 timing reifyNode:node_modules/@babel/plugin-syntax-top-level-await Completed in 2502ms
598 timing reifyNode:node_modules/@babel/plugin-syntax-object-rest-spread Completed in 2502ms
599 timing reifyNode:node_modules/@babel/plugin-syntax-nullish-coalescing-operator Completed in 2503ms
600 timing reifyNode:node_modules/@babel/plugin-syntax-logical-assignment-operators Completed in 2503ms
601 timing reifyNode:node_modules/@babel/plugin-syntax-optional-catch-binding Completed in 2504ms
602 timing reifyNode:node_modules/@babel/plugin-syntax-import-meta Completed in 2505ms
603 timing reifyNode:node_modules/@babel/plugin-syntax-bigint Completed in 2505ms
604 timing reifyNode:node_modules/@babel/plugin-syntax-async-generators Completed in 2504ms
605 timing reifyNode:node_modules/@babel/plugin-syntax-class-properties Completed in 2506ms
606 timing reifyNode:node_modules/wrap-ansi/node_modules/ansi-regex Completed in 2564ms
607 timing reifyNode:node_modules/@aashutoshrathi/word-wrap Completed in 2505ms
608 timing reifyNode:node_modules/wrap-ansi/node_modules/strip-ansi Completed in 2565ms
609 timing reifyNode:node_modules/widest-line/node_modules/strip-ansi Completed in 2565ms
610 timing reifyNode:node_modules/widest-line/node_modules/ansi-regex Completed in 2564ms
611 timing reifyNode:node_modules/wrap-ansi/node_modules/string-width Completed in 2566ms
612 timing reifyNode:node_modules/widest-line/node_modules/string-width Completed in 2566ms
613 timing reifyNode:node_modules/terser-webpack-plugin/node_modules/supports-color Completed in 2561ms
614 timing reifyNode:node_modules/sqlite3/node_modules/lru-cache Completed in 2560ms
615 timing reifyNode:node_modules/semver/node_modules/lru-cache Completed in 2559ms
616 timing reifyNode:node_modules/stack-utils/node_modules/escape-string-regexp Completed in 2562ms
617 timing reifyNode:node_modules/responselike/node_modules/lowercase-keys Completed in 2558ms
618 timing reifyNode:node_modules/read-package-json-fast/node_modules/json-parse-even-better-errors Completed in 2558ms
619 timing reifyNode:node_modules/read-package-json/node_modules/json-parse-even-better-errors Completed in 2559ms
620 timing reifyNode:node_modules/pkg-up/node_modules/p-limit Completed in 2555ms
621 timing reifyNode:node_modules/pkg-dir/node_modules/p-locate Completed in 2554ms
622 timing reifyNode:node_modules/pkg-dir/node_modules/p-limit Completed in 2554ms
623 timing reifyNode:node_modules/pkg-dir/node_modules/locate-path Completed in 2555ms
624 timing reifyNode:node_modules/npm-check-updates/node_modules/ansi-regex Completed in 2552ms
625 timing reifyNode:node_modules/npm-check-updates/node_modules/ini Completed in 2552ms
626 timing reifyNode:node_modules/npm-check-updates/node_modules/strip-json-comments Completed in 2553ms
627 timing reifyNode:node_modules/node-gyp/node_modules/unique-slug Completed in 2552ms
628 timing reifyNode:node_modules/jest-worker/node_modules/supports-color Completed in 2549ms
629 timing reifyNode:node_modules/jest-validate/node_modules/camelcase Completed in 2549ms
630 timing reifyNode:node_modules/js-beautify/node_modules/abbrev Completed in 2550ms
631 timing reifyNode:node_modules/fastify-objectionjs/node_modules/pg-connection-string Completed in 2541ms
632 timing reifyNode:node_modules/fast-glob/node_modules/glob-parent Completed in 2541ms
633 timing reifyNode:node_modules/concurrently/node_modules/supports-color Completed in 2544ms
634 timing reifyNode:node_modules/eslint/node_modules/escape-string-regexp Completed in 2548ms
635 timing reifyNode:node_modules/cacheable-request/node_modules/lowercase-keys Completed in 2544ms
636 timing reifyNode:node_modules/chokidar/node_modules/glob-parent Completed in 2544ms
637 timing reifyNode:node_modules/boxen/node_modules/strip-ansi Completed in 2543ms
638 timing reifyNode:node_modules/boxen/node_modules/ansi-regex Completed in 2544ms
639 timing reifyNode:node_modules/boxen/node_modules/string-width Completed in 2544ms
640 timing reifyNode:node_modules/cacache/node_modules/unique-slug Completed in 2545ms
641 timing reifyNode:node_modules/@istanbuljs/load-nyc-config/node_modules/locate-path Completed in 2536ms
642 timing reifyNode:node_modules/@istanbuljs/load-nyc-config/node_modules/p-limit Completed in 2536ms
643 timing reifyNode:node_modules/@isaacs/cliui/node_modules/ansi-regex Completed in 2536ms
644 timing reifyNode:node_modules/@istanbuljs/load-nyc-config/node_modules/p-locate Completed in 2536ms
645 timing reifyNode:node_modules/@isaacs/cliui/node_modules/string-width Completed in 2537ms
646 timing reifyNode:node_modules/yallist Completed in 2595ms
647 timing reifyNode:node_modules/walker Completed in 2594ms
648 timing reifyNode:node_modules/util-deprecate Completed in 2593ms
649 timing reifyNode:node_modules/tree-kill Completed in 2594ms
650 timing reifyNode:node_modules/string_decoder Completed in 2593ms
651 timing reifyNode:node_modules/spdx-correct Completed in 2592ms
652 timing reifyNode:node_modules/sisteransi Completed in 2591ms
653 timing reifyNode:node_modules/set-cookie-parser Completed in 2590ms
654 timing reifyNode:node_modules/proxy-addr Completed in 2587ms
655 timing reifyNode:node_modules/p-cancelable Completed in 2582ms
656 timing reifyNode:node_modules/lines-and-columns Completed in 2577ms
657 timing reifyNode:node_modules/makeerror Completed in 2578ms
658 timing reifyNode:node_modules/js-tokens Completed in 2580ms
659 timing reifyNode:node_modules/jest-leak-detector Completed in 2579ms
660 timing reifyNode:node_modules/jest-docblock Completed in 2579ms
661 timing reifyNode:node_modules/is-ci Completed in 2577ms
662 timing reifyNode:node_modules/ignore-walk Completed in 2576ms
663 timing reifyNode:node_modules/glob-to-regexp Completed in 2575ms
664 timing reifyNode:node_modules/get-caller-file Completed in 2574ms
665 timing reifyNode:node_modules/cacheable-request Completed in 2565ms
666 timing reifyNode:node_modules/color-support Completed in 2566ms
667 timing reifyNode:node_modules/collect-v8-coverage Completed in 2569ms
668 timing reifyNode:node_modules/base64-js Completed in 2570ms
669 timing reifyNode:node_modules/babel-plugin-jest-hoist Completed in 2570ms
670 timing reifyNode:node_modules/atomic-sleep Completed in 2571ms
671 timing reifyNode:node_modules/ansi-escapes Completed in 2572ms
672 timing reifyNode:node_modules/ansi-styles Completed in 2573ms
673 timing reifyNode:node_modules/@webpack-cli/serve Completed in 2583ms
674 timing reifyNode:node_modules/@webpack-cli/info Completed in 2583ms
675 timing reifyNode:node_modules/balanced-match Completed in 2587ms
676 timing reifyNode:node_modules/@webpack-cli/configtest Completed in 2585ms
677 timing reifyNode:node_modules/@types/json-schema Completed in 2586ms
678 timing reifyNode:node_modules/@tufjs/canonical-json Completed in 2585ms
679 timing reifyNode:node_modules/@types/babel__core Completed in 2586ms
680 timing reifyNode:node_modules/@jest/test-sequencer Completed in 2585ms
681 timing reifyNode:node_modules/@jest/schemas Completed in 2585ms
682 timing reifyNode:node_modules/@jest/environment Completed in 2586ms
683 timing reifyNode:node_modules/@istanbuljs/load-nyc-config Completed in 2585ms
684 timing reifyNode:node_modules/@fastify/accept-negotiator Completed in 2584ms
685 timing reifyNode:node_modules/@babel/helper-split-export-declaration Completed in 2585ms
686 timing reifyNode:node_modules/@babel/helper-hoist-variables Completed in 2585ms
687 timing reifyNode:node_modules/@babel/helper-plugin-utils Completed in 2586ms
688 timing reifyNode:node_modules/@babel/helper-environment-visitor Completed in 2586ms
689 timing reifyNode:node_modules/wrap-ansi/node_modules/ansi-styles Completed in 2646ms
690 timing reifyNode:node_modules/@babel/plugin-syntax-typescript Completed in 2588ms
691 timing reifyNode:node_modules/youch/node_modules/cookie Completed in 2647ms
692 timing reifyNode:node_modules/pretty-format/node_modules/ansi-styles Completed in 2632ms
693 timing reifyNode:node_modules/pino-abstract-transport/node_modules/split2 Completed in 2631ms
694 timing reifyNode:node_modules/pgpass/node_modules/split2 Completed in 2631ms
695 timing reifyNode:node_modules/pacote/node_modules/fs-minipass Completed in 2628ms
696 timing reifyNode:node_modules/npm-check-updates/node_modules/brace-expansion Completed in 2628ms
697 timing reifyNode:node_modules/node-gyp/node_modules/brace-expansion Completed in 2627ms
698 timing reifyNode:node_modules/lru-cache/node_modules/yallist Completed in 2626ms
699 timing reifyNode:node_modules/ignore-walk/node_modules/brace-expansion Completed in 2620ms
700 timing reifyNode:node_modules/help-me/node_modules/brace-expansion Completed in 2620ms
701 timing reifyNode:node_modules/glob/node_modules/brace-expansion Completed in 2620ms
702 timing reifyNode:node_modules/editorconfig/node_modules/brace-expansion Completed in 2614ms
703 timing reifyNode:node_modules/cacache/node_modules/fs-minipass Completed in 2630ms
704 timing reifyNode:node_modules/configstore/node_modules/write-file-atomic Completed in 2633ms
705 timing reifyNode:node_modules/@tufjs/models/node_modules/brace-expansion Completed in 2626ms
706 timing reifyNode:node_modules/which Completed in 2685ms
707 timing reifyNode:node_modules/unique-slug Completed in 2684ms
708 timing reifyNode:node_modules/update-notifier Completed in 2685ms
709 timing reifyNode:node_modules/stack-trace Completed in 2687ms
710 timing reifyNode:node_modules/statuses Completed in 2688ms
711 timing reifyNode:node_modules/xtend Completed in 2696ms
712 timing reifyNode:node_modules/simple-concat Completed in 2687ms
713 timing reifyNode:node_modules/setprototypeof Completed in 2687ms
714 timing reifyNode:node_modules/regenerator-runtime Completed in 2694ms
715 timing reifyNode:node_modules/readdirp Completed in 2695ms
716 timing reifyNode:node_modules/pump Completed in 2693ms
717 timing reifyNode:node_modules/pug-code-gen Completed in 2692ms
718 timing reifyNode:node_modules/normalize-url Completed in 2685ms
719 timing reifyNode:node_modules/make-promises-safe Completed in 2683ms
720 timing reifyNode:node_modules/keyv Completed in 2683ms
721 timing reifyNode:node_modules/jstransformer Completed in 2683ms
722 timing reifyNode:node_modules/loader-runner Completed in 2687ms
723 timing reifyNode:node_modules/interpret Completed in 2682ms
724 timing reifyNode:node_modules/http-cache-semantics Completed in 2682ms
725 timing reifyNode:node_modules/content-disposition Completed in 2680ms
726 timing reifyNode:node_modules/boxen Completed in 2690ms
727 timing reifyNode:node_modules/binary-extensions Completed in 2691ms
728 timing reifyNode:node_modules/babel-preset-current-node-syntax Completed in 2691ms
729 timing reifyNode:node_modules/@xtuc/ieee754 Completed in 2709ms
730 timing reifyNode:node_modules/@szmarczak/http-timer Completed in 2710ms
731 timing reifyNode:node_modules/@jest/expect Completed in 2719ms
732 timing reifyNode:node_modules/@jest/source-map Completed in 2719ms
733 timing reifyNode:node_modules/@istanbuljs/schema Completed in 2722ms
734 timing reifyNode:node_modules/@humanwhocodes/config-array Completed in 2724ms
735 timing reifyNode:node_modules/@fastify/deepmerge Completed in 2726ms
736 timing reifyNode:node_modules/webpack/node_modules/graceful-fs Completed in 2791ms
737 timing reifyNode:node_modules/sqlite3/node_modules/ssri Completed in 2785ms
738 timing reifyNode:node_modules/cacheable-request/node_modules/get-stream Completed in 2772ms
739 timing reifyNode:node_modules/update-browserslist-db Completed in 2819ms
740 timing reifyNode:node_modules/typedarray-to-buffer Completed in 2819ms
741 timing reifyNode:node_modules/type-detect Completed in 2820ms
742 timing reifyNode:node_modules/type-check Completed in 2820ms
743 timing reifyNode:node_modules/ssri Completed in 2819ms
744 timing reifyNode:node_modules/spdx-expression-parse Completed in 2818ms
745 timing reifyNode:node_modules/socks-proxy-agent Completed in 2817ms
746 timing reifyNode:node_modules/semver-utils Completed in 2823ms
747 timing reifyNode:node_modules/safe-buffer Completed in 2823ms
748 timing reifyNode:node_modules/rimraf Completed in 2823ms
749 timing reifyNode:node_modules/require-directory Completed in 2832ms
750 timing reifyNode:node_modules/randombytes Completed in 2831ms
751 timing reifyNode:node_modules/punycode Completed in 2830ms
752 timing reifyNode:node_modules/pug-lexer Completed in 2831ms
753 timing reifyNode:node_modules/pug-filters Completed in 2830ms
754 timing reifyNode:node_modules/split2 Completed in 2838ms
755 timing reifyNode:node_modules/node-int64 Completed in 2824ms
756 timing reifyNode:node_modules/js-stringify Completed in 2820ms
757 timing reifyNode:node_modules/jest Completed in 2819ms
758 timing reifyNode:node_modules/fastify-reverse-routes Completed in 2817ms
759 timing reifyNode:node_modules/cacheable-lookup Completed in 2827ms
760 timing metavuln:cache:get:security-advisory:@babel/helpers:+NsF1flAI8VENgJn0XVIWaC4lCe3b89AZgBOx219qXn/BdXH1EWl/yD49aHbhQimIG4kna8zgkunsmpiAVwNPQ== Completed in 1294ms
761 timing metavuln:cache:get:security-advisory:glob:NTB2XjbDOgk4lkd8PZ3tUAm1F3E/ohGF6rl9/3LEO7Z0FDzSR5nWwzd3nUENA3NCNdyeR+35DOC12wPml2IV+g== Completed in 1289ms
762 timing metavuln:cache:get:security-advisory:@babel/runtime:xDaNmlS3J8LRk7IfDb7e9Gp3gcy/xDr1QZXCKC997SMkqKVemm2guY9vQpRI6omD11L5cfCI+STpoAdxUgnVsA== Completed in 1292ms
763 timing metavuln:cache:get:security-advisory:ajv:u4HOZ0QFYFTDLqnZ5TPSC8VEvP+HMuGcZACJuTqG8bm/gunrgkQwsiiH2pbF9tNIl45RK0sW2ccPzEojb1k0xQ== Completed in 1291ms
764 timing metavuln:cache:get:security-advisory:ajv:URErmxoyazZWR5lFcXpgTkGsbkrUBDlzD8W6txjBw2wZoOC7oHjHFfCrRr/VnGeJvbyUY9E2jxrL8p2XbwfP8g== Completed in 1291ms
765 timing metavuln:cache:get:security-advisory:js-yaml:621IdjBdZEeVoUcjWGl1jXN0jFDGaf7dIQMeaPVKf5MxqYprJztiOC0OHOUPVoayh7Cq/fTC8L5CqEb98qlE7w== Completed in 1290ms
766 timing metavuln:cache:get:security-advisory:@tootallnate/once:Bij+qufwr7God+MYI0JIFJYEDFT3IlGllIhDaMb6DB6UZOYpGBBfXc1Jq59Wdg/M2NdGRUO2+zYnIEZHW42YDw== Completed in 1289ms
767 timing metavuln:cache:get:security-advisory:js-yaml:MQ5RokLIvrWmT8/NQU0dD+jQ+6pFslHlaXx1Z5q7mESITohR8AwLT525ddIc2KvKZYbB1p5yclW3kV4xeRYXEg== Completed in 1291ms
768 timing metavuln:cache:get:security-advisory:minimatch:B00WbbnnDNaFGA7l9BgrTioYpRMzU4+U8SUF8cn65LwArJAK0O380QwyP/UyxPr7i9XUjX9/AADC41/edu9OrA== Completed in 1287ms
769 timing metavuln:cache:get:security-advisory:brace-expansion:ZHzAtnciS42HIMtUGajCifTIrkCUkWb93u/V1lJEt9HzdJ+ypMofn/dKgSOaziPQj+WGAcGS7t7WdPUHJBz0LA== Completed in 1288ms
770 timing metavuln:cache:get:security-advisory:brace-expansion:kIHgu1L8zIy7pY0wp6wYzUm7tst3xTM2tiSYrstcGK/XsO7o4p6zyuUSjq93oH1dvU2tbEvlSW+gaNbGIbeudw== Completed in 1288ms
771 timing metavuln:cache:get:security-advisory:minimatch:/utMkAt3a6jSPsaWIJ1J7tAb7G+ccGxNsymbhFTVWOMIyhRZOJ9QR0zn1SNtejrdUO5fsO4RDJKDMI6C5/bkuw== Completed in 1288ms
772 timing metavuln:cache:get:security-advisory:minimatch:kx7kRjUmjSYmgQBpfsU82Na4xORZqvqpRRSlOyPLadasPBl0YfFJCjIETC00BG7Gd2omQLizgz8/GnnE/hk+Jw== Completed in 1288ms
773 timing metavuln:cache:get:security-advisory:brace-expansion:mClmYqWawCNXseeTBHWiIwZH/2CmFUqPCmosJIeOhAgD9z1v3SayhHAwaWVo8wmeKU/JN9VP4zDBeXaqy3Ay2A== Completed in 1289ms
774 timing metavuln:cache:get:security-advisory:brace-expansion:7IQMvcVTr+svbh5KCx4Kl6FQKJ1GciM03BnJAve/5WYJjUeRzKAIrStVpfachbl3T6a7o8nYlQEVG6Ih0TNXRg== Completed in 1290ms
775 timing metavuln:cache:get:security-advisory:minimatch:tJ9Z2VGWqiQfLaVKxc9K/6Rz1g70Mpl3An4UK+K1lyHdz27vYPzhMIkC4jRGAN2wpssY+8l13Ql259B6zkaX/Q== Completed in 1289ms
776 timing metavuln:cache:get:security-advisory:minimatch:V/3cIcyAQcG1bwuH0e0PI9Qt5WRtbvb/WOz2mBxAfNzXf+Dvs9G1X05eHjnPq2b0TJY4zXXpqhCAkRAipgk3iQ== Completed in 1290ms
777 timing metavuln:cache:get:security-advisory:minimatch:tdaAHfWGUw/nl/W8ALWVH+LvG2E3gvo3P2FI/fVPxm3aZteLxWMOEuk/9iDk5O0/cZN/GRXnabt/mW/bfUoL/g== Completed in 1289ms
778 timing metavuln:cache:get:security-advisory:minimatch:txOieOIAfgHfBPiN09+pYAjPLRzgUOz3D3illtf9vTzeqs41QJZjfj5jVXCi/3ICpBX0YlJi/ghdWSjCJwNtwA== Completed in 1289ms
779 timing metavuln:cache:get:security-advisory:cross-spawn:PBcc/5P1UEO/1Ba/jUNR65wOzs1wU0Y+m+OOSfB57dG5EajzjbqRMRm0l7MWqcJgHDYM5GoZ36Hm7qAYFlIH3A== Completed in 1289ms
780 timing metavuln:cache:get:security-advisory:minimatch:IBqefxF0lKwSFXzwGHp5L8khqSaPYY99x0GHtXNH4YxtdIexeL4FFPzrnnBvkhgmGDEWHo3XAgpPYGyM1jidQQ== Completed in 1290ms
781 timing metavuln:cache:get:security-advisory:minimatch:d1vHbFmApmPZ8D7tU5wibuYDk+ODEPdqBqmhQYykwFs/yMixetMkwY01zYVdWNOsg0NvkvSTlNgJ2ddzclruSA== Completed in 1290ms
782 timing metavuln:cache:get:security-advisory:dottie:0ACVlgh2XixrZ76V6Aw4AGmXe/vScI8AGIUQKFGZaYZxp4MyNabKSDBfLcT9XlERSFeHYQ9hiMRtZaHo1b3mTw== Completed in 1290ms
783 timing metavuln:cache:get:security-advisory:cookie:EFt7h/FZLeopARa06+F2CBY5ItUm007mP/cHgZjTJZX1MeIwg3JD7toSioRoDeE8wm5VdkimqlS+CnuPhZqbIg== Completed in 1291ms
784 timing metavuln:cache:get:security-advisory:braces:JiXBFkEDkUnBQLw3PO6emUmmm2JXqgEbh+FhB3SNDS8k6Z0wM20irrfaOjjxYuMxZaKaDudvR037mtEoeqZzXw== Completed in 1292ms
785 timing metavuln:cache:get:security-advisory:fastify:5OdrwYv5Xzq+rI3bchsuaHIz85Yyo5gTdhOrQGf2Em7pRhXXR2ur0R7W7qQ6UpWsSxuRBW8Fdp57dyqUhR5/yw== Completed in 1289ms
786 timing metavuln:cache:get:security-advisory:fastify:vrddC5kD1iC6bjQC2yMAnNLy1/+VmRDX3Vr+8eGmbbd/ikD6VgNiIpwTn2TMS3TAzr8ZR+5OeLpu/4I5U8QBKA== Completed in 1289ms
787 timing metavuln:cache:get:security-advisory:markdown-it:745Vt4mrHCdT8gFHVh7oHROmP4aH4fErXXhbpeVBhtIHmsxTVI7P3rJSdfXZ1iZTBS6GEnTERL4OWUfc4Co9jQ== Completed in 1282ms
788 timing metavuln:cache:get:security-advisory:find-my-way:ncPGiupWBmuLy3osYbi6NeA3zAkV0H2ETbz204QySGfjGMvhOUrckXpvAqjVyzsYU9NNJZrPHuMSulTPi+/bfw== Completed in 1290ms
789 timing metavuln:cache:get:security-advisory:flatted:uMG/3R828PE31LVzr7SnM2pFAXessH3XoRtonZYiGJtZfR5a//VWhmdMxy/RepstCydCDFxkci7fqEuzEvhnAA== Completed in 1288ms
790 timing metavuln:cache:get:security-advisory:flatted:oa7V2KnuHnLCPcrXFvcQLRAa1NASGJm9yZ+B92xpfwxan7PZyVrZjYAHt6LB51PFfA2mM8KGE+VHR+U5X/2uZw== Completed in 1289ms
791 timing metavuln:cache:get:security-advisory:ip:kueZWtHx2OlOfcgg7jCuzsMg1G+hSWSz46I4qS9A9YkI1yyLIkm6qmb9EAp6afwx9qKW96Z5AKmkLgtElUvJrg== Completed in 1289ms
792 timing metavuln:cache:get:security-advisory:ip:FcMhhitnipE8n5zCPiVRq2NLRNmu7UZkoO9lrM5CRC/emGwY5wSoa1+q1Q1Z8SPpfXO9tzox/MNRv7luhyJvqg== Completed in 1289ms
793 timing metavuln:cache:get:security-advisory:picomatch:GSQ5ghUF1JWDKMssoydWDVRebjlPePRwktLhrdWzXCq5xeBXdo4Cm9HGHnH2b6P1Nq93YjwPmimVjAx6kge32A== Completed in 1283ms
794 timing metavuln:cache:get:security-advisory:lodash:OGNA5lR8rR8aeucWHqvJLBV5oaroI/lF2JfG9J2l63dx9uiGUyHuI4ymC6nv+dqWwxtqCIMcqBukiWYEiF5/RQ== Completed in 1290ms
795 timing metavuln:cache:get:security-advisory:nanoid:SvMVdtEUVO5ESues2DL9aEFMy6oMG+saOn/tNitKJcx7q7CvMfC5ZcstpC8dbnZl5KL/q/3pYBvQrAPBFsC+nQ== Completed in 1284ms
796 timing metavuln:cache:get:security-advisory:micromatch:TlYHmS8BZBwkbsPHbTfH2/e91KJnOnqfC63ZoKdiRy+yt6biPd8BwjBdyfPUht1+ZO675I3Gg00RQPYaWiOm8Q== Completed in 1285ms
797 timing metavuln:cache:get:security-advisory:pug-code-gen:jYtA+ua4XfswkuObBtnwWn2fYvQUK4ca+Iv1+bqgs4mXRLiX4zUdwwNSawL0T4CvKtEq8q6TFgvFydQ8OKg+/Q== Completed in 1283ms
798 timing metavuln:cache:get:security-advisory:path-to-regexp:TmkHz1g6xKc2pnDD1h6+ZDKMikxz0M1BBY/wyR9ER8446AKOUk6gXjoSR2douZ5enAllzNSKaynTW1H+LBi1CA== Completed in 1285ms
799 timing metavuln:cache:get:security-advisory:pug:q1QCNIb5doZm6I3eRGcu7TI0K8fyc7dAf2McLW9B8u9n+aVFF2mdYrDZecswkGEqvp/OYAJdtseKaRANUQq8pQ== Completed in 1285ms
800 timing metavuln:cache:get:security-advisory:picomatch:H8EHkZXRRUdil3DyUl8tc8lCQUliQzjc5H5D4llqFojH152sBqO1suz3XiNiRQT++wJdWkgXe/zFc/Bbrrz6ng== Completed in 1285ms
801 timing metavuln:cache:get:security-advisory:qs:vVSN+MRVpdux32gCUfPGidHUGmS/0G5Ziwtmb1YXw3NARw1r47LtySeR7yFf/LZ4sKzi41443WWDDZzPHuCh9g== Completed in 1284ms
802 timing metavuln:cache:get:security-advisory:qs:iChjlXxtVMTpyXsUse674XoeCayLW4gF6rE7sQcXvHRFegwpM44fUr9Eqlmsmu+S9udu9w9eZmpzcAcyiUJMIQ== Completed in 1285ms
803 timing metavuln:cache:get:security-advisory:tar:vbDW3SJe6e2hhLv65iuyXehzCzEAirdu2MloZluu8ApJ5S0mpjZNCz+7tMRaz8WDOzMKfYQKi/M/IfcFNOa3Cw== Completed in 1284ms
804 timing metavuln:cache:get:security-advisory:serialize-javascript:YrpAzJikcaEK6U7y11zmmRITGnSTqoXdMRbxLiMf/nPn9B5sJrSY0SS0JQJpCtWZWBD1YeLrOPjFv5fBwOa8Rw== Completed in 1285ms
805 timing metavuln:cache:get:security-advisory:sequelize:wjhMoLZiiqIacD4+V2lI9921Z2ZeJryL/EpzUzvbYcIegwFDJzNWjjO/YQBa50uUmoyjfCuJxHX0z9qwD769Dg== Completed in 1286ms
806 timing metavuln:cache:get:security-advisory:tar:cbwMpzkxWE086TmEbj2aUk80Z6hlvP0jzlWS+XiX15JwqEtFzUgHyHj3QX4I6EZYk8tgcYPuNr3hYFVCQY6e3Q== Completed in 1285ms
807 timing metavuln:cache:get:security-advisory:tar:eeMx7uxRjV2T2ub1XcSZGVUMDQllh5SgBOjApRXoDwccZb2xPyoJEKCNDkl/ZQGHcurw9K/Nf+wQF6u7SWH6CQ== Completed in 1285ms
808 timing metavuln:cache:get:security-advisory:serialize-javascript:VNhzhjSQJJPSfVWQUXMpEy6hsW23faurQllLlGbSJ7QrUHjncb9PKDTQYw8APRVBzMug+7YJc5EWXV6SYvPIiw== Completed in 1287ms
809 timing metavuln:cache:get:security-advisory:tar:Bbf0Br7FJ1lJBIJDoLLFwjsDrbaYgLVqfrwr0ATzSQWEKW7Xp073S+5zxU9imRf4OqRJHo2MsCDeyKR0KRVsdA== Completed in 1286ms
810 timing metavuln:cache:get:security-advisory:tar-fs:1dRVXY1/KAgNRzluJejkcnnY74RNVCtUBdSLW4DLR6KPpPmll6CDT96fyxIYOX7Nsq4AChUF8ivPlQmppqQqYw== Completed in 1286ms
811 timing metavuln:cache:get:security-advisory:tar:xsfciMtNhQn+Vb692L8h5HEYBYUJ5Lhjy3bF//LOsKSn8tp0f1hbuDX26k9UtKJNPZjM5uuq2Cxlz3KwL19oJg== Completed in 1287ms
812 timing metavuln:cache:get:security-advisory:tar:qPQeYPFDBIedTWfYK3sbnScF6Ha7ouTs+wgndnz4PT5P+/K+GBD4epoPcYpXlu6AC7gSJlCJTJeuKbYAFoK9PA== Completed in 1287ms
813 timing metavuln:cache:get:security-advisory:validator:IkyJOqfhkev0E9tRX4zbgkqtsxJX67cd4upO2f1EheDpncnx522qyf9oLyXwjDcWGeZOQHSqJUAh/kUyYH60qQ== Completed in 1287ms
814 timing metavuln:cache:get:security-advisory:tar:UWW3Y4BpqE/fE3Qp2/QBaix5a7TZZoP7gM6asxPYL9ED9MweoK3ryao+Bp0Y6Y8Xds/rmjAafpG21YRYkP3N4g== Completed in 1287ms
815 timing metavuln:cache:get:security-advisory:tar-fs:cvuUIK3mvYU/u7TShVqDjuuoWy7Jgl2iyysqZzndeGLLwvbCDiePQ/rot9wwSNqpYc8yRaszF/7dU1Uelp1dUw== Completed in 1288ms
816 timing metavuln:cache:get:security-advisory:webpack:IzHFkMfHDC+SV3IL23ZHngntgLDUgyESA9Ge8Mh5rKNVcDpaWLuTZIcoUJg4/bAH+BQlnDzJ4nLfJCy6fOIM0A== Completed in 1287ms
817 timing metavuln:cache:get:security-advisory:tar-fs:Ix/Js08sk80rCM814qr/o6ab9zjh7+H8VVJui+xRbBltVjhzX21eodMzpIt77aC2gIFcrK8EEBkOSiDgsanD1w== Completed in 1289ms
818 timing metavuln:cache:get:security-advisory:fastify:Mu3bbsgGIQMzQU+JUqKbxbOdmJ9sahc+8jmwkzzm3/7BqYYzReNvhjLjZ9XT5ElUjr+2gUCz/6X6tV16iM+obQ== Completed in 1300ms
819 timing metavuln:cache:get:security-advisory:validator:K8tnmsGw+QkTexUmTWxKwuHjWuT7Hea3z5nNI9JdW3F0rI0+n7L2rpU8PIPJJVMbPs2Qmf97TEHw10QorOnMzQ== Completed in 1290ms
820 timing metavuln:cache:get:security-advisory:webpack:s8eUYzfoKCRSDroeyV91F0huXvDaY4W8tlhzcL2BszFV9dolZHIAn/UZ/7LVU12F35esXqY1PqnhYKHfHcDozQ== Completed in 1291ms
821 timing metavuln:cache:get:security-advisory:webpack:7Pl1j4sHKhCQAEccTmt3XZIEEazRzvyC0TOx07N0G7o5OIhhZ0j0Ji3KSCbTwfmCR/2OHJ3Mx5ZmedDQEQeBbg== Completed in 1291ms
822 timing reifyNode:node_modules/acorn-jsx Completed in 2846ms
823 timing reifyNode:node_modules/@webassemblyjs/helper-buffer Completed in 2855ms
824 timing reifyNode:node_modules/@babel/highlight Completed in 2848ms
825 timing reifyNode:node_modules/@babel/helper-string-parser Completed in 2848ms
826 timing reifyNode:node_modules/@babel/helper-function-name Completed in 2848ms
827 timing reifyNode:node_modules/@babel/code-frame Completed in 2848ms
828 timing reifyNode:node_modules/sqlite3/node_modules/socks-proxy-agent Completed in 2900ms
829 timing reifyNode:node_modules/npm-package-arg/node_modules/hosted-git-info Completed in 2887ms
830 timing reifyNode:node_modules/normalize-package-data/node_modules/hosted-git-info Completed in 2887ms
831 timing reifyNode:node_modules/node-gyp/node_modules/ssri Completed in 2886ms
832 timing reifyNode:node_modules/node-gyp/node_modules/cacache/node_modules/minimatch Completed in 2887ms
833 timing reifyNode:node_modules/help-me/node_modules/minimatch Completed in 2877ms
834 timing reifyNode:node_modules/token-stream Completed in 2924ms
835 timing reifyNode:node_modules/safe-regex2 Completed in 2918ms
836 timing reifyNode:node_modules/resolve.exports Completed in 2924ms
837 timing reifyNode:node_modules/ret Completed in 2925ms
838 timing reifyNode:node_modules/rechoir Completed in 2925ms
839 timing reifyNode:node_modules/pug-parser Completed in 2923ms
840 timing reifyNode:node_modules/pug Completed in 2923ms
841 timing reifyNode:node_modules/levn Completed in 2912ms
842 timing reifyNode:node_modules/linkify-it Completed in 2912ms
843 timing reifyNode:node_modules/jest-mock Completed in 2912ms
844 timing reifyNode:node_modules/http-proxy-agent Completed in 2915ms
845 timing reifyNode:node_modules/hashlru Completed in 2916ms
846 timing reifyNode:node_modules/globby Completed in 2916ms
847 timing reifyNode:node_modules/color-convert Completed in 2922ms
848 timing reifyNode:node_modules/babel-jest Completed in 2920ms
849 timing reifyNode:node_modules/acorn-import-assertions Completed in 2931ms
850 timing reifyNode:node_modules/@jest/test-result Completed in 2930ms
851 timing reifyNode:node_modules/sqlite3/node_modules/http-proxy-agent Completed in 2983ms
852 timing reifyNode:node_modules/node-gyp/node_modules/nopt Completed in 2970ms
853 timing reifyNode:node_modules/test-exclude Completed in 3020ms
854 timing reifyNode:node_modules/safer-buffer Completed in 3017ms
855 timing reifyNode:node_modules/registry-auth-token Completed in 3022ms
856 timing reifyNode:node_modules/lru-queue Completed in 3011ms
857 timing reifyNode:node_modules/jsonlines Completed in 3011ms
858 timing reifyNode:node_modules/gopd Completed in 3009ms
859 timing reifyNode:node_modules/cssesc Completed in 3002ms
860 timing reifyNode:node_modules/detect-libc Completed in 3003ms
861 timing reifyNode:node_modules/asap Completed in 3017ms
862 timing reifyNode:node_modules/are-we-there-yet Completed in 3017ms
863 timing reifyNode:node_modules/@webassemblyjs/wasm-opt Completed in 3024ms
864 timing reifyNode:node_modules/@webassemblyjs/leb128 Completed in 3024ms
865 timing reifyNode:node_modules/webpack/node_modules/estraverse Completed in 3082ms
866 timing reifyNode:node_modules/js-beautify/node_modules/nopt Completed in 3060ms
867 timing reifyNode:node_modules/eslint/node_modules/@eslint/js Completed in 3050ms
868 timing reifyNode:node_modules/eslint/node_modules/globals Completed in 3050ms
869 timing reifyNode:node_modules/safe-regex-test Completed in 3102ms
870 timing reifyNode:node_modules/reusify Completed in 3106ms
871 timing reifyNode:node_modules/tar-stream Completed in 3113ms
872 timing reifyNode:node_modules/js-cookie Completed in 3092ms
873 timing reifyNode:node_modules/jest-runner Completed in 3093ms
874 timing reifyNode:node_modules/jest-matcher-utils Completed in 3092ms
875 timing reifyNode:node_modules/hasown Completed in 3090ms
876 timing reifyNode:node_modules/has-bigints Completed in 3090ms
877 timing reifyNode:node_modules/gensync Completed in 3089ms
878 timing reifyNode:node_modules/for-each Completed in 3089ms
879 timing reifyNode:node_modules/err-code Completed in 3087ms
880 timing reifyNode:node_modules/@webassemblyjs/wast-printer Completed in 3110ms
881 timing reifyNode:node_modules/@webassemblyjs/utf8 Completed in 3111ms
882 timing reifyNode:node_modules/@sinonjs/fake-timers Completed in 3110ms
883 timing reifyNode:node_modules/@one-ini/wasm Completed in 3110ms
884 timing reifyNode:node_modules/@humanwhocodes/object-schema Completed in 3109ms
885 timing reifyNode:node_modules/sqlite3/node_modules/glob Completed in 3161ms
886 timing reifyNode:node_modules/test-exclude/node_modules/glob Completed in 3165ms
887 timing reifyNode:node_modules/rimraf/node_modules/glob Completed in 3159ms
888 timing reifyNode:node_modules/prompts-ncu/node_modules/kleur Completed in 3156ms
889 timing reifyNode:node_modules/node-gyp/node_modules/glob Completed in 3149ms
890 timing reifyNode:node_modules/node-gyp/node_modules/cacache/node_modules/glob Completed in 3150ms
891 timing reifyNode:node_modules/jest-runtime/node_modules/glob Completed in 3147ms
892 timing reifyNode:node_modules/jest-config/node_modules/glob Completed in 3146ms
893 timing reifyNode:node_modules/help-me/node_modules/glob Completed in 3142ms
894 timing reifyNode:node_modules/@jest/reporters/node_modules/glob Completed in 3132ms
895 timing reifyNode:node_modules/youch Completed in 3190ms
896 timing reifyNode:node_modules/supports-preserve-symlinks-flag Completed in 3187ms
897 timing reifyNode:node_modules/simple-get Completed in 3183ms
898 timing reifyNode:node_modules/set-function-name Completed in 3184ms
899 timing reifyNode:node_modules/react-is Completed in 3186ms
900 timing reifyNode:node_modules/quick-format-unescaped Completed in 3185ms
901 timing reifyNode:node_modules/jsesc Completed in 3172ms
902 timing reifyNode:node_modules/jest-runtime Completed in 3174ms
903 timing reifyNode:node_modules/is-weakref Completed in 3172ms
904 timing reifyNode:node_modules/ignore Completed in 3171ms
905 timing reifyNode:node_modules/inflection Completed in 3172ms
906 timing reifyNode:node_modules/es-set-tostringtag Completed in 3165ms
907 timing reifyNode:node_modules/archy Completed in 3172ms
908 timing reifyNode:node_modules/@types/yargs Completed in 3177ms
909 timing reifyNode:node_modules/@jridgewell/set-array Completed in 3175ms
910 timing reifyNode:node_modules/@jest/transform Completed in 3176ms
911 timing reifyNode:node_modules/@jest/expect-utils Completed in 3177ms
912 timing reifyNode:node_modules/@jest/console Completed in 3176ms
913 timing reifyNode:node_modules/@eslint/js Completed in 3175ms
914 timing reifyNode:node_modules/@isaacs/cliui Completed in 3177ms
915 timing reifyNode:node_modules/terser/node_modules/commander Completed in 3231ms
916 timing reifyNode:node_modules/npm-registry-fetch/node_modules/minipass Completed in 3218ms
917 timing reifyNode:node_modules/pacote/node_modules/minipass Completed in 3219ms
918 timing reifyNode:node_modules/make-fetch-happen/node_modules/minipass Completed in 3215ms
919 timing reifyNode:node_modules/eslint-plugin-import/node_modules/semver Completed in 3204ms
920 timing reifyNode:node_modules/eslint-config-airbnb-base/node_modules/semver Completed in 3204ms
921 timing reifyNode:node_modules/babel-plugin-istanbul/node_modules/semver Completed in 3211ms
922 timing reifyNode:node_modules/@babel/helper-compilation-targets/node_modules/semver Completed in 3202ms
923 timing reifyNode:node_modules/@babel/core/node_modules/semver Completed in 3202ms
924 timing reifyNode:node_modules/typed-array-length Completed in 3263ms
925 timing reifyNode:node_modules/source-map-support Completed in 3260ms
926 timing reifyNode:node_modules/safe-stable-stringify Completed in 3261ms
927 timing reifyNode:node_modules/pug-runtime Completed in 3263ms
928 timing reifyNode:node_modules/is-array-buffer Completed in 3252ms
929 timing reifyNode:node_modules/has-property-descriptors Completed in 3250ms
930 timing reifyNode:node_modules/es-define-property Completed in 3246ms
931 timing reifyNode:node_modules/cliui Completed in 3257ms
932 timing reifyNode:node_modules/buffer Completed in 3256ms
933 timing reifyNode:node_modules/@webassemblyjs/wasm-edit Completed in 3266ms
934 timing reifyNode:node_modules/@tootallnate/once Completed in 3265ms
935 timing reifyNode:node_modules/@rails/ujs Completed in 3265ms
936 timing reifyNode:node_modules/@fastify/flash Completed in 3264ms
937 timing reifyNode:node_modules/eslint-module-utils/node_modules/debug Completed in 3290ms
938 timing reifyNode:node_modules/eslint-import-resolver-node/node_modules/debug Completed in 3290ms
939 timing reifyNode:node_modules/eslint-plugin-import/node_modules/debug Completed in 3290ms
940 timing reifyNode:node_modules/unbox-primitive Completed in 3342ms
941 timing reifyNode:node_modules/toad-cache Completed in 3342ms
942 timing reifyNode:node_modules/y18n Completed in 3350ms
943 timing reifyNode:node_modules/rfdc Completed in 3341ms
944 timing reifyNode:node_modules/possible-typed-array-names Completed in 3340ms
945 timing reifyNode:node_modules/mkdirp Completed in 3333ms
946 timing reifyNode:node_modules/is-string Completed in 3330ms
947 timing reifyNode:node_modules/is-core-module Completed in 3329ms
948 timing reifyNode:node_modules/is-bigint Completed in 3330ms
949 timing reifyNode:node_modules/is-number-object Completed in 3332ms
950 timing reifyNode:node_modules/is-negative-zero Completed in 3331ms
951 timing reifyNode:node_modules/internal-slot Completed in 3332ms
952 timing reifyNode:node_modules/has-proto Completed in 3332ms
953 timing reifyNode:node_modules/es-shim-unscopables Completed in 3325ms
954 timing reifyNode:node_modules/@sindresorhus/is Completed in 3334ms
955 timing reifyNode:node_modules/@humanwhocodes/module-importer Completed in 3333ms
956 timing reifyNode:node_modules/terser/node_modules/source-map-support Completed in 3388ms
957 timing reifyNode:node_modules/pino-abstract-transport/node_modules/buffer Completed in 3376ms
958 timing reifyNode:node_modules/pino-pretty/node_modules/buffer Completed in 3376ms
959 timing reifyNode:node_modules/npm-package-arg/node_modules/lru-cache Completed in 3373ms
960 timing reifyNode:node_modules/normalize-package-data/node_modules/lru-cache Completed in 3372ms
961 timing reifyNode:node_modules/npm-check-updates/node_modules/source-map-support Completed in 3373ms
962 timing reifyNode:node_modules/make-fetch-happen/node_modules/lru-cache Completed in 3370ms
963 timing reifyNode:node_modules/node-gyp/node_modules/lru-cache Completed in 3373ms
964 timing reifyNode:node_modules/hosted-git-info/node_modules/lru-cache Completed in 3365ms
965 timing reifyNode:node_modules/fastify-cli/node_modules/buffer Completed in 3362ms
966 timing reifyNode:node_modules/cacache/node_modules/lru-cache Completed in 3366ms
967 timing reifyNode:node_modules/@npmcli/git/node_modules/lru-cache Completed in 3358ms
968 timing reifyNode:node_modules/which-boxed-primitive Completed in 3415ms
969 timing reifyNode:node_modules/v8-to-istanbul Completed in 3414ms
970 timing reifyNode:node_modules/typed-array-byte-offset Completed in 3414ms
971 timing reifyNode:node_modules/typed-array-byte-length Completed in 3415ms
972 timing reifyNode:node_modules/typed-array-buffer Completed in 3416ms
973 timing reifyNode:node_modules/set-function-length Completed in 3412ms
974 timing reifyNode:node_modules/safe-array-concat Completed in 3412ms
975 timing reifyNode:node_modules/retry-as-promised Completed in 3412ms
976 timing reifyNode:node_modules/istanbul-lib-coverage Completed in 3399ms
977 timing reifyNode:node_modules/is-symbol Completed in 3399ms
978 timing reifyNode:node_modules/is-shared-array-buffer Completed in 3399ms
979 timing reifyNode:node_modules/is-boolean-object Completed in 3399ms
980 timing reifyNode:node_modules/html-escaper Completed in 3397ms
981 timing reifyNode:node_modules/globals Completed in 3397ms
982 timing reifyNode:node_modules/eslint-visitor-keys Completed in 3395ms
983 timing reifyNode:node_modules/fastify-error-page Completed in 3397ms
984 timing reifyNode:node_modules/browserslist Completed in 3399ms
985 timing reifyNode:node_modules/available-typed-arrays Completed in 3406ms
986 timing reifyNode:node_modules/agentkeepalive Completed in 3408ms
987 timing reifyNode:node_modules/espree/node_modules/eslint-visitor-keys Completed in 3425ms
988 timing reifyNode:node_modules/watchpack Completed in 3476ms
989 timing reifyNode:node_modules/jest-each Completed in 3464ms
990 timing reifyNode:node_modules/is-callable Completed in 3462ms
991 timing reifyNode:node_modules/https-proxy-agent Completed in 3461ms
992 timing reifyNode:node_modules/create-jest Completed in 3453ms
993 timing reifyNode:node_modules/braces Completed in 3460ms
994 timing reifyNode:node_modules/@webassemblyjs/wasm-gen Completed in 3464ms
995 timing reifyNode:node_modules/@pnpm/npm-conf Completed in 3461ms
996 timing reifyNode:node_modules/@jridgewell/sourcemap-codec Completed in 3461ms
997 timing reifyNode:node_modules/@babel/helper-validator-identifier Completed in 3460ms
998 timing reifyNode:node_modules/@babel/helper-module-imports Completed in 3460ms
999 timing reifyNode:node_modules/wildcard Completed in 3537ms
1000 timing reifyNode:node_modules/string.prototype.trimstart Completed in 3534ms
1001 timing reifyNode:node_modules/side-channel Completed in 3532ms
1002 http fetch GET 200 https://registry.npmjs.org/once/-/once-1.4.0.tgz 3105ms (cache miss)
1003 timing reifyNode:node_modules/once Completed in 3524ms
1004 http fetch GET 200 https://registry.npmjs.org/npm-normalize-package-bin/-/npm-normalize-package-bin-3.0.1.tgz 3100ms (cache miss)
1005 timing reifyNode:node_modules/npm-normalize-package-bin Completed in 3525ms
1006 timing reifyNode:node_modules/rc-config-loader Completed in 3546ms
1007 timing reifyNode:node_modules/bl Completed in 3529ms
1008 timing reifyNode:node_modules/agent-base Completed in 3529ms
1009 timing reifyNode:node_modules/which-typed-array Completed in 3608ms
1010 timing reifyNode:node_modules/terser-webpack-plugin Completed in 3624ms
1011 timing reifyNode:node_modules/text-table Completed in 3626ms
1012 timing reifyNode:node_modules/string.prototype.trimend Completed in 3625ms
1013 http fetch GET 200 https://registry.npmjs.org/pupa/-/pupa-3.1.0.tgz 3235ms (cache miss)
1014 timing reifyNode:node_modules/pupa Completed in 3620ms
1015 http fetch GET 200 https://registry.npmjs.org/path-parse/-/path-parse-1.0.7.tgz 3205ms (cache miss)
1016 timing reifyNode:node_modules/path-parse Completed in 3617ms
1017 timing reifyNode:node_modules/globalthis Completed in 3607ms
1018 timing reifyNode:node_modules/function-bind Completed in 3606ms
1019 timing reifyNode:node_modules/espree Completed in 3604ms
1020 timing reifyNode:node_modules/dotenv Completed in 3600ms
1021 http fetch GET 200 https://registry.npmjs.org/path-type/-/path-type-4.0.0.tgz 3213ms (cache miss)
1022 timing reifyNode:node_modules/path-type Completed in 3625ms
1023 http fetch GET 200 https://registry.npmjs.org/is-lambda/-/is-lambda-1.0.1.tgz 3143ms (cache miss)
1024 timing reifyNode:node_modules/is-lambda Completed in 3618ms
1025 http fetch GET 200 https://registry.npmjs.org/minipass-flush/-/minipass-flush-1.0.5.tgz 3182ms (cache miss)
1026 timing reifyNode:node_modules/minipass-flush Completed in 3626ms
1027 http fetch GET 200 https://registry.npmjs.org/indent-string/-/indent-string-4.0.0.tgz 3165ms (cache miss)
1028 timing reifyNode:node_modules/indent-string Completed in 3619ms
1029 http fetch GET 200 https://registry.npmjs.org/mimic-fn/-/mimic-fn-2.1.0.tgz 3200ms (cache miss)
1030 timing reifyNode:node_modules/mimic-fn Completed in 3632ms
1031 http fetch GET 200 https://registry.npmjs.org/mimic-response/-/mimic-response-1.0.1.tgz 3203ms (cache miss)
1032 timing reifyNode:node_modules/mimic-response Completed in 3636ms
1033 http fetch GET 200 https://registry.npmjs.org/lowercase-keys/-/lowercase-keys-3.0.0.tgz 3199ms (cache miss)
1034 timing reifyNode:node_modules/lowercase-keys Completed in 3635ms
1035 http fetch GET 200 https://registry.npmjs.org/is-promise/-/is-promise-2.2.2.tgz 3183ms (cache miss)
1036 timing reifyNode:node_modules/is-promise Completed in 3634ms
1037 timing reifyNode:node_modules/arraybuffer.prototype.slice Completed in 3617ms
1038 http fetch GET 200 https://registry.npmjs.org/qs 2065ms (cache hit)
1039 timing metavuln:packument:qs Completed in 2066ms
1040 timing metavuln:load:security-advisory:qs:1113161 Completed in 3ms
1041 timing metavuln:calculate:security-advisory:qs:1113161 Completed in 2071ms
1042 timing metavuln:load:security-advisory:qs:1113719 Completed in 0ms
1043 timing metavuln:calculate:security-advisory:qs:1113719 Completed in 2072ms
1044 http fetch GET 200 https://registry.npmjs.org/tar-fs 2072ms (cache hit)
1045 timing metavuln:packument:tar-fs Completed in 2073ms
1046 timing metavuln:load:security-advisory:tar-fs:1109532 Completed in 0ms
1047 timing metavuln:calculate:security-advisory:tar-fs:1109532 Completed in 2074ms
1048 timing metavuln:load:security-advisory:tar-fs:1109543 Completed in 1ms
1049 timing metavuln:calculate:security-advisory:tar-fs:1109543 Completed in 2075ms
1050 timing metavuln:load:security-advisory:tar-fs:1109552 Completed in 0ms
1051 timing metavuln:calculate:security-advisory:tar-fs:1109552 Completed in 2075ms
1052 http fetch GET 200 https://registry.npmjs.org/tar 2076ms (cache hit)
1053 timing metavuln:packument:tar Completed in 2078ms
1054 timing metavuln:load:security-advisory:tar:1112659 Completed in 0ms
1055 timing metavuln:calculate:security-advisory:tar:1112659 Completed in 2080ms
1056 timing metavuln:load:security-advisory:tar:1113300 Completed in 2ms
1057 timing metavuln:calculate:security-advisory:tar:1113300 Completed in 2082ms
1058 timing metavuln:load:security-advisory:tar:1113375 Completed in 0ms
1059 timing metavuln:calculate:security-advisory:tar:1113375 Completed in 2082ms
1060 timing metavuln:load:security-advisory:tar:1114200 Completed in 0ms
1061 timing metavuln:calculate:security-advisory:tar:1114200 Completed in 2083ms
1062 timing metavuln:load:security-advisory:tar:1114302 Completed in 0ms
1063 timing metavuln:calculate:security-advisory:tar:1114302 Completed in 2084ms
1064 timing metavuln:load:security-advisory:tar:1114680 Completed in 0ms
1065 timing metavuln:calculate:security-advisory:tar:1114680 Completed in 2086ms
1066 timing metavuln:load:security-advisory:tar:1097493 Completed in 1ms
1067 timing metavuln:calculate:security-advisory:tar:1097493 Completed in 2087ms
1068 http fetch GET 200 https://registry.npmjs.org/serialize-javascript 2088ms (cache hit)
1069 timing metavuln:packument:serialize-javascript Completed in 2090ms
1070 timing metavuln:load:security-advisory:serialize-javascript:1113686 Completed in 0ms
1071 timing metavuln:calculate:security-advisory:serialize-javascript:1113686 Completed in 2090ms
1072 timing metavuln:load:security-advisory:serialize-javascript:1115519 Completed in 0ms
1073 timing metavuln:calculate:security-advisory:serialize-javascript:1115519 Completed in 2090ms
1074 http fetch GET 200 https://registry.npmjs.org/sequelize 2093ms (cache hit)
1075 timing metavuln:packument:sequelize Completed in 2101ms
1076 timing metavuln:load:security-advisory:sequelize:1114318 Completed in 7ms
1077 timing metavuln:calculate:security-advisory:sequelize:1114318 Completed in 2108ms
1078 http fetch GET 200 https://registry.npmjs.org/validator 2107ms (cache hit)
1079 timing metavuln:packument:validator Completed in 2109ms
1080 timing metavuln:load:security-advisory:validator:1109241 Completed in 4ms
1081 timing metavuln:calculate:security-advisory:validator:1109241 Completed in 2113ms
1082 timing metavuln:load:security-advisory:validator:1112713 Completed in 1ms
1083 timing metavuln:calculate:security-advisory:validator:1112713 Completed in 2114ms
1084 http fetch GET 200 https://registry.npmjs.org/webpack 2119ms (cache hit)
1085 timing metavuln:packument:webpack Completed in 2172ms
1086 timing metavuln:load:security-advisory:webpack:1113041 Completed in 2ms
1087 timing metavuln:calculate:security-advisory:webpack:1113041 Completed in 2174ms
1088 timing metavuln:load:security-advisory:webpack:1113042 Completed in 2ms
1089 timing metavuln:calculate:security-advisory:webpack:1113042 Completed in 2176ms
1090 timing metavuln:load:security-advisory:webpack:1099351 Completed in 3ms
1091 timing metavuln:calculate:security-advisory:webpack:1099351 Completed in 2179ms
1092 timing reifyNode:node_modules/argparse Completed in 3733ms
1093 timing reifyNode:node_modules/node-gyp/node_modules/minipass-fetch Completed in 3770ms
1094 timing reifyNode:node_modules/eslint-plugin-import/node_modules/doctrine Completed in 3755ms
1095 http fetch GET 200 https://registry.npmjs.org/path-exists/-/path-exists-4.0.0.tgz 3365ms (cache miss)
1096 timing reifyNode:node_modules/path-exists Completed in 3779ms
1097 timing reifyNode:node_modules/eslint/node_modules/espree Completed in 3758ms
1098 http fetch GET 200 https://registry.npmjs.org/lodash.compact/-/lodash.compact-3.0.1.tgz 3338ms (cache miss)
1099 timing reifyNode:node_modules/lodash.compact Completed in 3776ms
1100 http fetch GET 200 https://registry.npmjs.org/parent-module/-/parent-module-1.0.1.tgz 3370ms (cache miss)
1101 timing reifyNode:node_modules/parent-module Completed in 3783ms
1102 http fetch GET 200 https://registry.npmjs.org/is-typedarray/-/is-typedarray-1.0.0.tgz 3326ms (cache miss)
1103 timing reifyNode:node_modules/is-typedarray Completed in 3774ms
1104 http fetch GET 200 https://registry.npmjs.org/proto-list/-/proto-list-1.2.4.tgz 3349ms (cache miss)
1105 timing reifyNode:node_modules/proto-list Completed in 3790ms
1106 http fetch GET 200 https://registry.npmjs.org/isarray/-/isarray-2.0.5.tgz 3308ms (cache miss)
1107 timing reifyNode:node_modules/isarray Completed in 3775ms
1108 http fetch GET 200 https://registry.npmjs.org/mkdirp-classic/-/mkdirp-classic-0.5.3.tgz 3352ms (cache miss)
1109 timing reifyNode:node_modules/mkdirp-classic Completed in 3782ms
1110 http fetch GET 200 https://registry.npmjs.org/pg-int8/-/pg-int8-1.0.1.tgz 3379ms (cache miss)
1111 timing reifyNode:node_modules/pg-int8 Completed in 3791ms
1112 http fetch GET 200 https://registry.npmjs.org/minipass-collect/-/minipass-collect-1.0.2.tgz 3354ms (cache miss)
1113 timing reifyNode:node_modules/minipass-collect Completed in 3786ms
1114 http fetch GET 200 https://registry.npmjs.org/is-obj/-/is-obj-2.0.0.tgz 3330ms (cache miss)
1115 timing reifyNode:node_modules/is-obj Completed in 3781ms
1116 http fetch GET 200 https://registry.npmjs.org/postgres-bytea/-/postgres-bytea-1.0.0.tgz 3395ms (cache miss)
1117 timing reifyNode:node_modules/postgres-bytea Completed in 3796ms
1118 http fetch GET 200 https://registry.npmjs.org/process/-/process-0.11.10.tgz 3409ms (cache miss)
1119 timing reifyNode:node_modules/process Completed in 3801ms
1120 http fetch GET 200 https://registry.npmjs.org/postcss-modules-values/-/postcss-modules-values-4.0.0.tgz 3399ms (cache miss)
1121 timing reifyNode:node_modules/postcss-modules-values Completed in 3800ms
1122 http fetch GET 200 https://registry.npmjs.org/pkg-dir/-/pkg-dir-4.2.0.tgz 3398ms (cache miss)
1123 timing reifyNode:node_modules/pkg-dir Completed in 3801ms
1124 http fetch GET 200 https://registry.npmjs.org/pgpass/-/pgpass-1.0.5.tgz 3393ms (cache miss)
1125 timing reifyNode:node_modules/pgpass Completed in 3804ms
1126 http fetch GET 200 https://registry.npmjs.org/pug-attrs/-/pug-attrs-3.0.0.tgz 3422ms (cache miss)
1127 timing reifyNode:node_modules/pug-attrs Completed in 3807ms
1128 timing reifyNode:node_modules/jju Completed in 3796ms
1129 http fetch GET 200 https://registry.npmjs.org/p-map/-/p-map-4.0.0.tgz 3398ms (cache miss)
1130 timing reifyNode:node_modules/p-map Completed in 3812ms
1131 http fetch GET 200 https://registry.npmjs.org/jest-resolve-dependencies/-/jest-resolve-dependencies-29.7.0.tgz 3366ms (cache miss)
1132 timing reifyNode:node_modules/jest-resolve-dependencies Completed in 3805ms
1133 http fetch GET 200 https://registry.npmjs.org/fp-and-or/-/fp-and-or-0.1.4.tgz 3339ms (cache miss)
1134 http fetch GET 200 https://registry.npmjs.org/is-arrayish/-/is-arrayish-0.2.1.tgz 3350ms (cache miss)
1135 timing reifyNode:node_modules/is-arrayish Completed in 3804ms
1136 http fetch GET 200 https://registry.npmjs.org/picocolors/-/picocolors-1.0.0.tgz 3411ms (cache miss)
1137 timing reifyNode:node_modules/picocolors Completed in 3819ms
1138 http fetch GET 200 https://registry.npmjs.org/import-local/-/import-local-3.1.0.tgz 3351ms (cache miss)
1139 timing reifyNode:node_modules/import-local Completed in 3805ms
1140 http fetch GET 200 https://registry.npmjs.org/parse-json/-/parse-json-5.2.0.tgz 3406ms (cache miss)
1141 timing reifyNode:node_modules/parse-json Completed in 3820ms
1142 http fetch GET 200 https://registry.npmjs.org/npm-bundled/-/npm-bundled-3.0.0.tgz 3391ms (cache miss)
1143 timing reifyNode:node_modules/npm-bundled Completed in 3817ms
1144 http fetch GET 200 https://registry.npmjs.org/object-assign/-/object-assign-4.1.1.tgz 3401ms (cache miss)
1145 timing reifyNode:node_modules/object-assign Completed in 3820ms
1146 timing reifyNode:node_modules/array.prototype.flat Completed in 3795ms
1147 http fetch GET 200 https://registry.npmjs.org/proc-log/-/proc-log-3.0.0.tgz 3435ms (cache miss)
1148 timing reifyNode:node_modules/proc-log Completed in 3827ms
1149 http fetch GET 200 https://registry.npmjs.org/promise-inflight/-/promise-inflight-1.0.1.tgz 3439ms (cache miss)
1150 timing reifyNode:node_modules/promise-inflight Completed in 3828ms
1151 http fetch GET 200 https://registry.npmjs.org/path-is-absolute/-/path-is-absolute-1.0.1.tgz 3411ms (cache miss)
1152 timing reifyNode:node_modules/path-is-absolute Completed in 3826ms
1153 http fetch GET 200 https://registry.npmjs.org/fs-constants/-/fs-constants-1.0.0.tgz 3349ms (cache miss)
1154 timing reifyNode:node_modules/fs-constants Completed in 3809ms
1155 timing reifyNode:node_modules/abort-controller Completed in 3796ms
1156 timing reifyNode:node_modules/tsconfig-paths/node_modules/json5 Completed in 3844ms
1157 http fetch GET 200 https://registry.npmjs.org/p-locate/-/p-locate-5.0.0.tgz 3415ms (cache miss)
1158 timing reifyNode:node_modules/p-locate Completed in 3829ms
1159 http fetch GET 200 https://registry.npmjs.org/jest-pnp-resolver/-/jest-pnp-resolver-1.2.3.tgz 3381ms (cache miss)
1160 timing reifyNode:node_modules/jest-pnp-resolver Completed in 3822ms
1161 http fetch GET 200 https://registry.npmjs.org/import-fresh/-/import-fresh-3.3.0.tgz 3365ms (cache miss)
1162 timing reifyNode:node_modules/import-fresh Completed in 3819ms
1163 http fetch GET 200 https://registry.npmjs.org/is-fullwidth-code-point/-/is-fullwidth-code-point-3.0.0.tgz 3370ms (cache miss)
1164 timing reifyNode:node_modules/is-fullwidth-code-point Completed in 3823ms
1165 http fetch GET 200 https://registry.npmjs.org/p-limit/-/p-limit-3.1.0.tgz 3418ms (cache miss)
1166 timing reifyNode:node_modules/p-limit Completed in 3835ms
1167 http fetch GET 200 https://registry.npmjs.org/postgres-date/-/postgres-date-1.0.7.tgz 3447ms (cache miss)
1168 timing reifyNode:node_modules/postgres-date Completed in 3841ms
1169 http fetch GET 200 https://registry.npmjs.org/jest-environment-node/-/jest-environment-node-29.7.0.tgz 3389ms (cache miss)
1170 timing reifyNode:node_modules/jest-environment-node Completed in 3830ms
1171 http fetch GET 200 https://registry.npmjs.org/onetime/-/onetime-5.1.2.tgz 3421ms (cache miss)
1172 timing reifyNode:node_modules/onetime Completed in 3838ms
1173 http fetch GET 200 https://registry.npmjs.org/natural-compare/-/natural-compare-1.4.0.tgz 3408ms (cache miss)
1174 timing reifyNode:node_modules/natural-compare Completed in 3837ms
1175 http fetch GET 200 https://registry.npmjs.org/postgres-array/-/postgres-array-2.0.0.tgz 3445ms (cache miss)
1176 timing reifyNode:node_modules/postgres-array Completed in 3844ms
1177 http fetch GET 200 https://registry.npmjs.org/postgres-interval/-/postgres-interval-1.2.0.tgz 3447ms (cache miss)
1178 timing reifyNode:node_modules/postgres-interval Completed in 3845ms
1179 timing reifyNode:node_modules/toposort-class Completed in 3859ms
1180 timing reifyNode:node_modules/mime-db Completed in 3844ms
1181 timing reifyNode:node_modules/jest-watcher Completed in 3841ms
1182 timing reifyNode:node_modules/jest-validate Completed in 3842ms
1183 timing reifyNode:node_modules/jest-resolve Completed in 3841ms
1184 timing reifyNode:node_modules/has-symbols Completed in 3837ms
1185 http fetch GET 200 https://registry.npmjs.org/node-releases/-/node-releases-2.0.14.tgz 3423ms (cache miss)
1186 timing reifyNode:node_modules/node-releases Completed in 3850ms
1187 http fetch GET 200 https://registry.npmjs.org/normalize-path/-/normalize-path-3.0.0.tgz 3424ms (cache miss)
1188 timing reifyNode:node_modules/normalize-path Completed in 3851ms
1189 http fetch GET 200 https://registry.npmjs.org/json-parse-even-better-errors/-/json-parse-even-better-errors-2.3.1.tgz 3409ms (cache miss)
1190 timing reifyNode:node_modules/json-parse-even-better-errors Completed in 3848ms
1191 http fetch GET 200 https://registry.npmjs.org/node-abi/-/node-abi-3.60.0.tgz 3426ms (cache miss)
1192 timing reifyNode:node_modules/node-abi Completed in 3855ms
1193 http fetch GET 200 https://registry.npmjs.org/pg-connection-string/-/pg-connection-string-2.6.2.tgz 3450ms (cache miss)
1194 timing reifyNode:node_modules/pg-connection-string Completed in 3861ms
1195 http fetch GET 200 https://registry.npmjs.org/package-json/-/package-json-8.1.0.tgz 3449ms (cache miss)
1196 timing reifyNode:node_modules/package-json Completed in 3862ms
1197 http fetch GET 200 https://registry.npmjs.org/p-try/-/p-try-2.2.0.tgz 3452ms (cache miss)
1198 timing reifyNode:node_modules/p-try Completed in 3864ms
1199 http fetch GET 200 https://registry.npmjs.org/spawn-command/-/spawn-command-0.0.2.tgz 3493ms (cache miss)
1200 http fetch GET 200 https://registry.npmjs.org/json-parse-helpfulerror/-/json-parse-helpfulerror-1.0.3.tgz 3420ms (cache miss)
1201 timing reifyNode:node_modules/json-parse-helpfulerror Completed in 3859ms
1202 timing reifyNode:node_modules/spawn-command Completed in 3878ms
1203 http fetch GET 200 https://registry.npmjs.org/glob-parent/-/glob-parent-6.0.2.tgz 3400ms (cache miss)
1204 timing reifyNode:node_modules/glob-parent Completed in 3855ms
1205 http fetch GET 200 https://registry.npmjs.org/get-package-type/-/get-package-type-0.1.0.tgz 3397ms (cache miss)
1206 timing reifyNode:node_modules/get-package-type Completed in 3855ms
1207 http fetch GET 200 https://registry.npmjs.org/is-yarn-global/-/is-yarn-global-0.4.0.tgz 3414ms (cache miss)
1208 timing reifyNode:node_modules/is-yarn-global Completed in 3860ms
1209 timing reifyNode:node_modules/@sigstore/tuf Completed in 3839ms
1210 timing reifyNode:node_modules/@jridgewell/gen-mapping Completed in 3838ms
1211 timing reifyNode:node_modules/@npmcli/git Completed in 3839ms
1212 timing reifyNode:node_modules/@fastify/formbody Completed in 3836ms
1213 timing reifyNode:node_modules/@babel/compat-data Completed in 3835ms
1214 timing reifyNode:node_modules/schema-utils/node_modules/json-schema-traverse Completed in 3886ms
1215 timing reifyNode:node_modules/objection/node_modules/json-schema-traverse Completed in 3874ms
1216 timing reifyNode:node_modules/fast-json-stringify/node_modules/json-schema-traverse Completed in 3861ms
1217 http fetch GET 200 https://registry.npmjs.org/joycon/-/joycon-3.1.1.tgz 3433ms (cache miss)
1218 timing reifyNode:node_modules/joycon Completed in 3872ms
1219 http fetch GET 200 https://registry.npmjs.org/fast-decode-uri-component/-/fast-decode-uri-component-1.0.1.tgz 3397ms (cache miss)
1220 timing reifyNode:node_modules/fast-decode-uri-component Completed in 3865ms
1221 http fetch GET 200 https://registry.npmjs.org/next-tick/-/next-tick-1.1.0.tgz 3452ms (cache miss)
1222 http fetch GET 200 https://registry.npmjs.org/is-number/-/is-number-7.0.0.tgz 3422ms (cache miss)
1223 timing reifyNode:node_modules/is-number Completed in 3874ms
1224 http fetch GET 200 https://registry.npmjs.org/json-buffer/-/json-buffer-3.0.1.tgz 3438ms (cache miss)
1225 timing reifyNode:node_modules/json-buffer Completed in 3878ms
1226 http fetch GET 200 https://registry.npmjs.org/fb-watchman/-/fb-watchman-2.0.2.tgz 3407ms (cache miss)
1227 timing reifyNode:node_modules/fb-watchman Completed in 3869ms
1228 http fetch GET 200 https://registry.npmjs.org/is-installed-globally/-/is-installed-globally-0.4.0.tgz 3423ms (cache miss)
1229 timing reifyNode:node_modules/is-installed-globally Completed in 3875ms
1230 http fetch GET 200 https://registry.npmjs.org/is-npm/-/is-npm-6.0.0.tgz 3424ms (cache miss)
1231 timing reifyNode:node_modules/is-npm Completed in 3877ms
1232 http fetch GET 200 https://registry.npmjs.org/fs.realpath/-/fs.realpath-1.0.0.tgz 3413ms (cache miss)
1233 timing reifyNode:node_modules/fs.realpath Completed in 3872ms
1234 http fetch GET 200 https://registry.npmjs.org/make-dir/-/make-dir-4.0.0.tgz 3446ms (cache miss)
1235 timing reifyNode:node_modules/make-dir Completed in 3883ms
1236 http fetch GET 200 https://registry.npmjs.org/napi-build-utils/-/napi-build-utils-1.0.2.tgz 3457ms (cache miss)
1237 timing reifyNode:node_modules/napi-build-utils Completed in 3886ms
1238 http fetch GET 200 https://registry.npmjs.org/@tootallnate%2fonce 2324ms (cache miss)
1239 timing metavuln:packument:@tootallnate/once Completed in 2325ms
1240 timing metavuln:load:security-advisory:@tootallnate/once:1113977 Completed in 0ms
1241 http fetch GET 200 https://registry.npmjs.org/fs-minipass/-/fs-minipass-2.1.0.tgz 3416ms (cache miss)
1242 timing reifyNode:node_modules/fs-minipass Completed in 3876ms
1243 timing reifyNode:node_modules/ajv-formats/node_modules/json-schema-traverse Completed in 3864ms
1244 timing reifyNode:node_modules/@fastify/ajv-compiler/node_modules/json-schema-traverse Completed in 3857ms
1245 timing reifyNode:node_modules/string.prototype.trim Completed in 3909ms
1246 timing reifyNode:node_modules/regexp.prototype.flags Completed in 3910ms
1247 http fetch GET 200 https://registry.npmjs.org/npmlog/-/npmlog-6.0.2.tgz 3480ms (cache miss)
1248 timing reifyNode:node_modules/npmlog Completed in 3901ms
1249 timing reifyNode:node_modules/retry Completed in 3913ms
1250 timing reifyNode:node_modules/human-signals Completed in 3893ms
1251 timing reifyNode:node_modules/has-tostringtag Completed in 3893ms
1252 timing reifyNode:node_modules/es6-symbol Completed in 3887ms
1253 timing reifyNode:node_modules/fp-and-or Completed in 3893ms
1254 http fetch GET 200 https://registry.npmjs.org/merge-stream/-/merge-stream-2.0.0.tgz 3471ms (cache miss)
1255 timing reifyNode:node_modules/merge-stream Completed in 3904ms
1256 http fetch GET 200 https://registry.npmjs.org/minizlib/-/minizlib-2.1.2.tgz 3477ms (cache miss)
1257 timing reifyNode:node_modules/minizlib Completed in 3906ms
1258 http fetch GET 200 https://registry.npmjs.org/minipass-json-stream/-/minipass-json-stream-1.0.1.tgz 3477ms (cache miss)
1259 timing reifyNode:node_modules/minipass-json-stream Completed in 3907ms
1260 http fetch GET 200 https://registry.npmjs.org/parse-github-url/-/parse-github-url-1.0.2.tgz 3501ms (cache miss)
1261 timing reifyNode:node_modules/parse-github-url Completed in 3914ms
1262 http fetch GET 200 https://registry.npmjs.org/npm-pick-manifest/-/npm-pick-manifest-8.0.2.tgz 3488ms (cache miss)
1263 timing reifyNode:node_modules/npm-pick-manifest Completed in 3912ms
1264 timing reifyNode:node_modules/cacache Completed in 3889ms
1265 timing reifyNode:node_modules/array.prototype.flatmap Completed in 3887ms
1266 timing reifyNode:node_modules/ajv-formats Completed in 3887ms
1267 timing reifyNode:node_modules/array-includes Completed in 3888ms
1268 http fetch GET 200 https://registry.npmjs.org/postcss-modules-scope/-/postcss-modules-scope-3.2.0.tgz 3517ms (cache miss)
1269 timing reifyNode:node_modules/postcss-modules-scope Completed in 3919ms
1270 http fetch GET 200 https://registry.npmjs.org/postcss-modules-extract-imports/-/postcss-modules-extract-imports-3.1.0.tgz 3512ms (cache miss)
1271 timing reifyNode:node_modules/postcss-modules-extract-imports Completed in 3920ms
1272 http fetch GET 200 https://registry.npmjs.org/promise-retry/-/promise-retry-2.0.1.tgz 3533ms (cache miss)
1273 timing reifyNode:node_modules/promise-retry Completed in 3922ms
1274 http fetch GET 200 https://registry.npmjs.org/is-docker/-/is-docker-2.2.1.tgz 3453ms (cache miss)
1275 timing reifyNode:node_modules/is-docker Completed in 3906ms
1276 http fetch GET 200 https://registry.npmjs.org/isbinaryfile/-/isbinaryfile-4.0.10.tgz 3462ms (cache miss)
1277 timing reifyNode:node_modules/isbinaryfile Completed in 3909ms
1278 http fetch GET 200 https://registry.npmjs.org/isexe/-/isexe-2.0.0.tgz 3463ms (cache miss)
1279 timing reifyNode:node_modules/isexe Completed in 3909ms
1280 http fetch GET 200 https://registry.npmjs.org/find-up/-/find-up-5.0.0.tgz 3442ms (cache miss)
1281 timing reifyNode:node_modules/find-up Completed in 3903ms
1282 http fetch GET 200 https://registry.npmjs.org/github-from-package/-/github-from-package-0.0.0.tgz 3450ms (cache miss)
1283 http fetch GET 200 https://registry.npmjs.org/fast-levenshtein/-/fast-levenshtein-2.0.6.tgz 3436ms (cache miss)
1284 timing reifyNode:node_modules/fast-levenshtein Completed in 3903ms
1285 http fetch GET 200 https://registry.npmjs.org/is-extglob/-/is-extglob-2.1.1.tgz 3458ms (cache miss)
1286 timing reifyNode:node_modules/is-extglob Completed in 3910ms
1287 http fetch GET 200 https://registry.npmjs.org/lodash.isempty/-/lodash.isempty-4.4.0.tgz 3485ms (cache miss)
1288 timing reifyNode:node_modules/lodash.isempty Completed in 3923ms
1289 http fetch GET 200 https://registry.npmjs.org/ms/-/ms-2.1.3.tgz 3499ms (cache miss)
1290 timing reifyNode:node_modules/ms Completed in 3927ms
1291 timing reifyNode:node_modules/make-fetch-happen Completed in 3930ms
1292 http fetch GET 200 https://registry.npmjs.org/file-uri-to-path/-/file-uri-to-path-1.0.0.tgz 3458ms (cache miss)
1293 timing reifyNode:node_modules/file-uri-to-path Completed in 3921ms
1294 http fetch GET 200 https://registry.npmjs.org/jsonfile/-/jsonfile-6.1.0.tgz 3494ms (cache miss)
1295 timing reifyNode:node_modules/jsonfile Completed in 3933ms
1296 http fetch GET 200 https://registry.npmjs.org/ip 2367ms (cache miss)
1297 timing metavuln:packument:ip Completed in 2367ms
1298 timing metavuln:load:security-advisory:ip:1101851 Completed in 0ms
1299 timing metavuln:load:security-advisory:ip:1114832 Completed in 2ms
1300 http fetch GET 200 https://registry.npmjs.org/npm-package-arg/-/npm-package-arg-10.1.0.tgz 3521ms (cache miss)
1301 timing reifyNode:node_modules/npm-package-arg Completed in 3945ms
1302 http fetch GET 200 https://registry.npmjs.org/icss-utils/-/icss-utils-5.1.0.tgz 3481ms (cache miss)
1303 timing reifyNode:node_modules/icss-utils Completed in 3936ms
1304 http fetch GET 200 https://registry.npmjs.org/progress/-/progress-2.0.3.tgz 3568ms (cache miss)
1305 timing reifyNode:node_modules/progress Completed in 3959ms
1306 http fetch GET 200 https://registry.npmjs.org/pug-strip-comments/-/pug-strip-comments-2.0.0.tgz 3575ms (cache miss)
1307 timing reifyNode:node_modules/pug-strip-comments Completed in 3960ms
1308 http fetch GET 200 https://registry.npmjs.org/co/-/co-4.6.0.tgz 3434ms (cache miss)
1309 timing reifyNode:node_modules/co Completed in 3932ms
1310 http fetch GET 200 https://registry.npmjs.org/pirates/-/pirates-4.0.6.tgz 3554ms (cache miss)
1311 timing reifyNode:node_modules/pirates Completed in 3960ms
1312 timing reifyNode:node_modules/@fastify/error Completed in 3922ms
1313 timing reifyNode:node_modules/fast-json-stringify/node_modules/ajv-formats Completed in 3945ms
1314 http fetch GET 200 https://registry.npmjs.org/brace-expansion 2397ms (cache miss)
1315 timing metavuln:packument:brace-expansion Completed in 2398ms
1316 timing metavuln:load:security-advisory:brace-expansion:1105443 Completed in 1ms
1317 timing metavuln:load:security-advisory:brace-expansion:1105444 Completed in 0ms
1318 timing metavuln:load:security-advisory:brace-expansion:1115540 Completed in 1ms
1319 timing metavuln:load:security-advisory:brace-expansion:1115541 Completed in 1ms
1320 timing reifyNode:node_modules/next-tick Completed in 3967ms
1321 http fetch GET 200 https://registry.npmjs.org/mime-types/-/mime-types-2.1.35.tgz 3534ms (cache miss)
1322 timing reifyNode:node_modules/mime-types Completed in 3967ms
1323 http fetch GET 200 https://registry.npmjs.org/get-stream/-/get-stream-6.0.1.tgz 3502ms (cache miss)
1324 timing reifyNode:node_modules/get-stream Completed in 3957ms
1325 timing reifyNode:node_modules/uc.micro Completed in 3994ms
1326 timing reifyNode:node_modules/jest-diff Completed in 3974ms
1327 timing reifyNode:node_modules/fastq Completed in 3967ms
1328 http fetch GET 200 https://registry.npmjs.org/npm-run-path/-/npm-run-path-4.0.1.tgz 3567ms (cache miss)
1329 timing reifyNode:node_modules/npm-run-path Completed in 3987ms
1330 http fetch GET 200 https://registry.npmjs.org/npm-install-checks/-/npm-install-checks-6.3.0.tgz 3562ms (cache miss)
1331 timing reifyNode:node_modules/npm-install-checks Completed in 3988ms
1332 http fetch GET 200 https://registry.npmjs.org/hosted-git-info/-/hosted-git-info-5.2.1.tgz 3524ms (cache miss)
1333 timing reifyNode:node_modules/hosted-git-info Completed in 3978ms
1334 http fetch GET 200 https://registry.npmjs.org/fast-deep-equal/-/fast-deep-equal-3.1.3.tgz 3507ms (cache miss)
1335 http fetch GET 200 https://registry.npmjs.org/getopts/-/getopts-2.3.0.tgz 3525ms (cache miss)
1336 timing reifyNode:node_modules/getopts Completed in 3979ms
1337 timing reifyNode:node_modules/fast-deep-equal Completed in 3977ms
1338 timing reifyNode:node_modules/@webassemblyjs/wasm-parser Completed in 3965ms
1339 http fetch GET 200 https://registry.npmjs.org/json-stable-stringify-without-jsonify/-/json-stable-stringify-without-jsonify-1.0.1.tgz 3567ms (cache miss)
1340 timing reifyNode:node_modules/tarn Completed in 4035ms
1341 timing reifyNode:node_modules/sprintf-js Completed in 4032ms
1342 http fetch GET 200 https://registry.npmjs.org/spawn-please/-/spawn-please-2.0.2.tgz 3649ms (cache miss)
1343 timing reifyNode:node_modules/jsonparse Completed in 4017ms
1344 http fetch GET 200 https://registry.npmjs.org/fast-querystring/-/fast-querystring-1.0.0.tgz 3541ms (cache miss)
1345 timing reifyNode:node_modules/fast-querystring Completed in 4008ms
1346 http fetch GET 200 https://registry.npmjs.org/jest-message-util/-/jest-message-util-29.7.0.tgz 3560ms (cache miss)
1347 timing reifyNode:node_modules/jest-message-util Completed in 4020ms
1348 http fetch GET 200 https://registry.npmjs.org/postcss-modules-local-by-default/-/postcss-modules-local-by-default-4.0.5.tgz 3632ms (cache miss)
1349 timing reifyNode:node_modules/postcss-modules-local-by-default Completed in 4037ms
1350 timing reifyNode:node_modules/babel-walk Completed in 4008ms
1351 timing reifyNode:node_modules/github-from-package Completed in 4025ms
1352 timing reifyNode:node_modules/@ungap/structured-clone Completed in 4009ms
1353 timing reifyNode:node_modules/@xtuc/long Completed in 4011ms
1354 timing reifyNode:node_modules/@npmcli/fs Completed in 4010ms
1355 timing reifyNode:node_modules/@babel/helper-compilation-targets Completed in 4006ms
1356 timing reifyNode:node_modules/update-notifier/node_modules/chalk Completed in 4064ms
1357 timing reifyNode:node_modules/node-gyp/node_modules/make-fetch-happen Completed in 4044ms
1358 timing reifyNode:node_modules/fastify-error-page/node_modules/fastify-plugin Completed in 4032ms
1359 http fetch GET 200 https://registry.npmjs.org/dottie 2481ms (cache miss)
1360 timing metavuln:packument:dottie Completed in 2483ms
1361 timing metavuln:load:security-advisory:dottie:1113536 Completed in 1ms
1362 http fetch GET 200 https://registry.npmjs.org/graceful-fs/-/graceful-fs-4.2.10.tgz 3585ms (cache miss)
1363 timing reifyNode:node_modules/graceful-fs Completed in 4040ms
1364 http fetch GET 200 https://registry.npmjs.org/braces 2487ms (cache miss)
1365 timing metavuln:packument:braces Completed in 2488ms
1366 timing metavuln:load:security-advisory:braces:1098094 Completed in 0ms
1367 timing reifyNode:node_modules/boxen/node_modules/chalk Completed in 4035ms
1368 timing reifyNode:node_modules/yargs-parser Completed in 4084ms
1369 timing reifyNode:node_modules/unique-filename Completed in 4082ms
1370 timing reifyNode:node_modules/tuf-js Completed in 4081ms
1371 timing reifyNode:node_modules/tslib Completed in 4082ms
1372 timing reifyNode:node_modules/style-loader Completed in 4082ms
1373 http fetch GET 200 https://registry.npmjs.org/pg-cloudflare/-/pg-cloudflare-1.1.1.tgz 3658ms (cache miss)
1374 timing reifyNode:node_modules/jest-snapshot Completed in 4061ms
1375 http fetch GET 200 https://registry.npmjs.org/fast-memoize/-/fast-memoize-2.5.2.tgz 3588ms (cache miss)
1376 timing reifyNode:node_modules/fast-memoize Completed in 4056ms
1377 http fetch GET 200 https://registry.npmjs.org/json-schema-traverse/-/json-schema-traverse-0.4.1.tgz 3629ms (cache miss)
1378 timing reifyNode:node_modules/json-schema-traverse Completed in 4068ms
1379 http fetch GET 200 https://registry.npmjs.org/fastify-objectionjs/-/fastify-objectionjs-2.0.1.tgz 3597ms (cache miss)
1380 timing reifyNode:node_modules/fastify-objectionjs Completed in 4059ms
1381 http fetch GET 200 https://registry.npmjs.org/npm-packlist/-/npm-packlist-7.0.4.tgz 3653ms (cache miss)
1382 timing reifyNode:node_modules/npm-packlist Completed in 4075ms
1383 http fetch GET 200 https://registry.npmjs.org/node-gyp-build/-/node-gyp-build-4.8.0.tgz 3648ms (cache miss)
1384 timing reifyNode:node_modules/node-gyp-build Completed in 4076ms
1385 http fetch GET 200 https://registry.npmjs.org/pug-code-gen 2501ms (cache miss)
1386 timing metavuln:packument:pug-code-gen Completed in 2502ms
1387 timing metavuln:load:security-advisory:pug-code-gen:1104107 Completed in 0ms
1388 timing reifyNode:node_modules/@pkgjs/parseargs Completed in 4053ms
1389 http fetch GET 200 https://registry.npmjs.org/normalize-package-data/-/normalize-package-data-5.0.0.tgz 3667ms (cache miss)
1390 timing reifyNode:node_modules/normalize-package-data Completed in 4090ms
1391 timing reifyNode:node_modules/umzug Completed in 4119ms
1392 http fetch GET 200 https://registry.npmjs.org/on-exit-leak-free/-/on-exit-leak-free-2.1.2.tgz 3685ms (cache miss)
1393 http fetch GET 200 https://registry.npmjs.org/cookie 2538ms (cache miss)
1394 timing metavuln:packument:cookie Completed in 2540ms
1395 timing metavuln:load:security-advisory:cookie:1103907 Completed in 0ms
1396 http fetch GET 200 https://registry.npmjs.org/kind-of/-/kind-of-6.0.3.tgz 3669ms (cache miss)
1397 timing reifyNode:node_modules/kind-of Completed in 4106ms
1398 http fetch GET 200 https://registry.npmjs.org/minimatch/-/minimatch-3.1.2.tgz 3677ms (cache miss)
1399 timing reifyNode:node_modules/minimatch Completed in 4109ms
1400 timing reifyNode:node_modules/@jridgewell/source-map Completed in 4085ms
1401 timing reifyNode:node_modules/@discoveryjs/json-ext Completed in 4083ms
1402 timing reifyNode:node_modules/wrap-ansi/node_modules/emoji-regex Completed in 4141ms
1403 timing reifyNode:node_modules/widest-line/node_modules/emoji-regex Completed in 4142ms
1404 http fetch GET 200 https://registry.npmjs.org/functions-have-names/-/functions-have-names-1.2.3.tgz 3650ms (cache miss)
1405 timing reifyNode:node_modules/functions-have-names Completed in 4110ms
1406 http fetch GET 200 https://registry.npmjs.org/jest-changed-files/-/jest-changed-files-29.7.0.tgz 3677ms (cache miss)
1407 timing reifyNode:node_modules/jest-changed-files Completed in 4117ms
1408 timing reifyNode:node_modules/json-stable-stringify-without-jsonify Completed in 4121ms
1409 timing reifyNode:node_modules/boxen/node_modules/emoji-regex Completed in 4101ms
1410 timing reifyNode:node_modules/@isaacs/cliui/node_modules/emoji-regex Completed in 4093ms
1411 timing reifyNode:node_modules/smart-buffer Completed in 4142ms
1412 timing reifyNode:node_modules/tapable Completed in 4146ms
1413 timing reifyNode:node_modules/sequelize-pool Completed in 4142ms
1414 timing reifyNode:node_modules/pg-cloudflare Completed in 4134ms
1415 timing reifyNode:node_modules/spawn-please Completed in 4146ms
1416 timing reifyNode:node_modules/minimist Completed in 4131ms
1417 timing reifyNode:node_modules/jest-circus Completed in 4128ms
1418 timing reifyNode:node_modules/eslint-scope Completed in 4119ms
1419 http fetch GET 200 https://registry.npmjs.org/cross-spawn 2569ms (cache miss)
1420 timing metavuln:packument:cross-spawn Completed in 2569ms
1421 timing metavuln:load:security-advisory:cross-spawn:1104664 Completed in 1ms
1422 http fetch GET 200 https://registry.npmjs.org/lodash.merge/-/lodash.merge-4.6.2.tgz 3698ms (cache miss)
1423 timing reifyNode:node_modules/lodash.merge Completed in 4135ms
1424 http fetch GET 200 https://registry.npmjs.org/is-data-view/-/is-data-view-1.0.1.tgz 3678ms (cache miss)
1425 timing reifyNode:node_modules/is-data-view Completed in 4131ms
1426 http fetch GET 200 https://registry.npmjs.org/nopt/-/nopt-5.0.0.tgz 3715ms (cache miss)
1427 timing reifyNode:node_modules/nopt Completed in 4141ms
1428 http fetch GET 200 https://registry.npmjs.org/mdurl/-/mdurl-1.0.1.tgz 3706ms (cache miss)
1429 timing reifyNode:node_modules/mdurl Completed in 4139ms
1430 http fetch GET 200 https://registry.npmjs.org/is-typed-array/-/is-typed-array-1.1.13.tgz 3691ms (cache miss)
1431 timing reifyNode:node_modules/is-typed-array Completed in 4139ms
1432 http fetch GET 200 https://registry.npmjs.org/ipaddr.js/-/ipaddr.js-1.9.1.tgz 3686ms (cache miss)
1433 timing reifyNode:node_modules/ipaddr.js Completed in 4140ms
1434 timing reifyNode:node_modules/timers-ext Completed in 4169ms
1435 timing reifyNode:node_modules/secure-json-parse Completed in 4164ms
1436 http fetch GET 200 https://registry.npmjs.org/is-date-object/-/is-date-object-1.0.5.tgz 3699ms (cache miss)
1437 timing reifyNode:node_modules/is-date-object Completed in 4153ms
1438 http fetch GET 200 https://registry.npmjs.org/fastest-levenshtein/-/fastest-levenshtein-1.0.16.tgz 3686ms (cache miss)
1439 timing reifyNode:node_modules/@types/eslint Completed in 4134ms
1440 timing reifyNode:node_modules/@babel/template Completed in 4129ms
1441 http fetch GET 200 https://registry.npmjs.org/flat-cache/-/flat-cache-3.2.0.tgz 3696ms (cache miss)
1442 timing reifyNode:node_modules/flat-cache Completed in 4158ms
1443 timing reifyNode:node_modules/shell-quote Completed in 4187ms
1444 timing reifyNode:node_modules/on-exit-leak-free Completed in 4176ms
1445 http fetch GET 200 https://registry.npmjs.org/object-keys/-/object-keys-1.1.1.tgz 3757ms (cache miss)
1446 timing reifyNode:node_modules/object-keys Completed in 4176ms
1447 timing reifyNode:node_modules/commander Completed in 4164ms
1448 http fetch GET 200 https://registry.npmjs.org/rc/-/rc-1.2.8.tgz 3818ms (cache miss)
1449 timing reifyNode:node_modules/rc Completed in 4204ms
1450 http fetch GET 200 https://registry.npmjs.org/pug 2617ms (cache miss)
1451 timing metavuln:packument:pug Completed in 2619ms
1452 timing metavuln:load:security-advisory:pug:1104111 Completed in 0ms
1453 http fetch GET 200 https://registry.npmjs.org/file-entry-cache/-/file-entry-cache-6.0.1.tgz 3724ms (cache miss)
1454 timing reifyNode:node_modules/file-entry-cache Completed in 4185ms
1455 http fetch GET 200 https://registry.npmjs.org/get-symbol-description/-/get-symbol-description-1.0.2.tgz 3730ms (cache miss)
1456 timing reifyNode:node_modules/get-symbol-description Completed in 4188ms
1457 http fetch GET 200 https://registry.npmjs.org/esutils/-/esutils-2.0.3.tgz 3718ms (cache miss)
1458 timing reifyNode:node_modules/esutils Completed in 4189ms
1459 timing reifyNode:node_modules/with Completed in 4229ms
1460 timing reifyNode:node_modules/webpack-cli Completed in 4229ms
1461 timing reifyNode:node_modules/source-map-js Completed in 4222ms
1462 http fetch GET 200 https://registry.npmjs.org/negotiator/-/negotiator-0.6.3.tgz 3781ms (cache miss)
1463 timing reifyNode:node_modules/negotiator Completed in 4210ms
1464 timing reifyNode:node_modules/fastest-levenshtein Completed in 4240ms
1465 timing reifyNode:node_modules/@babel/helper-module-transforms Completed in 4224ms
1466 timing reifyNode:node_modules/webpack-merge Completed in 4299ms
1467 http fetch GET 200 https://registry.npmjs.org/prelude-ls/-/prelude-ls-1.2.1.tgz 3899ms (cache miss)
1468 timing reifyNode:node_modules/prelude-ls Completed in 4291ms
1469 http fetch GET 200 https://registry.npmjs.org/postcss-value-parser/-/postcss-value-parser-4.2.0.tgz 3892ms (cache miss)
1470 timing reifyNode:node_modules/postcss-value-parser Completed in 4292ms
1471 http fetch GET 200 https://registry.npmjs.org/object.groupby/-/object.groupby-1.0.3.tgz 3875ms (cache miss)
1472 timing reifyNode:node_modules/object.groupby Completed in 4293ms
1473 http fetch GET 200 https://registry.npmjs.org/fast-safe-stringify/-/fast-safe-stringify-2.1.1.tgz 3812ms (cache miss)
1474 timing reifyNode:node_modules/fast-safe-stringify Completed in 4278ms
1475 http fetch GET 200 https://registry.npmjs.org/istanbul-lib-source-maps/-/istanbul-lib-source-maps-4.0.1.tgz 3842ms (cache miss)
1476 timing reifyNode:node_modules/istanbul-lib-source-maps Completed in 4288ms
1477 http fetch GET 200 https://registry.npmjs.org/micromatch 2723ms (cache miss)
1478 timing metavuln:packument:micromatch Completed in 2725ms
1479 timing metavuln:load:security-advisory:micromatch:1098681 Completed in 1ms
1480 timing reifyNode:node_modules/@jridgewell/trace-mapping Completed in 4276ms
1481 timing reifyNode:node_modules/@eslint-community/eslint-utils Completed in 4274ms
1482 timing reifyNode:node_modules/sqlite3/node_modules/cacache Completed in 4326ms
1483 http fetch GET 200 https://registry.npmjs.org/minipass/-/minipass-3.3.4.tgz 3857ms (cache miss)
1484 timing reifyNode:node_modules/minipass Completed in 4311ms
1485 http fetch GET 200 https://registry.npmjs.org/object.fromentries/-/object.fromentries-2.0.8.tgz 3905ms (cache miss)
1486 timing reifyNode:node_modules/object.fromentries Completed in 4323ms
1487 timing reifyNode:node_modules/jest-util Completed in 4318ms
1488 http fetch GET 200 https://registry.npmjs.org/picomatch 2751ms (cache miss)
1489 timing metavuln:packument:picomatch Completed in 2752ms
1490 timing metavuln:load:security-advisory:picomatch:1115549 Completed in 0ms
1491 timing metavuln:load:security-advisory:picomatch:1115552 Completed in 0ms
1492 timing reifyNode:node_modules/node-gyp/node_modules/@npmcli/fs Completed in 4336ms
1493 http fetch GET 200 https://registry.npmjs.org/minimatch 2800ms (cache miss)
1494 timing metavuln:packument:minimatch Completed in 2805ms
1495 timing metavuln:load:security-advisory:minimatch:1113459 Completed in 11ms
1496 timing metavuln:load:security-advisory:minimatch:1113461 Completed in 4ms
1497 timing metavuln:load:security-advisory:minimatch:1113465 Completed in 2ms
1498 timing metavuln:load:security-advisory:minimatch:1113538 Completed in 3ms
1499 timing metavuln:load:security-advisory:minimatch:1113540 Completed in 6ms
1500 timing metavuln:load:security-advisory:minimatch:1113544 Completed in 1ms
1501 timing metavuln:load:security-advisory:minimatch:1113546 Completed in 2ms
1502 timing metavuln:load:security-advisory:minimatch:1113548 Completed in 1ms
1503 timing metavuln:load:security-advisory:minimatch:1113552 Completed in 1ms
1504 timing reifyNode:node_modules/jest-worker Completed in 4413ms
1505 timing reifyNode:node_modules/eslint-config-airbnb-base Completed in 4402ms
1506 http fetch GET 200 https://registry.npmjs.org/js-yaml 2858ms (cache miss)
1507 timing metavuln:packument:js-yaml Completed in 2860ms
1508 timing metavuln:load:security-advisory:js-yaml:1112714 Completed in 1ms
1509 timing metavuln:load:security-advisory:js-yaml:1112715 Completed in 1ms
1510 http fetch GET 200 https://registry.npmjs.org/fast-json-stable-stringify/-/fast-json-stable-stringify-2.1.0.tgz 3944ms (cache miss)
1511 http fetch GET 200 https://registry.npmjs.org/fast-content-type-parse/-/fast-content-type-parse-1.1.0.tgz 3943ms (cache miss)
1512 timing reifyNode:node_modules/@colors/colors Completed in 4393ms
1513 timing reifyNode:node_modules/webpack/node_modules/schema-utils Completed in 4450ms
1514 timing reifyNode:node_modules/terser-webpack-plugin/node_modules/schema-utils Completed in 4447ms
1515 http fetch GET 200 https://registry.npmjs.org/jest-cli/-/jest-cli-29.7.0.tgz 3983ms (cache miss)
1516 timing reifyNode:node_modules/jest-cli Completed in 4425ms
1517 http fetch GET 200 https://registry.npmjs.org/flatted 2862ms (cache miss)
1518 timing metavuln:packument:flatted Completed in 2865ms
1519 timing metavuln:load:security-advisory:flatted:1114526 Completed in 0ms
1520 timing metavuln:load:security-advisory:flatted:1115357 Completed in 1ms
1521 http fetch GET 200 https://registry.npmjs.org/objection-unique/-/objection-unique-1.2.2.tgz 4020ms (cache miss)
1522 timing reifyNode:node_modules/objection-unique Completed in 4438ms
1523 timing reifyNode:node_modules/jest-config Completed in 4435ms
1524 http fetch GET 200 https://registry.npmjs.org/micromatch/-/micromatch-4.0.5.tgz 4007ms (cache miss)
1525 timing reifyNode:node_modules/micromatch Completed in 4439ms
1526 timing reifyNode:node_modules/fast-json-stable-stringify Completed in 4428ms
1527 timing reifyNode:node_modules/@fastify/ajv-compiler Completed in 4414ms
1528 timing reifyNode:node_modules/@eslint-community/regexpp Completed in 4414ms
1529 timing reifyNode:node_modules/schema-utils Completed in 4466ms
1530 timing reifyNode:node_modules/http2-wrapper Completed in 4445ms
1531 http fetch GET 200 https://registry.npmjs.org/path-to-regexp 2883ms (cache miss)
1532 timing metavuln:packument:path-to-regexp Completed in 2884ms
1533 timing metavuln:load:security-advisory:path-to-regexp:1101846 Completed in 1ms
1534 timing reifyNode:node_modules/fastify-method-override/node_modules/fastify-plugin Completed in 4467ms
1535 timing reifyNode:node_modules/fastify-objectionjs/node_modules/fastify-plugin Completed in 4467ms
1536 timing reifyNode:node_modules/fastify-cli/node_modules/fastify-plugin Completed in 4467ms
1537 http fetch GET 200 https://registry.npmjs.org/optionator/-/optionator-0.9.3.tgz 4071ms (cache miss)
1538 timing reifyNode:node_modules/optionator Completed in 4485ms
1539 http fetch GET 200 https://registry.npmjs.org/is-regex/-/is-regex-1.1.4.tgz 4027ms (cache miss)
1540 timing reifyNode:node_modules/is-regex Completed in 4477ms
1541 http fetch GET 200 https://registry.npmjs.org/get-intrinsic/-/get-intrinsic-1.2.4.tgz 4014ms (cache miss)
1542 timing reifyNode:node_modules/get-intrinsic Completed in 4473ms
1543 http fetch GET 200 https://registry.npmjs.org/prebuild-install/-/prebuild-install-7.1.2.tgz 4101ms (cache miss)
1544 timing reifyNode:node_modules/prebuild-install Completed in 4493ms
1545 timing reifyNode:node_modules/@fastify/cookie/node_modules/fastify-plugin Completed in 4454ms
1546 timing reifyNode:node_modules/@fastify/sensible/node_modules/fastify-plugin Completed in 4454ms
1547 timing reifyNode:node_modules/@fastify/formbody/node_modules/fastify-plugin Completed in 4455ms
1548 timing reifyNode:node_modules/@fastify/secure-session/node_modules/fastify-plugin Completed in 4455ms
1549 timing reifyNode:node_modules/@fastify/flash/node_modules/fastify-plugin Completed in 4456ms
1550 http fetch GET 200 https://registry.npmjs.org/pg-types/-/pg-types-2.2.0.tgz 4091ms (cache miss)
1551 timing reifyNode:node_modules/pg-types Completed in 4503ms
1552 timing reifyNode:node_modules/fast-content-type-parse Completed in 4486ms
1553 timing reifyNode:node_modules/@fastify/sensible Completed in 4468ms
1554 timing reifyNode:node_modules/pino-pretty/node_modules/help-me Completed in 4510ms
1555 timing reifyNode:node_modules/sqlite3/node_modules/@npmcli/fs Completed in 4520ms
1556 timing reifyNode:node_modules/fastify-cli/node_modules/pino-pretty/node_modules/help-me Completed in 4492ms
1557 http fetch GET 200 https://registry.npmjs.org/json-schema-ref-resolver/-/json-schema-ref-resolver-1.0.1.tgz 4068ms (cache miss)
1558 timing reifyNode:node_modules/json-schema-ref-resolver Completed in 4507ms
1559 http fetch GET 200 https://registry.npmjs.org/minipass-fetch/-/minipass-fetch-3.0.4.tgz 4079ms (cache miss)
1560 timing reifyNode:node_modules/minipass-fetch Completed in 4510ms
1561 timing reifyNode:node_modules/webpack-sources Completed in 4537ms
1562 timing reifyNode:node_modules/jest-haste-map Completed in 4515ms
1563 timing metavuln:cache:put:security-advisory:@tootallnate/once:Bij+qufwr7God+MYI0JIFJYEDFT3IlGllIhDaMb6DB6UZOYpGBBfXc1Jq59Wdg/M2NdGRUO2+zYnIEZHW42YDw== Completed in 649ms
1564 timing metavuln:calculate:security-advisory:@tootallnate/once:1113977 Completed in 2974ms
1565 timing reifyNode:node_modules/sonic-boom Completed in 4554ms
1566 timing reifyNode:node_modules/help-me Completed in 4535ms
1567 http fetch GET 200 https://registry.npmjs.org/object.values/-/object.values-1.2.0.tgz 4131ms (cache miss)
1568 timing reifyNode:node_modules/object.values Completed in 4549ms
1569 http fetch GET 200 https://registry.npmjs.org/markdown-it 2973ms (cache miss)
1570 timing metavuln:packument:markdown-it Completed in 2975ms
1571 timing metavuln:load:security-advisory:markdown-it:1113190 Completed in 1ms
1572 http fetch GET 200 https://registry.npmjs.org/fastify-plugin/-/fastify-plugin-3.0.1.tgz 4079ms (cache miss)
1573 timing reifyNode:node_modules/ssri/node_modules/minipass Completed in 4573ms
1574 timing reifyNode:node_modules/pacote/node_modules/fs-minipass/node_modules/minipass Completed in 4562ms
1575 timing reifyNode:node_modules/minipass-fetch/node_modules/minipass Completed in 4558ms
1576 timing reifyNode:node_modules/path-scurry/node_modules/minipass Completed in 4565ms
1577 timing reifyNode:node_modules/glob/node_modules/minipass Completed in 4551ms
1578 http fetch GET 200 https://registry.npmjs.org/nanoid/-/nanoid-3.3.7.tgz 4135ms (cache miss)
1579 http fetch GET 200 https://registry.npmjs.org/lodash 2992ms (cache miss)
1580 timing metavuln:packument:lodash Completed in 2997ms
1581 timing metavuln:load:security-advisory:lodash:1112455 Completed in 1ms
1582 http fetch GET 200 https://registry.npmjs.org/pino-abstract-transport/-/pino-abstract-transport-1.2.0.tgz 4173ms (cache miss)
1583 timing reifyNode:node_modules/cacache/node_modules/minipass Completed in 4551ms
1584 http fetch GET 200 https://registry.npmjs.org/istanbul-lib-report/-/istanbul-lib-report-3.0.1.tgz 4132ms (cache miss)
1585 timing reifyNode:node_modules/istanbul-lib-report Completed in 4577ms
1586 timing metavuln:cache:put:security-advisory:ip:FcMhhitnipE8n5zCPiVRq2NLRNmu7UZkoO9lrM5CRC/emGwY5wSoa1+q1Q1Z8SPpfXO9tzox/MNRv7luhyJvqg== Completed in 644ms
1587 timing metavuln:calculate:security-advisory:ip:1101851 Completed in 3013ms
1588 timing metavuln:cache:put:security-advisory:ip:kueZWtHx2OlOfcgg7jCuzsMg1G+hSWSz46I4qS9A9YkI1yyLIkm6qmb9EAp6afwx9qKW96Z5AKmkLgtElUvJrg== Completed in 642ms
1589 timing metavuln:calculate:security-advisory:ip:1114832 Completed in 3013ms
1590 timing metavuln:cache:put:security-advisory:brace-expansion:kIHgu1L8zIy7pY0wp6wYzUm7tst3xTM2tiSYrstcGK/XsO7o4p6zyuUSjq93oH1dvU2tbEvlSW+gaNbGIbeudw== Completed in 628ms
1591 timing metavuln:calculate:security-advisory:brace-expansion:1115540 Completed in 3028ms
1592 timing metavuln:cache:put:security-advisory:brace-expansion:ZHzAtnciS42HIMtUGajCifTIrkCUkWb93u/V1lJEt9HzdJ+ypMofn/dKgSOaziPQj+WGAcGS7t7WdPUHJBz0LA== Completed in 627ms
1593 timing metavuln:calculate:security-advisory:brace-expansion:1115541 Completed in 3028ms
1594 http fetch GET 200 https://registry.npmjs.org/glob 3031ms (cache miss)
1595 timing metavuln:packument:glob Completed in 3034ms
1596 timing metavuln:load:security-advisory:glob:1109842 Completed in 3ms
1597 timing metavuln:cache:put:security-advisory:brace-expansion:7IQMvcVTr+svbh5KCx4Kl6FQKJ1GciM03BnJAve/5WYJjUeRzKAIrStVpfachbl3T6a7o8nYlQEVG6Ih0TNXRg== Completed in 637ms
1598 timing metavuln:calculate:security-advisory:brace-expansion:1105443 Completed in 3037ms
1599 timing metavuln:cache:put:security-advisory:brace-expansion:mClmYqWawCNXseeTBHWiIwZH/2CmFUqPCmosJIeOhAgD9z1v3SayhHAwaWVo8wmeKU/JN9VP4zDBeXaqy3Ay2A== Completed in 637ms
1600 timing metavuln:calculate:security-advisory:brace-expansion:1105444 Completed in 3036ms
1601 http fetch GET 200 https://registry.npmjs.org/npm-registry-fetch/-/npm-registry-fetch-14.0.5.tgz 4186ms (cache miss)
1602 timing reifyNode:node_modules/npm-registry-fetch Completed in 4610ms
1603 timing reifyNode:node_modules/readable-stream Completed in 4621ms
1604 http fetch GET 200 https://registry.npmjs.org/istanbul-lib-instrument/-/istanbul-lib-instrument-6.0.2.tgz 4164ms (cache miss)
1605 timing reifyNode:node_modules/istanbul-lib-instrument Completed in 4604ms
1606 timing reifyNode:node_modules/terser-webpack-plugin/node_modules/jest-worker Completed in 4635ms
1607 http fetch GET 200 https://registry.npmjs.org/object.entries/-/object.entries-1.1.8.tgz 4201ms (cache miss)
1608 timing reifyNode:node_modules/object.entries Completed in 4620ms
1609 http fetch GET 200 https://registry.npmjs.org/function.prototype.name/-/function.prototype.name-1.1.6.tgz 4147ms (cache miss)
1610 timing reifyNode:node_modules/function.prototype.name Completed in 4606ms
1611 http fetch GET 200 https://registry.npmjs.org/mime/-/mime-3.0.0.tgz 4189ms (cache miss)
1612 timing reifyNode:node_modules/mime Completed in 4621ms
1613 http fetch GET 200 https://registry.npmjs.org/path-to-regexp/-/path-to-regexp-6.2.1.tgz 4217ms (cache miss)
1614 timing reifyNode:node_modules/path-to-regexp Completed in 4630ms
1615 timing reifyNode:node_modules/fastify-plugin Completed in 4616ms
1616 timing metavuln:cache:put:security-advisory:dottie:0ACVlgh2XixrZ76V6Aw4AGmXe/vScI8AGIUQKFGZaYZxp4MyNabKSDBfLcT9XlERSFeHYQ9hiMRtZaHo1b3mTw== Completed in 582ms
1617 timing metavuln:calculate:security-advisory:dottie:1113536 Completed in 3066ms
1618 timing reifyNode:node_modules/nanoid Completed in 4633ms
1619 timing metavuln:cache:put:security-advisory:braces:JiXBFkEDkUnBQLw3PO6emUmmm2JXqgEbh+FhB3SNDS8k6Z0wM20irrfaOjjxYuMxZaKaDudvR037mtEoeqZzXw== Completed in 578ms
1620 timing metavuln:calculate:security-advisory:braces:1098094 Completed in 3068ms
1621 timing reifyNode:node_modules/pino-abstract-transport Completed in 4642ms
1622 timing reifyNode:node_modules/undici-types Completed in 4657ms
1623 http fetch GET 200 https://registry.npmjs.org/pino-std-serializers/-/pino-std-serializers-6.2.2.tgz 4234ms (cache miss)
1624 timing reifyNode:node_modules/qs Completed in 4649ms
1625 http fetch GET 200 https://registry.npmjs.org/process-warning/-/process-warning-3.0.0.tgz 4259ms (cache miss)
1626 timing metavuln:cache:put:security-advisory:pug-code-gen:jYtA+ua4XfswkuObBtnwWn2fYvQUK4ca+Iv1+bqgs4mXRLiX4zUdwwNSawL0T4CvKtEq8q6TFgvFydQ8OKg+/Q== Completed in 563ms
1627 timing metavuln:calculate:security-advisory:pug-code-gen:1104107 Completed in 3067ms
1628 timing reifyNode:node_modules/ajv-keywords Completed in 4619ms
1629 timing reifyNode:node_modules/foreground-child/node_modules/signal-exit Completed in 4634ms
1630 timing reifyNode:node_modules/light-my-request Completed in 4654ms
1631 timing metavuln:cache:put:security-advisory:cookie:EFt7h/FZLeopARa06+F2CBY5ItUm007mP/cHgZjTJZX1MeIwg3JD7toSioRoDeE8wm5VdkimqlS+CnuPhZqbIg== Completed in 553ms
1632 timing metavuln:calculate:security-advisory:cookie:1103907 Completed in 3094ms
1633 timing reifyNode:node_modules/@jest/reporters Completed in 4634ms
1634 timing reifyNode:node_modules/pino-std-serializers Completed in 4683ms
1635 timing metavuln:cache:put:security-advisory:cross-spawn:PBcc/5P1UEO/1Ba/jUNR65wOzs1wU0Y+m+OOSfB57dG5EajzjbqRMRm0l7MWqcJgHDYM5GoZ36Hm7qAYFlIH3A== Completed in 551ms
1636 timing metavuln:calculate:security-advisory:cross-spawn:1104664 Completed in 3122ms
1637 timing reifyNode:node_modules/process-warning Completed in 4698ms
1638 http fetch GET 200 https://registry.npmjs.org/gauge/-/gauge-4.0.4.tgz 4229ms (cache miss)
1639 timing reifyNode:node_modules/gauge Completed in 4688ms
1640 timing reifyNode:node_modules/acorn Completed in 4683ms
1641 timing reifyNode:node_modules/sqlite3/node_modules/node-addon-api Completed in 4729ms
1642 timing reifyNode:node_modules/wkx Completed in 4742ms
1643 timing metavuln:cache:put:security-advisory:pug:q1QCNIb5doZm6I3eRGcu7TI0K8fyc7dAf2McLW9B8u9n+aVFF2mdYrDZecswkGEqvp/OYAJdtseKaRANUQq8pQ== Completed in 528ms
1644 timing metavuln:calculate:security-advisory:pug:1104111 Completed in 3147ms
1645 http fetch GET 200 https://registry.npmjs.org/minipass-sized/-/minipass-sized-1.0.3.tgz 4300ms (cache miss)
1646 timing reifyNode:node_modules/minipass-sized Completed in 4731ms
1647 timing reifyNode:node_modules/tar Completed in 4753ms
1648 http fetch GET 200 https://registry.npmjs.org/foreground-child/-/foreground-child-3.1.1.tgz 4267ms (cache miss)
1649 timing reifyNode:node_modules/tar-fs Completed in 4771ms
1650 timing reifyNode:node_modules/jackspeak Completed in 4752ms
1651 http fetch GET 200 https://registry.npmjs.org/flatted/-/flatted-3.3.1.tgz 4287ms (cache miss)
1652 timing reifyNode:node_modules/flatted Completed in 4747ms
1653 timing metavuln:cache:put:security-advisory:micromatch:TlYHmS8BZBwkbsPHbTfH2/e91KJnOnqfC63ZoKdiRy+yt6biPd8BwjBdyfPUht1+ZO675I3Gg00RQPYaWiOm8Q== Completed in 460ms
1654 timing metavuln:calculate:security-advisory:micromatch:1098681 Completed in 3188ms
1655 http fetch GET 200 https://registry.npmjs.org/fast-uri/-/fast-uri-2.3.0.tgz 4294ms (cache miss)
1656 http fetch GET 200 https://registry.npmjs.org/object.assign/-/object.assign-4.1.5.tgz 4361ms (cache miss)
1657 timing reifyNode:node_modules/object.assign Completed in 4780ms
1658 timing metavuln:cache:put:security-advisory:picomatch:GSQ5ghUF1JWDKMssoydWDVRebjlPePRwktLhrdWzXCq5xeBXdo4Cm9HGHnH2b6P1Nq93YjwPmimVjAx6kge32A== Completed in 456ms
1659 timing metavuln:calculate:security-advisory:picomatch:1115549 Completed in 3209ms
1660 http fetch GET 200 https://registry.npmjs.org/pretty-format/-/pretty-format-29.7.0.tgz 4403ms (cache miss)
1661 timing reifyNode:node_modules/pretty-format Completed in 4795ms
1662 timing metavuln:cache:put:security-advisory:picomatch:H8EHkZXRRUdil3DyUl8tc8lCQUliQzjc5H5D4llqFojH152sBqO1suz3XiNiRQT++wJdWkgXe/zFc/Bbrrz6ng== Completed in 458ms
1663 timing metavuln:calculate:security-advisory:picomatch:1115552 Completed in 3211ms
1664 timing reifyNode:node_modules/@fastify/secure-session Completed in 4757ms
1665 timing metavuln:cache:put:security-advisory:minimatch:txOieOIAfgHfBPiN09+pYAjPLRzgUOz3D3illtf9vTzeqs41QJZjfj5jVXCi/3ICpBX0YlJi/ghdWSjCJwNtwA== Completed in 393ms
1666 timing metavuln:calculate:security-advisory:minimatch:1113540 Completed in 3231ms
1667 timing metavuln:cache:put:security-advisory:minimatch:B00WbbnnDNaFGA7l9BgrTioYpRMzU4+U8SUF8cn65LwArJAK0O380QwyP/UyxPr7i9XUjX9/AADC41/edu9OrA== Completed in 402ms
1668 timing metavuln:calculate:security-advisory:minimatch:1113465 Completed in 3232ms
1669 timing metavuln:cache:put:security-advisory:minimatch:V/3cIcyAQcG1bwuH0e0PI9Qt5WRtbvb/WOz2mBxAfNzXf+Dvs9G1X05eHjnPq2b0TJY4zXXpqhCAkRAipgk3iQ== Completed in 412ms
1670 timing metavuln:calculate:security-advisory:minimatch:1113459 Completed in 3233ms
1671 timing metavuln:cache:put:security-advisory:minimatch:tJ9Z2VGWqiQfLaVKxc9K/6Rz1g70Mpl3An4UK+K1lyHdz27vYPzhMIkC4jRGAN2wpssY+8l13Ql259B6zkaX/Q== Completed in 393ms
1672 timing metavuln:calculate:security-advisory:minimatch:1113544 Completed in 3233ms
1673 timing metavuln:cache:put:security-advisory:minimatch:kx7kRjUmjSYmgQBpfsU82Na4xORZqvqpRRSlOyPLadasPBl0YfFJCjIETC00BG7Gd2omQLizgz8/GnnE/hk+Jw== Completed in 401ms
1674 timing metavuln:calculate:security-advisory:minimatch:1113538 Completed in 3233ms
1675 timing metavuln:cache:put:security-advisory:minimatch:tdaAHfWGUw/nl/W8ALWVH+LvG2E3gvo3P2FI/fVPxm3aZteLxWMOEuk/9iDk5O0/cZN/GRXnabt/mW/bfUoL/g== Completed in 392ms
1676 timing metavuln:calculate:security-advisory:minimatch:1113546 Completed in 3234ms
1677 timing metavuln:cache:put:security-advisory:minimatch:IBqefxF0lKwSFXzwGHp5L8khqSaPYY99x0GHtXNH4YxtdIexeL4FFPzrnnBvkhgmGDEWHo3XAgpPYGyM1jidQQ== Completed in 388ms
1678 timing metavuln:calculate:security-advisory:minimatch:1113552 Completed in 3234ms
1679 timing metavuln:cache:put:security-advisory:minimatch:d1vHbFmApmPZ8D7tU5wibuYDk+ODEPdqBqmhQYykwFs/yMixetMkwY01zYVdWNOsg0NvkvSTlNgJ2ddzclruSA== Completed in 389ms
1680 timing metavuln:calculate:security-advisory:minimatch:1113548 Completed in 3234ms
1681 timing metavuln:cache:put:security-advisory:js-yaml:MQ5RokLIvrWmT8/NQU0dD+jQ+6pFslHlaXx1Z5q7mESITohR8AwLT525ddIc2KvKZYbB1p5yclW3kV4xeRYXEg== Completed in 379ms
1682 timing metavuln:calculate:security-advisory:js-yaml:1112714 Completed in 3240ms
1683 timing metavuln:cache:put:security-advisory:js-yaml:621IdjBdZEeVoUcjWGl1jXN0jFDGaf7dIQMeaPVKf5MxqYprJztiOC0OHOUPVoayh7Cq/fTC8L5CqEb98qlE7w== Completed in 379ms
1684 timing metavuln:calculate:security-advisory:js-yaml:1112715 Completed in 3240ms
1685 timing reifyNode:node_modules/foreground-child Completed in 4793ms
1686 http fetch GET 200 https://registry.npmjs.org/form-data-encoder/-/form-data-encoder-2.1.0.tgz 4334ms (cache miss)
1687 timing reifyNode:node_modules/path-scurry/node_modules/lru-cache Completed in 4814ms
1688 timing metavuln:cache:put:security-advisory:flatted:oa7V2KnuHnLCPcrXFvcQLRAa1NASGJm9yZ+B92xpfwxan7PZyVrZjYAHt6LB51PFfA2mM8KGE+VHR+U5X/2uZw== Completed in 378ms
1689 timing metavuln:calculate:security-advisory:flatted:1114526 Completed in 3243ms
1690 timing metavuln:cache:put:security-advisory:flatted:uMG/3R828PE31LVzr7SnM2pFAXessH3XoRtonZYiGJtZfR5a//VWhmdMxy/RepstCydCDFxkci7fqEuzEvhnAA== Completed in 377ms
1691 timing metavuln:calculate:security-advisory:flatted:1115357 Completed in 3243ms
1692 http fetch GET 200 https://registry.npmjs.org/picomatch/-/picomatch-2.3.1.tgz 4414ms (cache miss)
1693 timing reifyNode:node_modules/picomatch Completed in 4825ms
1694 timing reifyNode:node_modules/fast-uri Completed in 4811ms
1695 timing metavuln:cache:put:security-advisory:minimatch:/utMkAt3a6jSPsaWIJ1J7tAb7G+ccGxNsymbhFTVWOMIyhRZOJ9QR0zn1SNtejrdUO5fsO4RDJKDMI6C5/bkuw== Completed in 439ms
1696 timing metavuln:calculate:security-advisory:minimatch:1113461 Completed in 3265ms
1697 timing metavuln:cache:put:security-advisory:path-to-regexp:TmkHz1g6xKc2pnDD1h6+ZDKMikxz0M1BBY/wyR9ER8446AKOUk6gXjoSR2douZ5enAllzNSKaynTW1H+LBi1CA== Completed in 371ms
1698 timing metavuln:calculate:security-advisory:path-to-regexp:1101846 Completed in 3257ms
1699 http fetch GET 200 https://registry.npmjs.org/@babel%2fhelpers 3286ms (cache miss)
1700 timing metavuln:packument:@babel/helpers Completed in 3293ms
1701 timing metavuln:load:security-advisory:@babel/helpers:1104001 Completed in 2ms
1702 timing reifyNode:node_modules/form-data-encoder Completed in 4848ms
1703 timing reifyNode:node_modules/type-fest Completed in 4891ms
1704 timing reifyNode:node_modules/sequelize-cli Completed in 4884ms
1705 http fetch GET 200 https://registry.npmjs.org/pacote/-/pacote-15.2.0.tgz 4461ms (cache miss)
1706 timing reifyNode:node_modules/pacote Completed in 4874ms
1707 http fetch GET 200 https://registry.npmjs.org/nanoid 3297ms (cache miss)
1708 timing metavuln:packument:nanoid Completed in 3298ms
1709 timing metavuln:load:security-advisory:nanoid:1109563 Completed in 1ms
1710 http fetch GET 200 https://registry.npmjs.org/fast-redact/-/fast-redact-3.5.0.tgz 4401ms (cache miss)
1711 timing reifyNode:node_modules/fast-redact Completed in 4865ms
1712 http fetch GET 200 https://registry.npmjs.org/pg-pool/-/pg-pool-3.6.2.tgz 4475ms (cache miss)
1713 timing reifyNode:node_modules/pg-pool Completed in 4885ms
1714 timing metavuln:cache:put:security-advisory:markdown-it:745Vt4mrHCdT8gFHVh7oHROmP4aH4fErXXhbpeVBhtIHmsxTVI7P3rJSdfXZ1iZTBS6GEnTERL4OWUfc4Co9jQ== Completed in 334ms
1715 timing metavuln:calculate:security-advisory:markdown-it:1113190 Completed in 3312ms
1716 timing metavuln:cache:put:security-advisory:lodash:OGNA5lR8rR8aeucWHqvJLBV5oaroI/lF2JfG9J2l63dx9uiGUyHuI4ymC6nv+dqWwxtqCIMcqBukiWYEiF5/RQ== Completed in 322ms
1717 timing metavuln:calculate:security-advisory:lodash:1112455 Completed in 3321ms
1718 timing metavuln:cache:put:security-advisory:glob:NTB2XjbDOgk4lkd8PZ3tUAm1F3E/ohGF6rl9/3LEO7Z0FDzSR5nWwzd3nUENA3NCNdyeR+35DOC12wPml2IV+g== Completed in 304ms
1719 timing metavuln:calculate:security-advisory:glob:1109842 Completed in 3342ms
1720 http fetch GET 200 https://registry.npmjs.org/find-my-way 3348ms (cache miss)
1721 timing metavuln:packument:find-my-way Completed in 3349ms
1722 timing metavuln:load:security-advisory:find-my-way:1099853 Completed in 4ms
1723 timing reifyNode:node_modules/@sigstore/protobuf-specs Completed in 4907ms
1724 timing reifyNode:node_modules/@fastify/merge-json-schemas Completed in 4933ms
1725 timing reifyNode:node_modules/pino-abstract-transport/node_modules/readable-stream Completed in 5023ms
1726 timing reifyNode:node_modules/pino-pretty/node_modules/readable-stream Completed in 5024ms
1727 timing reifyNode:node_modules/fastify-cli/node_modules/readable-stream Completed in 5004ms
1728 http fetch GET 200 https://registry.npmjs.org/pg/-/pg-8.11.5.tgz 4612ms (cache miss)
1729 timing reifyNode:node_modules/pg Completed in 5025ms
1730 timing reifyNode:node_modules/semver Completed in 5039ms
1731 http fetch GET 200 https://registry.npmjs.org/memoizee/-/memoizee-0.4.15.tgz 4604ms (cache miss)
1732 timing reifyNode:node_modules/memoizee Completed in 5038ms
1733 http fetch GET 200 https://registry.npmjs.org/@babel%2fruntime 3511ms (cache miss)
1734 timing metavuln:packument:@babel/runtime Completed in 3513ms
1735 timing metavuln:load:security-advisory:@babel/runtime:1104000 Completed in 5ms
1736 http fetch GET 200 https://registry.npmjs.org/mini-css-extract-plugin/-/mini-css-extract-plugin-2.9.0.tgz 4650ms (cache miss)
1737 timing reifyNode:node_modules/mini-css-extract-plugin Completed in 5083ms
1738 timing reifyNode:node_modules/@sinonjs/commons Completed in 5058ms
1739 timing reifyNode:node_modules/thread-stream Completed in 5109ms
1740 http fetch GET 200 https://registry.npmjs.org/promise/-/promise-7.3.1.tgz 4731ms (cache miss)
1741 timing reifyNode:node_modules/socks Completed in 5142ms
1742 timing reifyNode:node_modules/graphemer Completed in 5121ms
1743 timing reifyNode:node_modules/js-yaml Completed in 5140ms
1744 timing metavuln:cache:put:security-advisory:@babel/helpers:+NsF1flAI8VENgJn0XVIWaC4lCe3b89AZgBOx219qXn/BdXH1EWl/yD49aHbhQimIG4kna8zgkunsmpiAVwNPQ== Completed in 302ms
1745 timing metavuln:calculate:security-advisory:@babel/helpers:1104001 Completed in 3599ms
1746 timing reifyNode:node_modules/promise Completed in 5165ms
1747 timing metavuln:cache:put:security-advisory:nanoid:SvMVdtEUVO5ESues2DL9aEFMy6oMG+saOn/tNitKJcx7q7CvMfC5ZcstpC8dbnZl5KL/q/3pYBvQrAPBFsC+nQ== Completed in 297ms
1748 timing metavuln:calculate:security-advisory:nanoid:1109563 Completed in 3597ms
1749 timing reifyNode:node_modules/iconv-lite Completed in 5173ms
1750 timing reifyNode:node_modules/i18next Completed in 5194ms
1751 http fetch GET 200 https://registry.npmjs.org/object-inspect/-/object-inspect-1.13.1.tgz 4785ms (cache miss)
1752 timing reifyNode:node_modules/object-inspect Completed in 5208ms
1753 timing metavuln:cache:put:security-advisory:find-my-way:ncPGiupWBmuLy3osYbi6NeA3zAkV0H2ETbz204QySGfjGMvhOUrckXpvAqjVyzsYU9NNJZrPHuMSulTPi+/bfw== Completed in 286ms
1754 timing metavuln:calculate:security-advisory:find-my-way:1099853 Completed in 3640ms
1755 http fetch GET 200 https://registry.npmjs.org/ajv 3658ms (cache miss)
1756 timing metavuln:packument:ajv Completed in 3666ms
1757 timing metavuln:load:security-advisory:ajv:1113714 Completed in 4ms
1758 timing metavuln:load:security-advisory:ajv:1113715 Completed in 4ms
1759 http fetch GET 200 https://registry.npmjs.org/json5/-/json5-2.2.3.tgz 4795ms (cache miss)
1760 timing reifyNode:node_modules/json5 Completed in 5234ms
1761 timing reifyNode:node_modules/source-map Completed in 5256ms
1762 timing reifyNode:node_modules/got Completed in 5232ms
1763 timing reifyNode:node_modules/postcss Completed in 5253ms
1764 http fetch GET 200 https://registry.npmjs.org/ext/-/ext-1.7.0.tgz 4771ms (cache miss)
1765 http fetch GET 200 https://registry.npmjs.org/node-addon-api/-/node-addon-api-4.3.0.tgz 4828ms (cache miss)
1766 timing reifyNode:node_modules/node-addon-api Completed in 5255ms
1767 timing reifyNode:node_modules/@sinclair/typebox Completed in 5235ms
1768 http fetch GET 200 https://registry.npmjs.org/mustache/-/mustache-4.2.0.tgz 4843ms (cache miss)
1769 timing reifyNode:node_modules/mustache Completed in 5272ms
1770 timing reifyNode:node_modules/crypto-random-string/node_modules/type-fest Completed in 5258ms
1771 timing reifyNode:node_modules/ext Completed in 5266ms
1772 timing metavuln:cache:put:security-advisory:@babel/runtime:xDaNmlS3J8LRk7IfDb7e9Gp3gcy/xDr1QZXCKC997SMkqKVemm2guY9vQpRI6omD11L5cfCI+STpoAdxUgnVsA== Completed in 216ms
1773 timing metavuln:calculate:security-advisory:@babel/runtime:1104000 Completed in 3737ms
1774 timing reifyNode:node_modules/@webassemblyjs/ast Completed in 5271ms
1775 http fetch GET 200 https://registry.npmjs.org/prompts-ncu/-/prompts-ncu-3.0.0.tgz 4942ms (cache miss)
1776 timing reifyNode:node_modules/prompts-ncu Completed in 5330ms
1777 timing reifyNode:node_modules/@eslint/eslintrc Completed in 5292ms
1778 timing reifyNode:node_modules/eslint/node_modules/@eslint/eslintrc Completed in 5323ms
1779 timing reifyNode:node_modules/uri-js Completed in 5387ms
1780 timing reifyNode:node_modules/ignore-walk/node_modules/minimatch Completed in 5368ms
1781 timing reifyNode:node_modules/npm-check-updates/node_modules/minimatch Completed in 5380ms
1782 timing reifyNode:node_modules/@tufjs/models/node_modules/minimatch Completed in 5352ms
1783 timing reifyNode:node_modules/glob/node_modules/minimatch Completed in 5371ms
1784 timing reifyNode:node_modules/is-expression/node_modules/acorn Completed in 5380ms
1785 timing reifyNode:node_modules/uuid Completed in 5413ms
1786 timing reifyNode:node_modules/@babel/generator Completed in 5360ms
1787 timing metavuln:cache:put:security-advisory:ajv:u4HOZ0QFYFTDLqnZ5TPSC8VEvP+HMuGcZACJuTqG8bm/gunrgkQwsiiH2pbF9tNIl45RK0sW2ccPzEojb1k0xQ== Completed in 172ms
1788 timing metavuln:calculate:security-advisory:ajv:1113714 Completed in 3844ms
1789 timing metavuln:cache:put:security-advisory:ajv:URErmxoyazZWR5lFcXpgTkGsbkrUBDlzD8W6txjBw2wZoOC7oHjHFfCrRr/VnGeJvbyUY9E2jxrL8p2XbwfP8g== Completed in 168ms
1790 timing metavuln:calculate:security-advisory:ajv:1113715 Completed in 3843ms
1791 timing reifyNode:node_modules/bluebird Completed in 5399ms
1792 http fetch GET 200 https://registry.npmjs.org/pg-protocol/-/pg-protocol-1.6.1.tgz 5022ms (cache miss)
1793 timing reifyNode:node_modules/pg-protocol Completed in 5433ms
1794 http fetch GET 200 https://registry.npmjs.org/path-scurry/-/path-scurry-1.10.2.tgz 5035ms (cache miss)
1795 timing reifyNode:node_modules/path-scurry Completed in 5447ms
1796 timing reifyNode:node_modules/@bcoe/v8-coverage Completed in 5414ms
1797 http fetch GET 200 https://registry.npmjs.org/postcss-selector-parser/-/postcss-selector-parser-6.0.16.tgz 5063ms (cache miss)
1798 timing reifyNode:node_modules/postcss-selector-parser Completed in 5467ms
1799 http fetch GET 200 https://registry.npmjs.org/fastify 3901ms (cache miss)
1800 timing metavuln:packument:fastify Completed in 3972ms
1801 timing metavuln:load:security-advisory:fastify:1112876 Completed in 17ms
1802 timing metavuln:load:security-advisory:fastify:1112877 Completed in 3ms
1803 timing metavuln:load:security-advisory:fastify:1115367 Completed in 2ms
1804 timing reifyNode:node_modules/yargs Completed in 5595ms
1805 timing reifyNode:node_modules/avvio Completed in 5551ms
1806 http fetch GET 200 https://registry.npmjs.org/fs-extra/-/fs-extra-9.1.0.tgz 5105ms (cache miss)
1807 timing reifyNode:node_modules/fs-extra Completed in 5565ms
1808 http fetch GET 200 https://registry.npmjs.org/fast-copy/-/fast-copy-3.0.2.tgz 5095ms (cache miss)
1809 timing reifyNode:node_modules/fast-copy Completed in 5590ms
1810 timing reifyNode:node_modules/tsconfig-paths Completed in 5648ms
1811 timing reifyNode:node_modules/glob Completed in 5637ms
1812 timing reifyNode:node_modules/fastify-cli/node_modules/pino-pretty Completed in 5640ms
1813 timing reifyNode:node_modules/@sigstore/sign Completed in 5636ms
1814 timing metavuln:cache:put:security-advisory:fastify:Mu3bbsgGIQMzQU+JUqKbxbOdmJ9sahc+8jmwkzzm3/7BqYYzReNvhjLjZ9XT5ElUjr+2gUCz/6X6tV16iM+obQ== Completed in 133ms
1815 timing metavuln:calculate:security-advisory:fastify:1112877 Completed in 4132ms
1816 timing metavuln:cache:put:security-advisory:fastify:vrddC5kD1iC6bjQC2yMAnNLy1/+VmRDX3Vr+8eGmbbd/ikD6VgNiIpwTn2TMS3TAzr8ZR+5OeLpu/4I5U8QBKA== Completed in 131ms
1817 timing metavuln:calculate:security-advisory:fastify:1115367 Completed in 4132ms
1818 timing metavuln:cache:put:security-advisory:fastify:5OdrwYv5Xzq+rI3bchsuaHIz85Yyo5gTdhOrQGf2Em7pRhXXR2ur0R7W7qQ6UpWsSxuRBW8Fdp57dyqUhR5/yw== Completed in 139ms
1819 timing metavuln:calculate:security-advisory:fastify:1112876 Completed in 4132ms
1820 timing reifyNode:node_modules/istanbul-reports Completed in 5709ms
1821 timing reifyNode:node_modules/sigstore Completed in 5804ms
1822 timing metavuln:cache:get:security-advisory:@babel/core:rHFDgAPDp/sCXbJTVH1CD++gRwqnDm1l5hjqv1UshTfFC03lkAXjHj5sWn7bV61VhpDSBibBqnzYuoOuIJuY0Q== Completed in 88ms
1823 timing reifyNode:node_modules/@babel/parser Completed in 5770ms
1824 timing reifyNode:node_modules/@babel/traverse Completed in 5803ms
1825 http fetch GET 200 https://registry.npmjs.org/@babel%2fcore 168ms (cache hit)
1826 timing metavuln:packument:@babel/core Completed in 171ms
1827 timing metavuln:load:security-advisory:@babel/core:+NsF1flAI8VENgJn0XVIWaC4lCe3b89AZgBOx219qXn/BdXH1EWl/yD49aHbhQimIG4kna8zgkunsmpiAVwNPQ== Completed in 32ms
1828 timing reifyNode:node_modules/@babel/helpers Completed in 5885ms
1829 timing reifyNode:node_modules/pure-rand Completed in 5935ms
1830 http fetch GET 200 https://registry.npmjs.org/prompts/-/prompts-2.4.2.tgz 5552ms (cache miss)
1831 timing reifyNode:node_modules/prompts Completed in 5939ms
1832 http fetch GET 200 https://registry.npmjs.org/pino-pretty/-/pino-pretty-11.0.0.tgz 5557ms (cache miss)
1833 timing reifyNode:node_modules/pino-pretty Completed in 5974ms
1834 timing metavuln:cache:put:security-advisory:@babel/core:rHFDgAPDp/sCXbJTVH1CD++gRwqnDm1l5hjqv1UshTfFC03lkAXjHj5sWn7bV61VhpDSBibBqnzYuoOuIJuY0Q== Completed in 104ms
1835 timing metavuln:calculate:security-advisory:@babel/core:+NsF1flAI8VENgJn0XVIWaC4lCe3b89AZgBOx219qXn/BdXH1EWl/yD49aHbhQimIG4kna8zgkunsmpiAVwNPQ== Completed in 307ms
1836 timing reifyNode:node_modules/js-beautify Completed in 6009ms
1837 http fetch GET 200 https://registry.npmjs.org/generify/-/generify-4.2.0.tgz 5579ms (cache miss)
1838 timing reifyNode:node_modules/@fastify/view Completed in 6017ms
1839 timing reifyNode:node_modules/generify Completed in 6051ms
1840 timing metavuln:cache:get:security-advisory:i18next:l4tbfjbVOZGuH/00FuoHxAf5DtkJBCMqzu0CQ4juWz1pfNe0diGF78qD/NikjjOQugC9THUj3QGPzO/X2ByTaQ== Completed in 56ms
1841 timing metavuln:cache:get:security-advisory:date-fns:kHMTVg+O95Y0EFfM2HO1mb7SZ4p5vWeiW1gikHyGe2x3c6+UXU8uqt+wXkUDmiXnjlJPeS0xt/QOsr/K++6P+Q== Completed in 58ms
1842 http fetch GET 200 https://registry.npmjs.org/fast-json-stringify/-/fast-json-stringify-5.14.1.tgz 5613ms (cache miss)
1843 timing reifyNode:node_modules/fast-json-stringify Completed in 6077ms
1844 http fetch GET 200 https://registry.npmjs.org/neo-async/-/neo-async-2.6.2.tgz 5681ms (cache miss)
1845 timing reifyNode:node_modules/neo-async Completed in 6109ms
1846 http fetch GET 200 https://registry.npmjs.org/markdown-it/-/markdown-it-13.0.2.tgz 5689ms (cache miss)
1847 timing reifyNode:node_modules/markdown-it Completed in 6126ms
1848 http fetch GET 200 https://registry.npmjs.org/date-fns 123ms (cache hit)
1849 timing metavuln:packument:date-fns Completed in 129ms
1850 timing metavuln:load:security-advisory:date-fns:xDaNmlS3J8LRk7IfDb7e9Gp3gcy/xDr1QZXCKC997SMkqKVemm2guY9vQpRI6omD11L5cfCI+STpoAdxUgnVsA== Completed in 1ms
1851 http fetch GET 200 https://registry.npmjs.org/i18next 132ms (cache hit)
1852 timing metavuln:packument:i18next Completed in 136ms
1853 timing metavuln:load:security-advisory:i18next:xDaNmlS3J8LRk7IfDb7e9Gp3gcy/xDr1QZXCKC997SMkqKVemm2guY9vQpRI6omD11L5cfCI+STpoAdxUgnVsA== Completed in 5ms
1854 timing reifyNode:node_modules/schema-utils/node_modules/ajv-keywords Completed in 6199ms
1855 timing reifyNode:node_modules/ajv Completed in 6163ms
1856 timing metavuln:cache:put:security-advisory:date-fns:kHMTVg+O95Y0EFfM2HO1mb7SZ4p5vWeiW1gikHyGe2x3c6+UXU8uqt+wXkUDmiXnjlJPeS0xt/QOsr/K++6P+Q== Completed in 89ms
1857 timing metavuln:calculate:security-advisory:date-fns:xDaNmlS3J8LRk7IfDb7e9Gp3gcy/xDr1QZXCKC997SMkqKVemm2guY9vQpRI6omD11L5cfCI+STpoAdxUgnVsA== Completed in 220ms
1858 timing metavuln:cache:put:security-advisory:i18next:l4tbfjbVOZGuH/00FuoHxAf5DtkJBCMqzu0CQ4juWz1pfNe0diGF78qD/NikjjOQugC9THUj3QGPzO/X2ByTaQ== Completed in 78ms
1859 timing metavuln:calculate:security-advisory:i18next:xDaNmlS3J8LRk7IfDb7e9Gp3gcy/xDr1QZXCKC997SMkqKVemm2guY9vQpRI6omD11L5cfCI+STpoAdxUgnVsA== Completed in 220ms
1860 timing reifyNode:node_modules/terser Completed in 6275ms
1861 timing metavuln:cache:get:security-advisory:ajv-keywords:CfFtUnAadfuCbS71yeRl9tl/9HIXJ6js/s7gXlcBmi25TSuj5fGBRan13Z6fruYADIymacHLp/CVDNUa5XJjlQ== Completed in 49ms
1862 timing metavuln:cache:get:security-advisory:schema-utils:vlNV1ObVfukgjaciZvL6tO81wrIqbupJy3JWyMpfVe/qCIyWAVHkVJWWQRgYkBk00jAcxPQ8I4FgEcesSO9D+Q== Completed in 47ms
1863 timing metavuln:cache:get:security-advisory:@eslint/eslintrc:aTNWJFSkw5DS4SB2nZgnaAFFdAXCgYakUu7Vnu0VAj0AclpVyjznKIgNeS8Irm+NcHSORmoypttmDbChxemxqA== Completed in 51ms
1864 timing metavuln:cache:get:security-advisory:eslint:6kRX7Aokk76Jx6XoOHiMSU8BTR90SQMK5AZjmt7HFdN87a8DFzzjuJwsTWoA1xHp5ATdta4R7ud3Xw2YczLZlA== Completed in 49ms
1865 timing reifyNode:node_modules/@types/validator Completed in 6275ms
1866 http fetch GET 200 https://registry.npmjs.org/ajv-keywords 109ms (cache hit)
1867 timing metavuln:packument:ajv-keywords Completed in 112ms
1868 timing metavuln:load:security-advisory:ajv-keywords:u4HOZ0QFYFTDLqnZ5TPSC8VEvP+HMuGcZACJuTqG8bm/gunrgkQwsiiH2pbF9tNIl45RK0sW2ccPzEojb1k0xQ== Completed in 6ms
1869 http fetch GET 200 https://registry.npmjs.org/@eslint%2feslintrc 121ms (cache hit)
1870 timing metavuln:packument:@eslint/eslintrc Completed in 123ms
1871 timing metavuln:load:security-advisory:@eslint/eslintrc:u4HOZ0QFYFTDLqnZ5TPSC8VEvP+HMuGcZACJuTqG8bm/gunrgkQwsiiH2pbF9tNIl45RK0sW2ccPzEojb1k0xQ== Completed in 1ms
1872 http fetch GET 200 https://registry.npmjs.org/schema-utils 121ms (cache hit)
1873 timing metavuln:packument:schema-utils Completed in 122ms
1874 timing metavuln:load:security-advisory:schema-utils:u4HOZ0QFYFTDLqnZ5TPSC8VEvP+HMuGcZACJuTqG8bm/gunrgkQwsiiH2pbF9tNIl45RK0sW2ccPzEojb1k0xQ== Completed in 3ms
1875 http fetch GET 200 https://registry.npmjs.org/eslint 127ms (cache hit)
1876 timing metavuln:packument:eslint Completed in 135ms
1877 timing metavuln:load:security-advisory:eslint:u4HOZ0QFYFTDLqnZ5TPSC8VEvP+HMuGcZACJuTqG8bm/gunrgkQwsiiH2pbF9tNIl45RK0sW2ccPzEojb1k0xQ== Completed in 5ms
1878 timing reifyNode:node_modules/resolve Completed in 6396ms
1879 timing reifyNode:node_modules/@types/node Completed in 6408ms
1880 timing metavuln:cache:put:security-advisory:@eslint/eslintrc:aTNWJFSkw5DS4SB2nZgnaAFFdAXCgYakUu7Vnu0VAj0AclpVyjznKIgNeS8Irm+NcHSORmoypttmDbChxemxqA== Completed in 100ms
1881 timing metavuln:calculate:security-advisory:@eslint/eslintrc:u4HOZ0QFYFTDLqnZ5TPSC8VEvP+HMuGcZACJuTqG8bm/gunrgkQwsiiH2pbF9tNIl45RK0sW2ccPzEojb1k0xQ== Completed in 224ms
1882 timing metavuln:cache:put:security-advisory:ajv-keywords:CfFtUnAadfuCbS71yeRl9tl/9HIXJ6js/s7gXlcBmi25TSuj5fGBRan13Z6fruYADIymacHLp/CVDNUa5XJjlQ== Completed in 104ms
1883 timing metavuln:calculate:security-advisory:ajv-keywords:u4HOZ0QFYFTDLqnZ5TPSC8VEvP+HMuGcZACJuTqG8bm/gunrgkQwsiiH2pbF9tNIl45RK0sW2ccPzEojb1k0xQ== Completed in 222ms
1884 timing metavuln:cache:put:security-advisory:eslint:6kRX7Aokk76Jx6XoOHiMSU8BTR90SQMK5AZjmt7HFdN87a8DFzzjuJwsTWoA1xHp5ATdta4R7ud3Xw2YczLZlA== Completed in 83ms
1885 timing metavuln:calculate:security-advisory:eslint:u4HOZ0QFYFTDLqnZ5TPSC8VEvP+HMuGcZACJuTqG8bm/gunrgkQwsiiH2pbF9tNIl45RK0sW2ccPzEojb1k0xQ== Completed in 223ms
1886 timing metavuln:cache:put:security-advisory:schema-utils:vlNV1ObVfukgjaciZvL6tO81wrIqbupJy3JWyMpfVe/qCIyWAVHkVJWWQRgYkBk00jAcxPQ8I4FgEcesSO9D+Q== Completed in 100ms
1887 timing metavuln:calculate:security-advisory:schema-utils:u4HOZ0QFYFTDLqnZ5TPSC8VEvP+HMuGcZACJuTqG8bm/gunrgkQwsiiH2pbF9tNIl45RK0sW2ccPzEojb1k0xQ== Completed in 225ms
1888 timing reifyNode:node_modules/@babel/core Completed in 6436ms
1889 timing reifyNode:node_modules/type Completed in 6495ms
1890 timing reifyNode:node_modules/@vscode/sqlite3 Completed in 6454ms
1891 timing metavuln:cache:get:security-advisory:schema-utils:jeD++QW3RmuXUj4724QcitSOqXm1y5wbrmfm8CQ+ksMJQx9x5aXXN4+FC6sDGla6lZbT/KpvddsLwTCnkcqp7w== Completed in 69ms
1892 timing metavuln:load:security-advisory:schema-utils:URErmxoyazZWR5lFcXpgTkGsbkrUBDlzD8W6txjBw2wZoOC7oHjHFfCrRr/VnGeJvbyUY9E2jxrL8p2XbwfP8g== Completed in 7ms
1893 timing metavuln:cache:get:security-advisory:fast-json-stringify:XZWsOq+kHn1UjLK/uKvUbRzYGtOQyzV/hW4n+VQ+pUIUFFHT8wgzf3SfcccZ6hMHYV0BuN0TqHOEr1Pvh2AbvQ== Completed in 81ms
1894 timing metavuln:cache:get:security-advisory:@fastify/ajv-compiler:+MLdGrUswLVyvmXiuYG66Nr9N0uWS06Mp2b1NPYRzxFzRanMM4snyVQYmf7jDlBCLmagi+ylWXX6kGn5g5IXJg== Completed in 82ms
1895 timing metavuln:cache:get:security-advisory:ajv-formats:FvZpb7jSNyyWiQIVPGitnU868Mo9VzJTfWeYAHvgwc94UdQjyn/4YC1QV41UK3biKRAfI35CyKmFL3IDemDaKQ== Completed in 81ms
1896 timing metavuln:cache:get:security-advisory:objection:jeTPYs/kAD6NSRH/MdI7QnU+4Hiwje7WgQEBOjoTX9eJtgPbcSXlxjiVq480QD1AoBjpOEDDxi5b4uTcS/+5FA== Completed in 78ms
1897 timing metavuln:cache:get:security-advisory:ajv-keywords:2GXRn8zsuxNEY7/qN6wYE4CrPKkAphM+4Wm/OdOGHx+Nj0CLwtJcho1aVT3xUylELIHg6tXqQVmGBKQ2DdlCMA== Completed in 77ms
1898 timing metavuln:load:security-advisory:ajv-keywords:URErmxoyazZWR5lFcXpgTkGsbkrUBDlzD8W6txjBw2wZoOC7oHjHFfCrRr/VnGeJvbyUY9E2jxrL8p2XbwfP8g== Completed in 4ms
1899 timing reifyNode:node_modules/sqlite3 Completed in 6569ms
1900 http fetch GET 200 https://registry.npmjs.org/@fastify%2fajv-compiler 134ms (cache hit)
1901 timing metavuln:packument:@fastify/ajv-compiler Completed in 136ms
1902 timing metavuln:load:security-advisory:@fastify/ajv-compiler:URErmxoyazZWR5lFcXpgTkGsbkrUBDlzD8W6txjBw2wZoOC7oHjHFfCrRr/VnGeJvbyUY9E2jxrL8p2XbwfP8g== Completed in 4ms
1903 http fetch GET 200 https://registry.npmjs.org/fast-json-stringify 139ms (cache hit)
1904 timing metavuln:packument:fast-json-stringify Completed in 142ms
1905 timing metavuln:load:security-advisory:fast-json-stringify:URErmxoyazZWR5lFcXpgTkGsbkrUBDlzD8W6txjBw2wZoOC7oHjHFfCrRr/VnGeJvbyUY9E2jxrL8p2XbwfP8g== Completed in 2ms
1906 http fetch GET 200 https://registry.npmjs.org/ajv-formats 145ms (cache hit)
1907 timing metavuln:packument:ajv-formats Completed in 145ms
1908 timing metavuln:load:security-advisory:ajv-formats:URErmxoyazZWR5lFcXpgTkGsbkrUBDlzD8W6txjBw2wZoOC7oHjHFfCrRr/VnGeJvbyUY9E2jxrL8p2XbwfP8g== Completed in 3ms
1909 http fetch GET 200 https://registry.npmjs.org/objection 144ms (cache hit)
1910 timing metavuln:packument:objection Completed in 149ms
1911 timing metavuln:load:security-advisory:objection:URErmxoyazZWR5lFcXpgTkGsbkrUBDlzD8W6txjBw2wZoOC7oHjHFfCrRr/VnGeJvbyUY9E2jxrL8p2XbwfP8g== Completed in 11ms
1912 timing metavuln:cache:put:security-advisory:schema-utils:jeD++QW3RmuXUj4724QcitSOqXm1y5wbrmfm8CQ+ksMJQx9x5aXXN4+FC6sDGla6lZbT/KpvddsLwTCnkcqp7w== Completed in 138ms
1913 timing metavuln:calculate:security-advisory:schema-utils:URErmxoyazZWR5lFcXpgTkGsbkrUBDlzD8W6txjBw2wZoOC7oHjHFfCrRr/VnGeJvbyUY9E2jxrL8p2XbwfP8g== Completed in 214ms
1914 timing metavuln:cache:put:security-advisory:ajv-keywords:2GXRn8zsuxNEY7/qN6wYE4CrPKkAphM+4Wm/OdOGHx+Nj0CLwtJcho1aVT3xUylELIHg6tXqQVmGBKQ2DdlCMA== Completed in 134ms
1915 timing metavuln:calculate:security-advisory:ajv-keywords:URErmxoyazZWR5lFcXpgTkGsbkrUBDlzD8W6txjBw2wZoOC7oHjHFfCrRr/VnGeJvbyUY9E2jxrL8p2XbwfP8g== Completed in 215ms
1916 timing metavuln:cache:put:security-advisory:@fastify/ajv-compiler:+MLdGrUswLVyvmXiuYG66Nr9N0uWS06Mp2b1NPYRzxFzRanMM4snyVQYmf7jDlBCLmagi+ylWXX6kGn5g5IXJg== Completed in 121ms
1917 timing metavuln:calculate:security-advisory:@fastify/ajv-compiler:URErmxoyazZWR5lFcXpgTkGsbkrUBDlzD8W6txjBw2wZoOC7oHjHFfCrRr/VnGeJvbyUY9E2jxrL8p2XbwfP8g== Completed in 262ms
1918 timing metavuln:cache:put:security-advisory:fast-json-stringify:XZWsOq+kHn1UjLK/uKvUbRzYGtOQyzV/hW4n+VQ+pUIUFFHT8wgzf3SfcccZ6hMHYV0BuN0TqHOEr1Pvh2AbvQ== Completed in 118ms
1919 timing metavuln:calculate:security-advisory:fast-json-stringify:URErmxoyazZWR5lFcXpgTkGsbkrUBDlzD8W6txjBw2wZoOC7oHjHFfCrRr/VnGeJvbyUY9E2jxrL8p2XbwfP8g== Completed in 262ms
1920 timing metavuln:cache:put:security-advisory:objection:jeTPYs/kAD6NSRH/MdI7QnU+4Hiwje7WgQEBOjoTX9eJtgPbcSXlxjiVq480QD1AoBjpOEDDxi5b4uTcS/+5FA== Completed in 99ms
1921 timing metavuln:calculate:security-advisory:objection:URErmxoyazZWR5lFcXpgTkGsbkrUBDlzD8W6txjBw2wZoOC7oHjHFfCrRr/VnGeJvbyUY9E2jxrL8p2XbwfP8g== Completed in 260ms
1922 timing metavuln:cache:put:security-advisory:ajv-formats:FvZpb7jSNyyWiQIVPGitnU868Mo9VzJTfWeYAHvgwc94UdQjyn/4YC1QV41UK3biKRAfI35CyKmFL3IDemDaKQ== Completed in 115ms
1923 timing metavuln:calculate:security-advisory:ajv-formats:URErmxoyazZWR5lFcXpgTkGsbkrUBDlzD8W6txjBw2wZoOC7oHjHFfCrRr/VnGeJvbyUY9E2jxrL8p2XbwfP8g== Completed in 263ms
1924 http fetch GET 200 https://registry.npmjs.org/moment-timezone/-/moment-timezone-0.5.45.tgz 6324ms (cache miss)
1925 timing reifyNode:node_modules/@babel/runtime Completed in 6741ms
1926 timing reifyNode:node_modules/moment-timezone Completed in 6779ms
1927 timing metavuln:cache:get:security-advisory:@istanbuljs/load-nyc-config:w/86FNlNAKUQI54d7RUzBsP1/0m9gEqvzcKgVc1hG/QVJuqE1LIXvZVbQtAg4c7kez3/aUOM4JWOhkj3kEEPVA== Completed in 58ms
1928 http fetch GET 200 https://registry.npmjs.org/@istanbuljs%2fload-nyc-config 131ms (cache hit)
1929 timing metavuln:packument:@istanbuljs/load-nyc-config Completed in 131ms
1930 timing metavuln:load:security-advisory:@istanbuljs/load-nyc-config:MQ5RokLIvrWmT8/NQU0dD+jQ+6pFslHlaXx1Z5q7mESITohR8AwLT525ddIc2KvKZYbB1p5yclW3kV4xeRYXEg== Completed in 0ms
1931 timing metavuln:cache:put:security-advisory:@istanbuljs/load-nyc-config:w/86FNlNAKUQI54d7RUzBsP1/0m9gEqvzcKgVc1hG/QVJuqE1LIXvZVbQtAg4c7kez3/aUOM4JWOhkj3kEEPVA== Completed in 100ms
1932 timing metavuln:calculate:security-advisory:@istanbuljs/load-nyc-config:MQ5RokLIvrWmT8/NQU0dD+jQ+6pFslHlaXx1Z5q7mESITohR8AwLT525ddIc2KvKZYbB1p5yclW3kV4xeRYXEg== Completed in 232ms
1933 timing reifyNode:node_modules/validator Completed in 7005ms
1934 timing metavuln:cache:get:security-advisory:eslint:tWpS8shwtPvlnKrr0IDTnNgdZsEAPzEyjXys9cT2vEpfBr9XWHwJtpN5VN/tlasnmObTFIj3QrfKiIX5Y5+g2Q== Completed in 38ms
1935 timing metavuln:load:security-advisory:eslint:621IdjBdZEeVoUcjWGl1jXN0jFDGaf7dIQMeaPVKf5MxqYprJztiOC0OHOUPVoayh7Cq/fTC8L5CqEb98qlE7w== Completed in 5ms
1936 timing metavuln:cache:get:security-advisory:@eslint/eslintrc:+dj/LqpwTuLnMbBYuGIzIb6b3zspptDh0rakRHhZtIReGOQCQDIXFUqoHFXyUBrXqkKL96IYWa7gOtmMPQ2AIw== Completed in 46ms
1937 timing metavuln:load:security-advisory:@eslint/eslintrc:621IdjBdZEeVoUcjWGl1jXN0jFDGaf7dIQMeaPVKf5MxqYprJztiOC0OHOUPVoayh7Cq/fTC8L5CqEb98qlE7w== Completed in 0ms
1938 timing metavuln:cache:get:security-advisory:npm-check-updates:9vC8VlwNHMPreDKCmfk/iQYKr5FKq35DZWscTOeXqRjPbM+Efw5aQBr9cfJGMTacDylcPe1nQJ5GQctXjbhmEA== Completed in 47ms
1939 timing metavuln:cache:get:security-advisory:rc-config-loader:q4AulNladPM/Ic9lEbKbGuyQzjCn1jqwz0AMYs/yQHvgYOx1mDpLBZLgKZBAnHqoDFu8LWanb5hOiIEPx1/klw== Completed in 46ms
1940 http fetch GET 200 https://registry.npmjs.org/jquery/-/jquery-3.7.1.tgz 6563ms (cache miss)
1941 timing reifyNode:node_modules/jquery Completed in 7003ms
1942 http fetch GET 200 https://registry.npmjs.org/rc-config-loader 77ms (cache hit)
1943 timing metavuln:packument:rc-config-loader Completed in 79ms
1944 timing metavuln:load:security-advisory:rc-config-loader:621IdjBdZEeVoUcjWGl1jXN0jFDGaf7dIQMeaPVKf5MxqYprJztiOC0OHOUPVoayh7Cq/fTC8L5CqEb98qlE7w== Completed in 1ms
1945 http fetch GET 200 https://registry.npmjs.org/npm-check-updates 82ms (cache hit)
1946 timing metavuln:packument:npm-check-updates Completed in 89ms
1947 timing metavuln:load:security-advisory:npm-check-updates:621IdjBdZEeVoUcjWGl1jXN0jFDGaf7dIQMeaPVKf5MxqYprJztiOC0OHOUPVoayh7Cq/fTC8L5CqEb98qlE7w== Completed in 3ms
1948 timing reifyNode:node_modules/sqlite3/node_modules/node-gyp Completed in 7084ms
1949 timing metavuln:cache:put:security-advisory:@eslint/eslintrc:+dj/LqpwTuLnMbBYuGIzIb6b3zspptDh0rakRHhZtIReGOQCQDIXFUqoHFXyUBrXqkKL96IYWa7gOtmMPQ2AIw== Completed in 67ms
1950 timing metavuln:calculate:security-advisory:@eslint/eslintrc:621IdjBdZEeVoUcjWGl1jXN0jFDGaf7dIQMeaPVKf5MxqYprJztiOC0OHOUPVoayh7Cq/fTC8L5CqEb98qlE7w== Completed in 114ms
1951 timing metavuln:cache:put:security-advisory:eslint:tWpS8shwtPvlnKrr0IDTnNgdZsEAPzEyjXys9cT2vEpfBr9XWHwJtpN5VN/tlasnmObTFIj3QrfKiIX5Y5+g2Q== Completed in 70ms
1952 timing metavuln:calculate:security-advisory:eslint:621IdjBdZEeVoUcjWGl1jXN0jFDGaf7dIQMeaPVKf5MxqYprJztiOC0OHOUPVoayh7Cq/fTC8L5CqEb98qlE7w== Completed in 114ms
1953 timing metavuln:cache:put:security-advisory:npm-check-updates:9vC8VlwNHMPreDKCmfk/iQYKr5FKq35DZWscTOeXqRjPbM+Efw5aQBr9cfJGMTacDylcPe1nQJ5GQctXjbhmEA== Completed in 130ms
1954 timing metavuln:calculate:security-advisory:npm-check-updates:621IdjBdZEeVoUcjWGl1jXN0jFDGaf7dIQMeaPVKf5MxqYprJztiOC0OHOUPVoayh7Cq/fTC8L5CqEb98qlE7w== Completed in 222ms
1955 timing metavuln:cache:put:security-advisory:rc-config-loader:q4AulNladPM/Ic9lEbKbGuyQzjCn1jqwz0AMYs/yQHvgYOx1mDpLBZLgKZBAnHqoDFu8LWanb5hOiIEPx1/klw== Completed in 142ms
1956 timing metavuln:calculate:security-advisory:rc-config-loader:621IdjBdZEeVoUcjWGl1jXN0jFDGaf7dIQMeaPVKf5MxqYprJztiOC0OHOUPVoayh7Cq/fTC8L5CqEb98qlE7w== Completed in 222ms
1957 timing metavuln:cache:get:security-advisory:cacache:jgcnDPpQA6Pd0WUq11of4JS3nfZzFbYPGEiM5lXhkm38JNpJrS4nuiCNInBrG+RFBevWIak8ZWL+tkpr1DlzGg== Completed in 6ms
1958 timing metavuln:cache:get:security-advisory:js-beautify:Vg4oCCAQB/t0zzprsEbdJg6TgVHuRJw0PRholaLu8gEgXPNwujG9YYkL+R6A/jlFVJswJIA/24mjV0y67XN7RQ== Completed in 5ms
1959 timing reifyNode:node_modules/fastify-cli Completed in 7195ms
1960 timing metavuln:cache:get:security-advisory:read-package-json:5WkYUYsTGprHudeNOjhfcYXDGB8eWDswOp2+aJWtp1ncEbaoiGa2Q1lkBQE7lR7C0v/5HFdS8ID7fdeWkZPMug== Completed in 30ms
1961 timing metavuln:cache:get:security-advisory:@fastify/static:TJO1f5BqMO4qMGONrc+X2aE91hAeJVEa64O46oNWsNPJu2NMTiGs2lLdmyRmAW0v3iBC5Nb7yZi+GFX0dYya2A== Completed in 33ms
1962 timing metavuln:cache:get:security-advisory:rimraf:U6dWjEG+wBLaAeoUiIjGQdamS87vxL0a3IcTpkHufDNqr9Eagu7/CvMBwQallZVI2Pl2lkAMB2WJoO94XiR/Rw== Completed in 31ms
1963 http fetch GET 200 https://registry.npmjs.org/pino/-/pino-8.20.0.tgz 6852ms (cache miss)
1964 http fetch GET 200 https://registry.npmjs.org/cacache 71ms (cache hit)
1965 timing metavuln:packument:cacache Completed in 74ms
1966 timing metavuln:load:security-advisory:cacache:NTB2XjbDOgk4lkd8PZ3tUAm1F3E/ohGF6rl9/3LEO7Z0FDzSR5nWwzd3nUENA3NCNdyeR+35DOC12wPml2IV+g== Completed in 3ms
1967 http fetch GET 200 https://registry.npmjs.org/@fastify%2fstatic 78ms (cache hit)
1968 timing metavuln:packument:@fastify/static Completed in 79ms
1969 timing metavuln:load:security-advisory:@fastify/static:NTB2XjbDOgk4lkd8PZ3tUAm1F3E/ohGF6rl9/3LEO7Z0FDzSR5nWwzd3nUENA3NCNdyeR+35DOC12wPml2IV+g== Completed in 1ms
1970 http fetch GET 200 https://registry.npmjs.org/read-package-json 78ms (cache hit)
1971 timing metavuln:packument:read-package-json Completed in 80ms
1972 timing metavuln:load:security-advisory:read-package-json:NTB2XjbDOgk4lkd8PZ3tUAm1F3E/ohGF6rl9/3LEO7Z0FDzSR5nWwzd3nUENA3NCNdyeR+35DOC12wPml2IV+g== Completed in 1ms
1973 http fetch GET 200 https://registry.npmjs.org/js-beautify 81ms (cache hit)
1974 timing metavuln:packument:js-beautify Completed in 82ms
1975 timing metavuln:load:security-advisory:js-beautify:NTB2XjbDOgk4lkd8PZ3tUAm1F3E/ohGF6rl9/3LEO7Z0FDzSR5nWwzd3nUENA3NCNdyeR+35DOC12wPml2IV+g== Completed in 1ms
1976 http fetch GET 200 https://registry.npmjs.org/rimraf 83ms (cache hit)
1977 timing metavuln:packument:rimraf Completed in 84ms
1978 timing metavuln:load:security-advisory:rimraf:NTB2XjbDOgk4lkd8PZ3tUAm1F3E/ohGF6rl9/3LEO7Z0FDzSR5nWwzd3nUENA3NCNdyeR+35DOC12wPml2IV+g== Completed in 1ms
1979 timing reifyNode:node_modules/pino Completed in 7285ms
1980 timing metavuln:cache:put:security-advisory:@fastify/static:TJO1f5BqMO4qMGONrc+X2aE91hAeJVEa64O46oNWsNPJu2NMTiGs2lLdmyRmAW0v3iBC5Nb7yZi+GFX0dYya2A== Completed in 67ms
1981 timing metavuln:calculate:security-advisory:@fastify/static:NTB2XjbDOgk4lkd8PZ3tUAm1F3E/ohGF6rl9/3LEO7Z0FDzSR5nWwzd3nUENA3NCNdyeR+35DOC12wPml2IV+g== Completed in 147ms
1982 timing metavuln:cache:put:security-advisory:read-package-json:5WkYUYsTGprHudeNOjhfcYXDGB8eWDswOp2+aJWtp1ncEbaoiGa2Q1lkBQE7lR7C0v/5HFdS8ID7fdeWkZPMug== Completed in 64ms
1983 timing metavuln:calculate:security-advisory:read-package-json:NTB2XjbDOgk4lkd8PZ3tUAm1F3E/ohGF6rl9/3LEO7Z0FDzSR5nWwzd3nUENA3NCNdyeR+35DOC12wPml2IV+g== Completed in 145ms
1984 timing metavuln:cache:put:security-advisory:rimraf:U6dWjEG+wBLaAeoUiIjGQdamS87vxL0a3IcTpkHufDNqr9Eagu7/CvMBwQallZVI2Pl2lkAMB2WJoO94XiR/Rw== Completed in 61ms
1985 timing metavuln:calculate:security-advisory:rimraf:NTB2XjbDOgk4lkd8PZ3tUAm1F3E/ohGF6rl9/3LEO7Z0FDzSR5nWwzd3nUENA3NCNdyeR+35DOC12wPml2IV+g== Completed in 146ms
1986 timing metavuln:cache:put:security-advisory:cacache:jgcnDPpQA6Pd0WUq11of4JS3nfZzFbYPGEiM5lXhkm38JNpJrS4nuiCNInBrG+RFBevWIak8ZWL+tkpr1DlzGg== Completed in 70ms
1987 timing metavuln:calculate:security-advisory:cacache:NTB2XjbDOgk4lkd8PZ3tUAm1F3E/ohGF6rl9/3LEO7Z0FDzSR5nWwzd3nUENA3NCNdyeR+35DOC12wPml2IV+g== Completed in 148ms
1988 timing metavuln:cache:put:security-advisory:js-beautify:Vg4oCCAQB/t0zzprsEbdJg6TgVHuRJw0PRholaLu8gEgXPNwujG9YYkL+R6A/jlFVJswJIA/24mjV0y67XN7RQ== Completed in 66ms
1989 timing metavuln:calculate:security-advisory:js-beautify:NTB2XjbDOgk4lkd8PZ3tUAm1F3E/ohGF6rl9/3LEO7Z0FDzSR5nWwzd3nUENA3NCNdyeR+35DOC12wPml2IV+g== Completed in 149ms
1990 timing metavuln:cache:get:security-advisory:http-proxy-agent:yWh+WsUCdzVUoHJ+ukHX3VBWHgc+bzFCiNYaEHuuvW29uVMpISqXUxRqbG/B55MQ8eiu9zSwUnABxh5qJf1U0w== Completed in 4ms
1991 timing reifyNode:node_modules/fastify-objectionjs/node_modules/knex Completed in 7338ms
1992 timing reifyNode:node_modules/knex Completed in 7356ms
1993 http fetch GET 200 https://registry.npmjs.org/node-gyp/-/node-gyp-9.4.1.tgz 6946ms (cache miss)
1994 http fetch GET 200 https://registry.npmjs.org/npm-check-updates/-/npm-check-updates-16.14.18.tgz 6953ms (cache miss)
1995 timing reifyNode:node_modules/npm-check-updates Completed in 7375ms
1996 timing reifyNode:node_modules/node-gyp Completed in 7380ms
1997 http fetch GET 200 https://registry.npmjs.org/objection/-/objection-3.1.4.tgz 6984ms (cache miss)
1998 timing reifyNode:node_modules/objection Completed in 7401ms
1999 http fetch GET 200 https://registry.npmjs.org/http-proxy-agent 92ms (cache miss)
2000 timing metavuln:packument:http-proxy-agent Completed in 94ms
2001 timing metavuln:load:security-advisory:http-proxy-agent:Bij+qufwr7God+MYI0JIFJYEDFT3IlGllIhDaMb6DB6UZOYpGBBfXc1Jq59Wdg/M2NdGRUO2+zYnIEZHW42YDw== Completed in 1ms
2002 timing reifyNode:node_modules/@popperjs/core Completed in 7420ms
2003 timing reifyNode:node_modules/@babel/types Completed in 7419ms
2004 timing metavuln:cache:put:security-advisory:http-proxy-agent:yWh+WsUCdzVUoHJ+ukHX3VBWHgc+bzFCiNYaEHuuvW29uVMpISqXUxRqbG/B55MQ8eiu9zSwUnABxh5qJf1U0w== Completed in 37ms
2005 timing metavuln:calculate:security-advisory:http-proxy-agent:Bij+qufwr7God+MYI0JIFJYEDFT3IlGllIhDaMb6DB6UZOYpGBBfXc1Jq59Wdg/M2NdGRUO2+zYnIEZHW42YDw== Completed in 132ms
2006 timing metavuln:cache:get:security-advisory:minimatch:EdzP79sukXfwnaTxyFO/a1+fXPBBvIH9NlsgWGTGWGSpQkNPxYQxFaMxiKCAwfckwBABbsvD1jCrk+QZ4W56Rw== Completed in 2ms
2007 timing metavuln:load:security-advisory:minimatch:7IQMvcVTr+svbh5KCx4Kl6FQKJ1GciM03BnJAve/5WYJjUeRzKAIrStVpfachbl3T6a7o8nYlQEVG6Ih0TNXRg== Completed in 1ms
2008 timing metavuln:cache:put:security-advisory:minimatch:EdzP79sukXfwnaTxyFO/a1+fXPBBvIH9NlsgWGTGWGSpQkNPxYQxFaMxiKCAwfckwBABbsvD1jCrk+QZ4W56Rw== Completed in 34ms
2009 timing metavuln:calculate:security-advisory:minimatch:7IQMvcVTr+svbh5KCx4Kl6FQKJ1GciM03BnJAve/5WYJjUeRzKAIrStVpfachbl3T6a7o8nYlQEVG6Ih0TNXRg== Completed in 37ms
2010 timing metavuln:cache:get:security-advisory:minimatch:47aVejY8/1KnEnFlTo+uF90a7w1XvtOjMP1i7DvyX4+jxy/wlG4RjX1rMW+bmptQMpL8TSkcMyWTMH7gxl9Fpg== Completed in 2ms
2011 timing metavuln:load:security-advisory:minimatch:mClmYqWawCNXseeTBHWiIwZH/2CmFUqPCmosJIeOhAgD9z1v3SayhHAwaWVo8wmeKU/JN9VP4zDBeXaqy3Ay2A== Completed in 0ms
2012 timing metavuln:cache:put:security-advisory:minimatch:47aVejY8/1KnEnFlTo+uF90a7w1XvtOjMP1i7DvyX4+jxy/wlG4RjX1rMW+bmptQMpL8TSkcMyWTMH7gxl9Fpg== Completed in 31ms
2013 timing metavuln:calculate:security-advisory:minimatch:mClmYqWawCNXseeTBHWiIwZH/2CmFUqPCmosJIeOhAgD9z1v3SayhHAwaWVo8wmeKU/JN9VP4zDBeXaqy3Ay2A== Completed in 34ms
2014 timing metavuln:cache:get:security-advisory:@humanwhocodes/config-array:Tk7QyZJ/5FJIVNFvkr1kqYAW2HdFmlGmqor9USZiENZhVXh0kmlTve1snlA6YKmRt6Vc/ua7GMSY9wOQLaXfEQ== Completed in 3ms
2015 timing metavuln:cache:get:security-advisory:@eslint/eslintrc:ekjU9xvLMIGZ60VAS3cJiXhpLVygLLVhrX5j5gbU96muSnaowg56B//Z2ieRbqnSyEhXO09OAWrrIfGViIVogQ== Completed in 3ms
2016 timing metavuln:load:security-advisory:@eslint/eslintrc:V/3cIcyAQcG1bwuH0e0PI9Qt5WRtbvb/WOz2mBxAfNzXf+Dvs9G1X05eHjnPq2b0TJY4zXXpqhCAkRAipgk3iQ== Completed in 2ms
2017 timing metavuln:cache:get:security-advisory:glob:SiaR+x876RZ4PrtFfgITl2I3eRZNkCbXOr2JdOKzsfFOqrFtyoEMmqMabD5D9LbuunJXr2ioG0JXsVQhURvrcw== Completed in 4ms
2018 timing metavuln:load:security-advisory:glob:V/3cIcyAQcG1bwuH0e0PI9Qt5WRtbvb/WOz2mBxAfNzXf+Dvs9G1X05eHjnPq2b0TJY4zXXpqhCAkRAipgk3iQ== Completed in 4ms
2019 timing metavuln:cache:get:security-advisory:eslint:ev5azc2U50vUYTqLo2/jaU7l8ps6Yvlqzkyp5OLr37QKqPK3+eCnjR+sureWWgBbnj1subBH7GupBmACDEZ2Mw== Completed in 8ms
2020 timing metavuln:load:security-advisory:eslint:V/3cIcyAQcG1bwuH0e0PI9Qt5WRtbvb/WOz2mBxAfNzXf+Dvs9G1X05eHjnPq2b0TJY4zXXpqhCAkRAipgk3iQ== Completed in 5ms
2021 timing metavuln:cache:get:security-advisory:eslint-plugin-import:8kV5Y/kp5eDWHoCxaxP2GpSM+URcZdaiGzBLqLCUL1aFnqNJYOG1MA8HRImPYwbeSnjoD4UdCemYrgpPgqe0nQ== Completed in 13ms
2022 timing metavuln:cache:get:security-advisory:test-exclude:De4LSt7GFd/3aSdpF9X0QBXe74F5SOyZn84x+XzVHWPULZ2n4LHZiiFowGX/Gy/2DxKjKrSmy5eilhUTqfLeXA== Completed in 13ms
2023 timing metavuln:cache:put:security-advisory:@eslint/eslintrc:ekjU9xvLMIGZ60VAS3cJiXhpLVygLLVhrX5j5gbU96muSnaowg56B//Z2ieRbqnSyEhXO09OAWrrIfGViIVogQ== Completed in 42ms
2024 timing metavuln:calculate:security-advisory:@eslint/eslintrc:V/3cIcyAQcG1bwuH0e0PI9Qt5WRtbvb/WOz2mBxAfNzXf+Dvs9G1X05eHjnPq2b0TJY4zXXpqhCAkRAipgk3iQ== Completed in 48ms
2025 timing metavuln:cache:put:security-advisory:eslint:ev5azc2U50vUYTqLo2/jaU7l8ps6Yvlqzkyp5OLr37QKqPK3+eCnjR+sureWWgBbnj1subBH7GupBmACDEZ2Mw== Completed in 34ms
2026 timing metavuln:calculate:security-advisory:eslint:V/3cIcyAQcG1bwuH0e0PI9Qt5WRtbvb/WOz2mBxAfNzXf+Dvs9G1X05eHjnPq2b0TJY4zXXpqhCAkRAipgk3iQ== Completed in 47ms
2027 timing metavuln:cache:put:security-advisory:glob:SiaR+x876RZ4PrtFfgITl2I3eRZNkCbXOr2JdOKzsfFOqrFtyoEMmqMabD5D9LbuunJXr2ioG0JXsVQhURvrcw== Completed in 40ms
2028 timing metavuln:calculate:security-advisory:glob:V/3cIcyAQcG1bwuH0e0PI9Qt5WRtbvb/WOz2mBxAfNzXf+Dvs9G1X05eHjnPq2b0TJY4zXXpqhCAkRAipgk3iQ== Completed in 49ms
2029 http fetch GET 200 https://registry.npmjs.org/@humanwhocodes%2fconfig-array 124ms (cache miss)
2030 timing metavuln:packument:@humanwhocodes/config-array Completed in 126ms
2031 timing metavuln:load:security-advisory:@humanwhocodes/config-array:V/3cIcyAQcG1bwuH0e0PI9Qt5WRtbvb/WOz2mBxAfNzXf+Dvs9G1X05eHjnPq2b0TJY4zXXpqhCAkRAipgk3iQ== Completed in 0ms
2032 http fetch GET 200 https://registry.npmjs.org/test-exclude 143ms (cache miss)
2033 timing metavuln:packument:test-exclude Completed in 144ms
2034 timing metavuln:load:security-advisory:test-exclude:V/3cIcyAQcG1bwuH0e0PI9Qt5WRtbvb/WOz2mBxAfNzXf+Dvs9G1X05eHjnPq2b0TJY4zXXpqhCAkRAipgk3iQ== Completed in 1ms
2035 http fetch GET 200 https://registry.npmjs.org/eslint-plugin-import 157ms (cache miss)
2036 timing metavuln:packument:eslint-plugin-import Completed in 158ms
2037 timing metavuln:load:security-advisory:eslint-plugin-import:V/3cIcyAQcG1bwuH0e0PI9Qt5WRtbvb/WOz2mBxAfNzXf+Dvs9G1X05eHjnPq2b0TJY4zXXpqhCAkRAipgk3iQ== Completed in 2ms
2038 timing metavuln:cache:put:security-advisory:@humanwhocodes/config-array:Tk7QyZJ/5FJIVNFvkr1kqYAW2HdFmlGmqor9USZiENZhVXh0kmlTve1snlA6YKmRt6Vc/ua7GMSY9wOQLaXfEQ== Completed in 41ms
2039 timing metavuln:calculate:security-advisory:@humanwhocodes/config-array:V/3cIcyAQcG1bwuH0e0PI9Qt5WRtbvb/WOz2mBxAfNzXf+Dvs9G1X05eHjnPq2b0TJY4zXXpqhCAkRAipgk3iQ== Completed in 168ms
2040 timing metavuln:cache:put:security-advisory:test-exclude:De4LSt7GFd/3aSdpF9X0QBXe74F5SOyZn84x+XzVHWPULZ2n4LHZiiFowGX/Gy/2DxKjKrSmy5eilhUTqfLeXA== Completed in 36ms
2041 timing metavuln:calculate:security-advisory:test-exclude:V/3cIcyAQcG1bwuH0e0PI9Qt5WRtbvb/WOz2mBxAfNzXf+Dvs9G1X05eHjnPq2b0TJY4zXXpqhCAkRAipgk3iQ== Completed in 181ms
2042 timing metavuln:cache:put:security-advisory:eslint-plugin-import:8kV5Y/kp5eDWHoCxaxP2GpSM+URcZdaiGzBLqLCUL1aFnqNJYOG1MA8HRImPYwbeSnjoD4UdCemYrgpPgqe0nQ== Completed in 30ms
2043 timing metavuln:calculate:security-advisory:eslint-plugin-import:V/3cIcyAQcG1bwuH0e0PI9Qt5WRtbvb/WOz2mBxAfNzXf+Dvs9G1X05eHjnPq2b0TJY4zXXpqhCAkRAipgk3iQ== Completed in 191ms
2044 timing metavuln:cache:get:security-advisory:glob:R4X+WnpDwtUFUv4hhCOieVu7cXYbSHCEovFByswSd9q6FLTbUcFBMmqOz6HDB3PanEPMgXwCTV2vlizoY9cSfg== Completed in 1ms
2045 timing metavuln:load:security-advisory:glob:/utMkAt3a6jSPsaWIJ1J7tAb7G+ccGxNsymbhFTVWOMIyhRZOJ9QR0zn1SNtejrdUO5fsO4RDJKDMI6C5/bkuw== Completed in 3ms
2046 timing metavuln:cache:put:security-advisory:glob:R4X+WnpDwtUFUv4hhCOieVu7cXYbSHCEovFByswSd9q6FLTbUcFBMmqOz6HDB3PanEPMgXwCTV2vlizoY9cSfg== Completed in 58ms
2047 timing metavuln:calculate:security-advisory:glob:/utMkAt3a6jSPsaWIJ1J7tAb7G+ccGxNsymbhFTVWOMIyhRZOJ9QR0zn1SNtejrdUO5fsO4RDJKDMI6C5/bkuw== Completed in 64ms
2048 timing metavuln:cache:get:security-advisory:@tufjs/models:4wxcDKEpUGR0GG34YoeguhvYrrA8gnDi+bbFPvJ1ftFhtA8GKofd1Zc9djffF9x3DYxzUuaf4dF+iJVeG77ZkQ== Completed in 14ms
2049 timing metavuln:cache:get:security-advisory:ignore-walk:b0cI17MNlfsNzPHVnJnFHuGz6GP1AHCbc+TCdgowf9biWQZxg/Uqvqnya2SlfuePnqBI3YsbXp/211wT8oLsfQ== Completed in 14ms
2050 timing metavuln:cache:get:security-advisory:glob:2gIChGnRwWJwoiDYphyLHqddJdZn+GRoNVbvpZ1vkwu0FmPASo3fUYL/YAIcdH4PhvoZ7didmLmcNsz6RTrveQ== Completed in 14ms
2051 timing metavuln:load:security-advisory:glob:B00WbbnnDNaFGA7l9BgrTioYpRMzU4+U8SUF8cn65LwArJAK0O380QwyP/UyxPr7i9XUjX9/AADC41/edu9OrA== Completed in 4ms
2052 timing metavuln:cache:get:security-advisory:editorconfig:/pief47seGDBHnUOHcdf4vh8S5av/gmYGMH6T5uy3DhJchX5AykoNsEcl2U0K2kYnXDy3Q1HW14AEdN7s+Mmhw== Completed in 18ms
2053 timing metavuln:cache:get:security-advisory:npm-check-updates:NcSy0P0mDK4VB/jfgMEeZpnhDP3GWx7OK1y46OcJ/EYGlWfFAkSvj/d77h1tDslj20pfQ88gclUYChhCMUrp7A== Completed in 19ms
2054 timing metavuln:load:security-advisory:npm-check-updates:B00WbbnnDNaFGA7l9BgrTioYpRMzU4+U8SUF8cn65LwArJAK0O380QwyP/UyxPr7i9XUjX9/AADC41/edu9OrA== Completed in 3ms
2055 timing metavuln:cache:put:security-advisory:glob:2gIChGnRwWJwoiDYphyLHqddJdZn+GRoNVbvpZ1vkwu0FmPASo3fUYL/YAIcdH4PhvoZ7didmLmcNsz6RTrveQ== Completed in 54ms
2056 timing metavuln:calculate:security-advisory:glob:B00WbbnnDNaFGA7l9BgrTioYpRMzU4+U8SUF8cn65LwArJAK0O380QwyP/UyxPr7i9XUjX9/AADC41/edu9OrA== Completed in 74ms
2057 timing metavuln:cache:put:security-advisory:npm-check-updates:NcSy0P0mDK4VB/jfgMEeZpnhDP3GWx7OK1y46OcJ/EYGlWfFAkSvj/d77h1tDslj20pfQ88gclUYChhCMUrp7A== Completed in 52ms
2058 timing metavuln:calculate:security-advisory:npm-check-updates:B00WbbnnDNaFGA7l9BgrTioYpRMzU4+U8SUF8cn65LwArJAK0O380QwyP/UyxPr7i9XUjX9/AADC41/edu9OrA== Completed in 74ms
2059 timing reifyNode:node_modules/es5-ext Completed in 7884ms
2060 http fetch GET 200 https://registry.npmjs.org/editorconfig 120ms (cache miss)
2061 timing metavuln:packument:editorconfig Completed in 121ms
2062 timing metavuln:load:security-advisory:editorconfig:B00WbbnnDNaFGA7l9BgrTioYpRMzU4+U8SUF8cn65LwArJAK0O380QwyP/UyxPr7i9XUjX9/AADC41/edu9OrA== Completed in 2ms
2063 http fetch GET 200 https://registry.npmjs.org/ignore-walk 137ms (cache miss)
2064 timing metavuln:packument:ignore-walk Completed in 138ms
2065 timing metavuln:load:security-advisory:ignore-walk:B00WbbnnDNaFGA7l9BgrTioYpRMzU4+U8SUF8cn65LwArJAK0O380QwyP/UyxPr7i9XUjX9/AADC41/edu9OrA== Completed in 0ms
2066 timing metavuln:cache:put:security-advisory:editorconfig:/pief47seGDBHnUOHcdf4vh8S5av/gmYGMH6T5uy3DhJchX5AykoNsEcl2U0K2kYnXDy3Q1HW14AEdN7s+Mmhw== Completed in 33ms
2067 timing metavuln:calculate:security-advisory:editorconfig:B00WbbnnDNaFGA7l9BgrTioYpRMzU4+U8SUF8cn65LwArJAK0O380QwyP/UyxPr7i9XUjX9/AADC41/edu9OrA== Completed in 156ms
2068 timing metavuln:cache:put:security-advisory:ignore-walk:b0cI17MNlfsNzPHVnJnFHuGz6GP1AHCbc+TCdgowf9biWQZxg/Uqvqnya2SlfuePnqBI3YsbXp/211wT8oLsfQ== Completed in 30ms
2069 timing metavuln:calculate:security-advisory:ignore-walk:B00WbbnnDNaFGA7l9BgrTioYpRMzU4+U8SUF8cn65LwArJAK0O380QwyP/UyxPr7i9XUjX9/AADC41/edu9OrA== Completed in 168ms
2070 timing reifyNode:node_modules/better-sqlite3 Completed in 8021ms
2071 timing reifyNode:node_modules/schema-utils/node_modules/ajv Completed in 8059ms
2072 timing reifyNode:node_modules/ajv-formats/node_modules/ajv Completed in 8022ms
2073 timing reifyNode:node_modules/fast-json-stringify/node_modules/ajv Completed in 8039ms
2074 timing reifyNode:node_modules/objection/node_modules/ajv Completed in 8056ms
2075 http fetch GET 200 https://registry.npmjs.org/fastify/-/fastify-4.26.2.tgz 7578ms (cache miss)
2076 timing reifyNode:node_modules/@fastify/ajv-compiler/node_modules/ajv Completed in 8022ms
2077 timing reifyNode:node_modules/fastify Completed in 8044ms
2078 timing reifyNode:node_modules/sequelize Completed in 8073ms
2079 http fetch GET 200 https://registry.npmjs.org/@tufjs%2fmodels 490ms (cache miss)
2080 timing metavuln:packument:@tufjs/models Completed in 491ms
2081 timing metavuln:load:security-advisory:@tufjs/models:B00WbbnnDNaFGA7l9BgrTioYpRMzU4+U8SUF8cn65LwArJAK0O380QwyP/UyxPr7i9XUjX9/AADC41/edu9OrA== Completed in 0ms
2082 timing metavuln:cache:put:security-advisory:@tufjs/models:4wxcDKEpUGR0GG34YoeguhvYrrA8gnDi+bbFPvJ1ftFhtA8GKofd1Zc9djffF9x3DYxzUuaf4dF+iJVeG77ZkQ== Completed in 24ms
2083 timing metavuln:calculate:security-advisory:@tufjs/models:B00WbbnnDNaFGA7l9BgrTioYpRMzU4+U8SUF8cn65LwArJAK0O380QwyP/UyxPr7i9XUjX9/AADC41/edu9OrA== Completed in 516ms
2084 timing metavuln:cache:get:security-advisory:chokidar:LU+YLfVnn6vFXVAvnsGqd58Rz8g6tJ60ZMP+wazsDeQPoFbTHjxfCKIpn7lW6acFOIKvNjhthFMXqTIaWevt+w== Completed in 1ms
2085 timing metavuln:cache:get:security-advisory:micromatch:KLlQrQSexijh/BbB4FSM3fP0/MIDSj3iMiApgG1JwuVrHt48fzZ8fAIdgNu2TyvXdqnfHV2kIjol+N5OzsIiGQ== Completed in 1ms
2086 timing metavuln:load:security-advisory:micromatch:JiXBFkEDkUnBQLw3PO6emUmmm2JXqgEbh+FhB3SNDS8k6Z0wM20irrfaOjjxYuMxZaKaDudvR037mtEoeqZzXw== Completed in 2ms
2087 timing metavuln:cache:put:security-advisory:micromatch:KLlQrQSexijh/BbB4FSM3fP0/MIDSj3iMiApgG1JwuVrHt48fzZ8fAIdgNu2TyvXdqnfHV2kIjol+N5OzsIiGQ== Completed in 20ms
2088 timing metavuln:calculate:security-advisory:micromatch:JiXBFkEDkUnBQLw3PO6emUmmm2JXqgEbh+FhB3SNDS8k6Z0wM20irrfaOjjxYuMxZaKaDudvR037mtEoeqZzXw== Completed in 24ms
2089 timing reifyNode:node_modules/bootstrap Completed in 8412ms
2090 timing reifyNode:node_modules/moment Completed in 8443ms
2091 http fetch GET 200 https://registry.npmjs.org/chokidar 200ms (cache miss)
2092 timing metavuln:packument:chokidar Completed in 201ms
2093 timing metavuln:load:security-advisory:chokidar:JiXBFkEDkUnBQLw3PO6emUmmm2JXqgEbh+FhB3SNDS8k6Z0wM20irrfaOjjxYuMxZaKaDudvR037mtEoeqZzXw== Completed in 1ms
2094 timing metavuln:cache:put:security-advisory:chokidar:LU+YLfVnn6vFXVAvnsGqd58Rz8g6tJ60ZMP+wazsDeQPoFbTHjxfCKIpn7lW6acFOIKvNjhthFMXqTIaWevt+w== Completed in 12ms
2095 timing metavuln:calculate:security-advisory:chokidar:JiXBFkEDkUnBQLw3PO6emUmmm2JXqgEbh+FhB3SNDS8k6Z0wM20irrfaOjjxYuMxZaKaDudvR037mtEoeqZzXw== Completed in 214ms
2096 timing metavuln:cache:get:security-advisory:light-my-request:UfYeYMGFnlVOh6z1dqFizSqjGi7YyyQMRc3JQ1VnZ/OBVx1zGC6e+b6mEKG/IaRMMtjP5WJ2749QJ6iB38mozA== Completed in 3ms
2097 timing metavuln:cache:get:security-advisory:youch:GCj7wAVwXmpdpHsZ3FBltk4ddq703nJZceXkq77o3f+gaNLubEhWMdGOuTbsQUIPAj4PXvzoyIJlnaLab4wWyA== Completed in 2ms
2098 timing reifyNode:node_modules/caniuse-lite Completed in 8577ms
2099 http fetch GET 200 https://registry.npmjs.org/youch 131ms (cache miss)
2100 timing metavuln:packument:youch Completed in 132ms
2101 timing metavuln:load:security-advisory:youch:EFt7h/FZLeopARa06+F2CBY5ItUm007mP/cHgZjTJZX1MeIwg3JD7toSioRoDeE8wm5VdkimqlS+CnuPhZqbIg== Completed in 1ms
2102 http fetch GET 200 https://registry.npmjs.org/light-my-request 142ms (cache miss)
2103 timing metavuln:packument:light-my-request Completed in 143ms
2104 timing metavuln:load:security-advisory:light-my-request:EFt7h/FZLeopARa06+F2CBY5ItUm007mP/cHgZjTJZX1MeIwg3JD7toSioRoDeE8wm5VdkimqlS+CnuPhZqbIg== Completed in 1ms
2105 http fetch GET 200 https://registry.npmjs.org/lodash/-/lodash-4.17.21.tgz 8234ms (cache miss)
2106 timing metavuln:cache:put:security-advisory:youch:GCj7wAVwXmpdpHsZ3FBltk4ddq703nJZceXkq77o3f+gaNLubEhWMdGOuTbsQUIPAj4PXvzoyIJlnaLab4wWyA== Completed in 15ms
2107 timing metavuln:calculate:security-advisory:youch:EFt7h/FZLeopARa06+F2CBY5ItUm007mP/cHgZjTJZX1MeIwg3JD7toSioRoDeE8wm5VdkimqlS+CnuPhZqbIg== Completed in 149ms
2108 timing reifyNode:node_modules/lodash Completed in 8674ms
2109 timing metavuln:cache:put:security-advisory:light-my-request:UfYeYMGFnlVOh6z1dqFizSqjGi7YyyQMRc3JQ1VnZ/OBVx1zGC6e+b6mEKG/IaRMMtjP5WJ2749QJ6iB38mozA== Completed in 12ms
2110 timing metavuln:calculate:security-advisory:light-my-request:EFt7h/FZLeopARa06+F2CBY5ItUm007mP/cHgZjTJZX1MeIwg3JD7toSioRoDeE8wm5VdkimqlS+CnuPhZqbIg== Completed in 157ms
2111 timing metavuln:cache:get:security-advisory:eslint:Ne/yNy0L08mqT6jqvFBG8ZHWrqAHuxGdNEOgZtub3Su4R2LUTaqbxpX8S30zZ7tis85Jmwxbqft0hpk4j9A12Q== Completed in 3ms
2112 timing metavuln:load:security-advisory:eslint:PBcc/5P1UEO/1Ba/jUNR65wOzs1wU0Y+m+OOSfB57dG5EajzjbqRMRm0l7MWqcJgHDYM5GoZ36Hm7qAYFlIH3A== Completed in 2ms
2113 timing metavuln:cache:get:security-advisory:execa:NWBEPrq1Krr7nahht+VdDSoXe5QCSkDBW+KpXfGL4TrZAModumScH8x3aPKXTD343uDMIN2l7nchl5/7a95SBQ== Completed in 5ms
2114 timing metavuln:cache:get:security-advisory:foreground-child:cZpBeVkHEpw8jHC+EKy88Laxrd1ur7RE5Fx7lVjtRJXjrwMFQVN00FKtYlT+IVZhQkq/19Fig8voVSYNZLEz1A== Completed in 4ms
2115 timing metavuln:cache:get:security-advisory:spawn-please:BphxFlmJVCef0edSeSF2BBo1sZe5hLcWnzmHf+irjeKMNwbxNw9WEGlLkVE/W1BkHcitZjhQlZeuv4+pMFyKkA== Completed in 4ms
2116 timing metavuln:cache:get:security-advisory:webpack-cli:H2hTN4ZrDsX5Zga3r5FRbvgrU/fAJrT+jD7Bz8Z/htxanE2nyrKoffoyQCLOAfjqlf9EjPscG8l86nb6rOFcdg== Completed in 4ms
2117 timing reifyNode:node_modules/webpack Completed in 8725ms
2118 timing metavuln:cache:put:security-advisory:eslint:Ne/yNy0L08mqT6jqvFBG8ZHWrqAHuxGdNEOgZtub3Su4R2LUTaqbxpX8S30zZ7tis85Jmwxbqft0hpk4j9A12Q== Completed in 14ms
2119 timing metavuln:calculate:security-advisory:eslint:PBcc/5P1UEO/1Ba/jUNR65wOzs1wU0Y+m+OOSfB57dG5EajzjbqRMRm0l7MWqcJgHDYM5GoZ36Hm7qAYFlIH3A== Completed in 19ms
2120 timing reifyNode:node_modules/sodium-native Completed in 8718ms
2121 http fetch GET 200 https://registry.npmjs.org/execa 105ms (cache miss)
2122 timing metavuln:packument:execa Completed in 107ms
2123 timing metavuln:load:security-advisory:execa:PBcc/5P1UEO/1Ba/jUNR65wOzs1wU0Y+m+OOSfB57dG5EajzjbqRMRm0l7MWqcJgHDYM5GoZ36Hm7qAYFlIH3A== Completed in 0ms
2124 timing metavuln:cache:put:security-advisory:execa:NWBEPrq1Krr7nahht+VdDSoXe5QCSkDBW+KpXfGL4TrZAModumScH8x3aPKXTD343uDMIN2l7nchl5/7a95SBQ== Completed in 7ms
2125 timing metavuln:calculate:security-advisory:execa:PBcc/5P1UEO/1Ba/jUNR65wOzs1wU0Y+m+OOSfB57dG5EajzjbqRMRm0l7MWqcJgHDYM5GoZ36Hm7qAYFlIH3A== Completed in 114ms
2126 http fetch GET 200 https://registry.npmjs.org/foreground-child 149ms (cache miss)
2127 timing metavuln:packument:foreground-child Completed in 149ms
2128 timing metavuln:load:security-advisory:foreground-child:PBcc/5P1UEO/1Ba/jUNR65wOzs1wU0Y+m+OOSfB57dG5EajzjbqRMRm0l7MWqcJgHDYM5GoZ36Hm7qAYFlIH3A== Completed in 0ms
2129 http fetch GET 200 https://registry.npmjs.org/spawn-please 153ms (cache miss)
2130 timing metavuln:packument:spawn-please Completed in 153ms
2131 timing metavuln:load:security-advisory:spawn-please:PBcc/5P1UEO/1Ba/jUNR65wOzs1wU0Y+m+OOSfB57dG5EajzjbqRMRm0l7MWqcJgHDYM5GoZ36Hm7qAYFlIH3A== Completed in 0ms
2132 timing metavuln:cache:put:security-advisory:foreground-child:cZpBeVkHEpw8jHC+EKy88Laxrd1ur7RE5Fx7lVjtRJXjrwMFQVN00FKtYlT+IVZhQkq/19Fig8voVSYNZLEz1A== Completed in 10ms
2133 timing metavuln:calculate:security-advisory:foreground-child:PBcc/5P1UEO/1Ba/jUNR65wOzs1wU0Y+m+OOSfB57dG5EajzjbqRMRm0l7MWqcJgHDYM5GoZ36Hm7qAYFlIH3A== Completed in 160ms
2134 timing metavuln:cache:put:security-advisory:spawn-please:BphxFlmJVCef0edSeSF2BBo1sZe5hLcWnzmHf+irjeKMNwbxNw9WEGlLkVE/W1BkHcitZjhQlZeuv4+pMFyKkA== Completed in 8ms
2135 timing metavuln:calculate:security-advisory:spawn-please:PBcc/5P1UEO/1Ba/jUNR65wOzs1wU0Y+m+OOSfB57dG5EajzjbqRMRm0l7MWqcJgHDYM5GoZ36Hm7qAYFlIH3A== Completed in 161ms
2136 http fetch GET 200 https://registry.npmjs.org/webpack-cli 169ms (cache miss)
2137 timing metavuln:packument:webpack-cli Completed in 171ms
2138 timing metavuln:load:security-advisory:webpack-cli:PBcc/5P1UEO/1Ba/jUNR65wOzs1wU0Y+m+OOSfB57dG5EajzjbqRMRm0l7MWqcJgHDYM5GoZ36Hm7qAYFlIH3A== Completed in 1ms
2139 timing metavuln:cache:put:security-advisory:webpack-cli:H2hTN4ZrDsX5Zga3r5FRbvgrU/fAJrT+jD7Bz8Z/htxanE2nyrKoffoyQCLOAfjqlf9EjPscG8l86nb6rOFcdg== Completed in 6ms
2140 timing metavuln:calculate:security-advisory:webpack-cli:PBcc/5P1UEO/1Ba/jUNR65wOzs1wU0Y+m+OOSfB57dG5EajzjbqRMRm0l7MWqcJgHDYM5GoZ36Hm7qAYFlIH3A== Completed in 179ms
2141 timing metavuln:cache:get:security-advisory:sequelize:2c+7MTiFWSUCJPZxAs7noUYJMH/zTVc+k+d+icdT1NTlCxv5zo3ztT6FpxiyBnOHFRUNoxc6nR/Q0/DZwqqSKA== Completed in 0ms
2142 timing metavuln:load:security-advisory:sequelize:0ACVlgh2XixrZ76V6Aw4AGmXe/vScI8AGIUQKFGZaYZxp4MyNabKSDBfLcT9XlERSFeHYQ9hiMRtZaHo1b3mTw== Completed in 6ms
2143 timing metavuln:cache:put:security-advisory:sequelize:2c+7MTiFWSUCJPZxAs7noUYJMH/zTVc+k+d+icdT1NTlCxv5zo3ztT6FpxiyBnOHFRUNoxc6nR/Q0/DZwqqSKA== Completed in 8ms
2144 timing metavuln:calculate:security-advisory:sequelize:0ACVlgh2XixrZ76V6Aw4AGmXe/vScI8AGIUQKFGZaYZxp4MyNabKSDBfLcT9XlERSFeHYQ9hiMRtZaHo1b3mTw== Completed in 15ms
2145 timing metavuln:cache:get:security-advisory:fastify-cli:QaslBeMuAEoSjIJGc7+wAYc4T7XpFaCnbJI8/c0a2JIyJvbwAad9SK12c7/eNgGCnrx8g4UQ77MsJaZXoAIODA== Completed in 1ms
2146 timing reifyNode:node_modules/es-abstract Completed in 9099ms
2147 http fetch GET 200 https://registry.npmjs.org/fastify-cli 359ms (cache miss)
2148 timing metavuln:packument:fastify-cli Completed in 360ms
2149 timing metavuln:load:security-advisory:fastify-cli:5OdrwYv5Xzq+rI3bchsuaHIz85Yyo5gTdhOrQGf2Em7pRhXXR2ur0R7W7qQ6UpWsSxuRBW8Fdp57dyqUhR5/yw== Completed in 11ms
2150 timing metavuln:cache:put:security-advisory:fastify-cli:QaslBeMuAEoSjIJGc7+wAYc4T7XpFaCnbJI8/c0a2JIyJvbwAad9SK12c7/eNgGCnrx8g4UQ77MsJaZXoAIODA== Completed in 29ms
2151 timing metavuln:calculate:security-advisory:fastify-cli:5OdrwYv5Xzq+rI3bchsuaHIz85Yyo5gTdhOrQGf2Em7pRhXXR2ur0R7W7qQ6UpWsSxuRBW8Fdp57dyqUhR5/yw== Completed in 401ms
2152 timing metavuln:cache:get:security-advisory:fastify:r+d4AOedJNNM2JvdD79Tj/5Xqtya7yxHwFWKqG0+AJKMFl1K4au+8puJfPaPI6uOm9P0a/JHng7JwWmTuMXQJg== Completed in 0ms
2153 timing metavuln:load:security-advisory:fastify:ncPGiupWBmuLy3osYbi6NeA3zAkV0H2ETbz204QySGfjGMvhOUrckXpvAqjVyzsYU9NNJZrPHuMSulTPi+/bfw== Completed in 5ms
2154 timing metavuln:cache:put:security-advisory:fastify:r+d4AOedJNNM2JvdD79Tj/5Xqtya7yxHwFWKqG0+AJKMFl1K4au+8puJfPaPI6uOm9P0a/JHng7JwWmTuMXQJg== Completed in 3ms
2155 timing metavuln:calculate:security-advisory:fastify:ncPGiupWBmuLy3osYbi6NeA3zAkV0H2ETbz204QySGfjGMvhOUrckXpvAqjVyzsYU9NNJZrPHuMSulTPi+/bfw== Completed in 10ms
2156 timing metavuln:cache:get:security-advisory:flat-cache:JhiW4rt37xHiozZ7KHa24qUwDKaqeEmfEKkkfEIx/3FvJpogNevZOLgbh2yXpecOg6mIB2Ykrg7bF88g6uOdtQ== Completed in 0ms
2157 timing reifyNode:node_modules/rxjs Completed in 9329ms
2158 http fetch GET 200 https://registry.npmjs.org/flat-cache 78ms (cache miss)
2159 timing metavuln:packument:flat-cache Completed in 79ms
2160 timing metavuln:load:security-advisory:flat-cache:oa7V2KnuHnLCPcrXFvcQLRAa1NASGJm9yZ+B92xpfwxan7PZyVrZjYAHt6LB51PFfA2mM8KGE+VHR+U5X/2uZw== Completed in 1ms
2161 timing metavuln:cache:put:security-advisory:flat-cache:JhiW4rt37xHiozZ7KHa24qUwDKaqeEmfEKkkfEIx/3FvJpogNevZOLgbh2yXpecOg6mIB2Ykrg7bF88g6uOdtQ== Completed in 1ms
2162 timing metavuln:calculate:security-advisory:flat-cache:oa7V2KnuHnLCPcrXFvcQLRAa1NASGJm9yZ+B92xpfwxan7PZyVrZjYAHt6LB51PFfA2mM8KGE+VHR+U5X/2uZw== Completed in 81ms
2163 timing metavuln:cache:get:security-advisory:socks:re7e5WgYC0N2yCcyKEpIVOef1b0RSDx7Y0SpqokON2S0og4NBc+basQ12t25Rom7giF5cYm2S3iMuCSJlhszhQ== Completed in 1ms
2164 http fetch GET 200 https://registry.npmjs.org/socks 67ms (cache miss)
2165 timing metavuln:packument:socks Completed in 68ms
2166 timing metavuln:load:security-advisory:socks:FcMhhitnipE8n5zCPiVRq2NLRNmu7UZkoO9lrM5CRC/emGwY5wSoa1+q1Q1Z8SPpfXO9tzox/MNRv7luhyJvqg== Completed in 1ms
2167 timing metavuln:cache:put:security-advisory:socks:re7e5WgYC0N2yCcyKEpIVOef1b0RSDx7Y0SpqokON2S0og4NBc+basQ12t25Rom7giF5cYm2S3iMuCSJlhszhQ== Completed in 2ms
2168 timing metavuln:calculate:security-advisory:socks:FcMhhitnipE8n5zCPiVRq2NLRNmu7UZkoO9lrM5CRC/emGwY5wSoa1+q1Q1Z8SPpfXO9tzox/MNRv7luhyJvqg== Completed in 72ms
2169 timing metavuln:cache:get:security-advisory:concurrently:jiZST4CUOZqAcB148diLa/4Cl5k4iCySK9zdGlvkCsjY7gOsOKgF1bXrv0HVQ59659xB7IRMqiwz7OjSmmlI2A== Completed in 3ms
2170 timing metavuln:cache:get:security-advisory:fastify-method-override:Bqz+OF3vj0F87stMKdz1zylGKE8NtgbAnp+RZ3DJo39FnbGBc9ivPmiN5C555vtAiYaLfttwTSWvQJASKYlV+g== Completed in 3ms
2171 timing metavuln:cache:get:security-advisory:knex:xzQLfa/l/BfN0UEm9OtwynMKedL9/kO38LYgtlMfN1NRGlgdM9PLi7IBDcrEUwXptCI+3DFMsmKvgOBQABYQIg== Completed in 2ms
2172 timing metavuln:cache:get:security-advisory:npm-check-updates:A6NzIFMr80r0b1G9uUOQ0/grfi8yyFDdzuwuYW8DK9LvNPoFVCV/JNyfXSOvhpY4YoiS1cD5RZNrCp4jVIMUcA== Completed in 2ms
2173 timing metavuln:load:security-advisory:npm-check-updates:OGNA5lR8rR8aeucWHqvJLBV5oaroI/lF2JfG9J2l63dx9uiGUyHuI4ymC6nv+dqWwxtqCIMcqBukiWYEiF5/RQ== Completed in 5ms
2174 timing metavuln:cache:get:security-advisory:sequelize:r0MmEGzxD6KLAwNM3KBOGbsgcIwLr/u67tvBlP/WGRII+/x23SPDMJr9YFGH4PZnjbGjd3bV0ODq63Uq+hGltQ== Completed in 7ms
2175 timing metavuln:load:security-advisory:sequelize:OGNA5lR8rR8aeucWHqvJLBV5oaroI/lF2JfG9J2l63dx9uiGUyHuI4ymC6nv+dqWwxtqCIMcqBukiWYEiF5/RQ== Completed in 10ms
2176 timing metavuln:cache:get:security-advisory:sequelize-cli:3hCNawRrl1ZM9szQIsCm0ai0rc4PV/6RtC9zvtR1XrrMTkmgViBTBXBxUsZapXSIBuUSRRFcJTnmgRvBUf/9nA== Completed in 16ms
2177 timing metavuln:cache:put:security-advisory:sequelize:r0MmEGzxD6KLAwNM3KBOGbsgcIwLr/u67tvBlP/WGRII+/x23SPDMJr9YFGH4PZnjbGjd3bV0ODq63Uq+hGltQ== Completed in 5ms
2178 timing metavuln:calculate:security-advisory:sequelize:OGNA5lR8rR8aeucWHqvJLBV5oaroI/lF2JfG9J2l63dx9uiGUyHuI4ymC6nv+dqWwxtqCIMcqBukiWYEiF5/RQ== Completed in 22ms
2179 timing metavuln:cache:put:security-advisory:npm-check-updates:A6NzIFMr80r0b1G9uUOQ0/grfi8yyFDdzuwuYW8DK9LvNPoFVCV/JNyfXSOvhpY4YoiS1cD5RZNrCp4jVIMUcA== Completed in 15ms
2180 timing metavuln:calculate:security-advisory:npm-check-updates:OGNA5lR8rR8aeucWHqvJLBV5oaroI/lF2JfG9J2l63dx9uiGUyHuI4ymC6nv+dqWwxtqCIMcqBukiWYEiF5/RQ== Completed in 22ms
2181 http fetch GET 200 https://registry.npmjs.org/concurrently 76ms (cache miss)
2182 timing metavuln:packument:concurrently Completed in 77ms
2183 timing metavuln:load:security-advisory:concurrently:OGNA5lR8rR8aeucWHqvJLBV5oaroI/lF2JfG9J2l63dx9uiGUyHuI4ymC6nv+dqWwxtqCIMcqBukiWYEiF5/RQ== Completed in 1ms
2184 timing metavuln:cache:put:security-advisory:concurrently:jiZST4CUOZqAcB148diLa/4Cl5k4iCySK9zdGlvkCsjY7gOsOKgF1bXrv0HVQ59659xB7IRMqiwz7OjSmmlI2A== Completed in 5ms
2185 timing metavuln:calculate:security-advisory:concurrently:OGNA5lR8rR8aeucWHqvJLBV5oaroI/lF2JfG9J2l63dx9uiGUyHuI4ymC6nv+dqWwxtqCIMcqBukiWYEiF5/RQ== Completed in 83ms
2186 http fetch GET 200 https://registry.npmjs.org/sequelize-cli 81ms (cache miss)
2187 timing metavuln:packument:sequelize-cli Completed in 82ms
2188 timing metavuln:load:security-advisory:sequelize-cli:OGNA5lR8rR8aeucWHqvJLBV5oaroI/lF2JfG9J2l63dx9uiGUyHuI4ymC6nv+dqWwxtqCIMcqBukiWYEiF5/RQ== Completed in 2ms
2189 timing metavuln:cache:put:security-advisory:sequelize-cli:3hCNawRrl1ZM9szQIsCm0ai0rc4PV/6RtC9zvtR1XrrMTkmgViBTBXBxUsZapXSIBuUSRRFcJTnmgRvBUf/9nA== Completed in 2ms
2190 timing metavuln:calculate:security-advisory:sequelize-cli:OGNA5lR8rR8aeucWHqvJLBV5oaroI/lF2JfG9J2l63dx9uiGUyHuI4ymC6nv+dqWwxtqCIMcqBukiWYEiF5/RQ== Completed in 87ms
2191 http fetch GET 200 https://registry.npmjs.org/knex 190ms (cache miss)
2192 timing metavuln:packument:knex Completed in 193ms
2193 timing metavuln:load:security-advisory:knex:OGNA5lR8rR8aeucWHqvJLBV5oaroI/lF2JfG9J2l63dx9uiGUyHuI4ymC6nv+dqWwxtqCIMcqBukiWYEiF5/RQ== Completed in 2ms
2194 timing metavuln:cache:put:security-advisory:knex:xzQLfa/l/BfN0UEm9OtwynMKedL9/kO38LYgtlMfN1NRGlgdM9PLi7IBDcrEUwXptCI+3DFMsmKvgOBQABYQIg== Completed in 3ms
2195 timing metavuln:calculate:security-advisory:knex:OGNA5lR8rR8aeucWHqvJLBV5oaroI/lF2JfG9J2l63dx9uiGUyHuI4ymC6nv+dqWwxtqCIMcqBukiWYEiF5/RQ== Completed in 198ms
2196 http fetch GET 200 https://registry.npmjs.org/fastify-method-override 267ms (cache miss)
2197 timing metavuln:packument:fastify-method-override Completed in 268ms
2198 timing metavuln:load:security-advisory:fastify-method-override:OGNA5lR8rR8aeucWHqvJLBV5oaroI/lF2JfG9J2l63dx9uiGUyHuI4ymC6nv+dqWwxtqCIMcqBukiWYEiF5/RQ== Completed in 1ms
2199 timing metavuln:cache:put:security-advisory:fastify-method-override:Bqz+OF3vj0F87stMKdz1zylGKE8NtgbAnp+RZ3DJo39FnbGBc9ivPmiN5C555vtAiYaLfttwTSWvQJASKYlV+g== Completed in 3ms
2200 timing metavuln:calculate:security-advisory:fastify-method-override:OGNA5lR8rR8aeucWHqvJLBV5oaroI/lF2JfG9J2l63dx9uiGUyHuI4ymC6nv+dqWwxtqCIMcqBukiWYEiF5/RQ== Completed in 272ms
2201 timing metavuln:cache:get:security-advisory:jstransformer-markdown-it:QXbZ4xCbTC6gBpBNs7H/EvXk3F9ngURxnQlVqozhkTTei6TWNS+vuhLPZxwRHAMYkAOq4rwyeVSqGY5oqeI7cw== Completed in 1ms
2202 http fetch GET 200 https://registry.npmjs.org/jstransformer-markdown-it 116ms (cache miss)
2203 timing metavuln:packument:jstransformer-markdown-it Completed in 117ms
2204 timing metavuln:load:security-advisory:jstransformer-markdown-it:745Vt4mrHCdT8gFHVh7oHROmP4aH4fErXXhbpeVBhtIHmsxTVI7P3rJSdfXZ1iZTBS6GEnTERL4OWUfc4Co9jQ== Completed in 1ms
2205 timing metavuln:cache:put:security-advisory:jstransformer-markdown-it:QXbZ4xCbTC6gBpBNs7H/EvXk3F9ngURxnQlVqozhkTTei6TWNS+vuhLPZxwRHAMYkAOq4rwyeVSqGY5oqeI7cw== Completed in 4ms
2206 timing metavuln:calculate:security-advisory:jstransformer-markdown-it:745Vt4mrHCdT8gFHVh7oHROmP4aH4fErXXhbpeVBhtIHmsxTVI7P3rJSdfXZ1iZTBS6GEnTERL4OWUfc4Co9jQ== Completed in 122ms
2207 timing metavuln:cache:get:security-advisory:@jest/core:03W5UBAiciMv+HbF52DVjKaiJDsW8n4o9l0N1bD9irL9aHp0XpkH6yRZbIXa21hJn/+RFQL1MCcLgDa/4eDK4w== Completed in 5ms
2208 timing metavuln:cache:get:security-advisory:@jest/transform:frAXQpmFOgCLjrxLELwz/nGg5XiK/ZNDWwX3TPmrK4kjdo/GsnOnUL1px5EXlvvS4e0p7qsR8mhVO87fIAkI8w== Completed in 4ms
2209 timing metavuln:cache:get:security-advisory:fast-glob:AbqaRkH/ah2E63AlsHQoSe4rzDu85g3nQo2oOGK8mDPpx8ODN4CyFz62hpRucknVgKWSODuNhHcd4w2oWa9y3w== Completed in 3ms
2210 timing metavuln:cache:get:security-advisory:jest-config:PG5LJK++mIH2P5/BoeATw87eF+FfSdFbgEqp2CbnYYA8L17aFlVzq09vZtR3BFwoyR+3hWRZY28YfyQmAblGOg== Completed in 3ms
2211 timing metavuln:cache:get:security-advisory:jest-haste-map:jM3bS1o4htRu+ACRH1gcErU4U2Iaalvaat1pZmyWiirmghW1371hURc/aE7fgn6m9mU4kt8GRZ0gy4wwGUZ7mQ== Completed in 2ms
2212 timing metavuln:cache:get:security-advisory:jest-message-util:9e3+mtFMiM85wWr/OL6NNUJH/DnoduwxZZ0/PtDHjHEr2KrplOGkwoZ+9A9Of+V7gemgG4bDnVLxA6nt6hgQOQ== Completed in 1ms
2213 http fetch GET 200 https://registry.npmjs.org/fast-glob 56ms (cache miss)
2214 timing metavuln:packument:fast-glob Completed in 57ms
2215 timing metavuln:load:security-advisory:fast-glob:TlYHmS8BZBwkbsPHbTfH2/e91KJnOnqfC63ZoKdiRy+yt6biPd8BwjBdyfPUht1+ZO675I3Gg00RQPYaWiOm8Q== Completed in 2ms
2216 timing metavuln:cache:put:security-advisory:fast-glob:AbqaRkH/ah2E63AlsHQoSe4rzDu85g3nQo2oOGK8mDPpx8ODN4CyFz62hpRucknVgKWSODuNhHcd4w2oWa9y3w== Completed in 12ms
2217 timing metavuln:calculate:security-advisory:fast-glob:TlYHmS8BZBwkbsPHbTfH2/e91KJnOnqfC63ZoKdiRy+yt6biPd8BwjBdyfPUht1+ZO675I3Gg00RQPYaWiOm8Q== Completed in 71ms
2218 http fetch GET 200 https://registry.npmjs.org/@jest%2fcore 87ms (cache miss)
2219 timing metavuln:packument:@jest/core Completed in 90ms
2220 timing metavuln:load:security-advisory:@jest/core:TlYHmS8BZBwkbsPHbTfH2/e91KJnOnqfC63ZoKdiRy+yt6biPd8BwjBdyfPUht1+ZO675I3Gg00RQPYaWiOm8Q== Completed in 1ms
2221 http fetch GET 200 https://registry.npmjs.org/jest-message-util 92ms (cache miss)
2222 timing metavuln:packument:jest-message-util Completed in 94ms
2223 timing metavuln:load:security-advisory:jest-message-util:TlYHmS8BZBwkbsPHbTfH2/e91KJnOnqfC63ZoKdiRy+yt6biPd8BwjBdyfPUht1+ZO675I3Gg00RQPYaWiOm8Q== Completed in 2ms
2224 http fetch GET 200 https://registry.npmjs.org/jest-haste-map 100ms (cache miss)
2225 timing metavuln:packument:jest-haste-map Completed in 102ms
2226 timing metavuln:load:security-advisory:jest-haste-map:TlYHmS8BZBwkbsPHbTfH2/e91KJnOnqfC63ZoKdiRy+yt6biPd8BwjBdyfPUht1+ZO675I3Gg00RQPYaWiOm8Q== Completed in 3ms
2227 http fetch GET 200 https://registry.npmjs.org/@jest%2ftransform 107ms (cache miss)
2228 timing metavuln:packument:@jest/transform Completed in 109ms
2229 timing metavuln:load:security-advisory:@jest/transform:TlYHmS8BZBwkbsPHbTfH2/e91KJnOnqfC63ZoKdiRy+yt6biPd8BwjBdyfPUht1+ZO675I3Gg00RQPYaWiOm8Q== Completed in 1ms
2230 timing metavuln:cache:put:security-advisory:@jest/core:03W5UBAiciMv+HbF52DVjKaiJDsW8n4o9l0N1bD9irL9aHp0XpkH6yRZbIXa21hJn/+RFQL1MCcLgDa/4eDK4w== Completed in 24ms
2231 timing metavuln:calculate:security-advisory:@jest/core:TlYHmS8BZBwkbsPHbTfH2/e91KJnOnqfC63ZoKdiRy+yt6biPd8BwjBdyfPUht1+ZO675I3Gg00RQPYaWiOm8Q== Completed in 115ms
2232 timing metavuln:cache:put:security-advisory:jest-message-util:9e3+mtFMiM85wWr/OL6NNUJH/DnoduwxZZ0/PtDHjHEr2KrplOGkwoZ+9A9Of+V7gemgG4bDnVLxA6nt6hgQOQ== Completed in 14ms
2233 timing metavuln:calculate:security-advisory:jest-message-util:TlYHmS8BZBwkbsPHbTfH2/e91KJnOnqfC63ZoKdiRy+yt6biPd8BwjBdyfPUht1+ZO675I3Gg00RQPYaWiOm8Q== Completed in 112ms
2234 timing metavuln:cache:put:security-advisory:jest-haste-map:jM3bS1o4htRu+ACRH1gcErU4U2Iaalvaat1pZmyWiirmghW1371hURc/aE7fgn6m9mU4kt8GRZ0gy4wwGUZ7mQ== Completed in 8ms
2235 timing metavuln:calculate:security-advisory:jest-haste-map:TlYHmS8BZBwkbsPHbTfH2/e91KJnOnqfC63ZoKdiRy+yt6biPd8BwjBdyfPUht1+ZO675I3Gg00RQPYaWiOm8Q== Completed in 113ms
2236 timing metavuln:cache:put:security-advisory:@jest/transform:frAXQpmFOgCLjrxLELwz/nGg5XiK/ZNDWwX3TPmrK4kjdo/GsnOnUL1px5EXlvvS4e0p7qsR8mhVO87fIAkI8w== Completed in 6ms
2237 timing metavuln:calculate:security-advisory:@jest/transform:TlYHmS8BZBwkbsPHbTfH2/e91KJnOnqfC63ZoKdiRy+yt6biPd8BwjBdyfPUht1+ZO675I3Gg00RQPYaWiOm8Q== Completed in 116ms
2238 http fetch GET 200 https://registry.npmjs.org/jest-config 232ms (cache miss)
2239 timing metavuln:packument:jest-config Completed in 236ms
2240 timing metavuln:load:security-advisory:jest-config:TlYHmS8BZBwkbsPHbTfH2/e91KJnOnqfC63ZoKdiRy+yt6biPd8BwjBdyfPUht1+ZO675I3Gg00RQPYaWiOm8Q== Completed in 3ms
2241 timing metavuln:cache:put:security-advisory:jest-config:PG5LJK++mIH2P5/BoeATw87eF+FfSdFbgEqp2CbnYYA8L17aFlVzq09vZtR3BFwoyR+3hWRZY28YfyQmAblGOg== Completed in 1ms
2242 timing metavuln:calculate:security-advisory:jest-config:TlYHmS8BZBwkbsPHbTfH2/e91KJnOnqfC63ZoKdiRy+yt6biPd8BwjBdyfPUht1+ZO675I3Gg00RQPYaWiOm8Q== Completed in 240ms
2243 timing metavuln:cache:get:security-advisory:postcss:tmHYDPE1UVxPaRKZT9ru10S2PG7HaFVF7Z4GmgB6cUo+mRoTCphDiou0e19GAujSzXwfRWgbN5N8PHmsKOoxPA== Completed in 1ms
2244 http fetch GET 200 https://registry.npmjs.org/postcss 249ms (cache miss)
2245 timing metavuln:packument:postcss Completed in 254ms
2246 timing metavuln:load:security-advisory:postcss:SvMVdtEUVO5ESues2DL9aEFMy6oMG+saOn/tNitKJcx7q7CvMfC5ZcstpC8dbnZl5KL/q/3pYBvQrAPBFsC+nQ== Completed in 7ms
2247 timing metavuln:cache:put:security-advisory:postcss:tmHYDPE1UVxPaRKZT9ru10S2PG7HaFVF7Z4GmgB6cUo+mRoTCphDiou0e19GAujSzXwfRWgbN5N8PHmsKOoxPA== Completed in 5ms
2248 timing metavuln:calculate:security-advisory:postcss:SvMVdtEUVO5ESues2DL9aEFMy6oMG+saOn/tNitKJcx7q7CvMfC5ZcstpC8dbnZl5KL/q/3pYBvQrAPBFsC+nQ== Completed in 268ms
2249 timing metavuln:cache:get:security-advisory:fastify-method-override:ZDPGuMazvs7qKrue/+ZVigiFmeut/y23hQFlb/kCvBjOt63fLVBVFAAWAmB/N3sEQF7bxjwt50HiQTTJGyEpvQ== Completed in 1ms
2250 timing metavuln:load:security-advisory:fastify-method-override:TmkHz1g6xKc2pnDD1h6+ZDKMikxz0M1BBY/wyR9ER8446AKOUk6gXjoSR2douZ5enAllzNSKaynTW1H+LBi1CA== Completed in 1ms
2251 timing metavuln:cache:get:security-advisory:fastify-reverse-routes:E14+sZiQmNHMZ8DBhBeAvQL9a79kH5VraBSPDUqz5BJQ9sR1+a7NBZxGmZfAePmakPx+9euK8Dee7Ub1dqaKYA== Completed in 2ms
2252 timing metavuln:cache:put:security-advisory:fastify-method-override:ZDPGuMazvs7qKrue/+ZVigiFmeut/y23hQFlb/kCvBjOt63fLVBVFAAWAmB/N3sEQF7bxjwt50HiQTTJGyEpvQ== Completed in 11ms
2253 timing metavuln:calculate:security-advisory:fastify-method-override:TmkHz1g6xKc2pnDD1h6+ZDKMikxz0M1BBY/wyR9ER8446AKOUk6gXjoSR2douZ5enAllzNSKaynTW1H+LBi1CA== Completed in 13ms
2254 http fetch GET 200 https://registry.npmjs.org/fastify-reverse-routes 235ms (cache miss)
2255 timing metavuln:packument:fastify-reverse-routes Completed in 237ms
2256 timing metavuln:load:security-advisory:fastify-reverse-routes:TmkHz1g6xKc2pnDD1h6+ZDKMikxz0M1BBY/wyR9ER8446AKOUk6gXjoSR2douZ5enAllzNSKaynTW1H+LBi1CA== Completed in 1ms
2257 timing metavuln:cache:put:security-advisory:fastify-reverse-routes:E14+sZiQmNHMZ8DBhBeAvQL9a79kH5VraBSPDUqz5BJQ9sR1+a7NBZxGmZfAePmakPx+9euK8Dee7Ub1dqaKYA== Completed in 6ms
2258 timing metavuln:calculate:security-advisory:fastify-reverse-routes:TmkHz1g6xKc2pnDD1h6+ZDKMikxz0M1BBY/wyR9ER8446AKOUk6gXjoSR2douZ5enAllzNSKaynTW1H+LBi1CA== Completed in 244ms
2259 timing metavuln:cache:get:security-advisory:jest-util:KGKm1hRPkMsSUasN2N6Z4GOHO8fGbGKIZEcikjWe+ZJ1RAIPIVxN9cUA65sJrFgXSWWgIhEnMkk8RB6TBUus9A== Completed in 3ms
2260 timing metavuln:cache:get:security-advisory:anymatch:Nfla9E9Lgs+mqMt1dA/8UaXdCl7sXuZQsKzxwmqxeyDZbX+CRdcfKSFFgjhZ/F0BJR9geE1mRVv3h/ODZoo63g== Completed in 4ms
2261 timing metavuln:cache:get:security-advisory:micromatch:Gfx2SOQRY3jP5uv6bFlh3nIPxMXsxdnbcyF/xURx+dAnDK2wtpAvWYKdTiFWGD3MlWR/x1stzjO6SjznwiVonw== Completed in 2ms
2262 timing metavuln:load:security-advisory:micromatch:GSQ5ghUF1JWDKMssoydWDVRebjlPePRwktLhrdWzXCq5xeBXdo4Cm9HGHnH2b6P1Nq93YjwPmimVjAx6kge32A== Completed in 1ms
2263 timing metavuln:cache:get:security-advisory:readdirp:O7WXRupQt48LJyZ17mA/uSHYfhYyK7sMYMihjKrTsH3mKxobKArK3CCtifRFqfhAMZFOU4AsOtouYzz86OtBxQ== Completed in 4ms
2264 timing metavuln:cache:put:security-advisory:micromatch:Gfx2SOQRY3jP5uv6bFlh3nIPxMXsxdnbcyF/xURx+dAnDK2wtpAvWYKdTiFWGD3MlWR/x1stzjO6SjznwiVonw== Completed in 6ms
2265 timing metavuln:calculate:security-advisory:micromatch:GSQ5ghUF1JWDKMssoydWDVRebjlPePRwktLhrdWzXCq5xeBXdo4Cm9HGHnH2b6P1Nq93YjwPmimVjAx6kge32A== Completed in 9ms
2266 http fetch GET 200 https://registry.npmjs.org/anymatch 148ms (cache miss)
2267 timing metavuln:packument:anymatch Completed in 150ms
2268 timing metavuln:load:security-advisory:anymatch:GSQ5ghUF1JWDKMssoydWDVRebjlPePRwktLhrdWzXCq5xeBXdo4Cm9HGHnH2b6P1Nq93YjwPmimVjAx6kge32A== Completed in 0ms
2269 http fetch GET 200 https://registry.npmjs.org/readdirp 148ms (cache miss)
2270 timing metavuln:packument:readdirp Completed in 150ms
2271 timing metavuln:load:security-advisory:readdirp:GSQ5ghUF1JWDKMssoydWDVRebjlPePRwktLhrdWzXCq5xeBXdo4Cm9HGHnH2b6P1Nq93YjwPmimVjAx6kge32A== Completed in 0ms
2272 timing metavuln:cache:put:security-advisory:anymatch:Nfla9E9Lgs+mqMt1dA/8UaXdCl7sXuZQsKzxwmqxeyDZbX+CRdcfKSFFgjhZ/F0BJR9geE1mRVv3h/ODZoo63g== Completed in 7ms
2273 timing metavuln:calculate:security-advisory:anymatch:GSQ5ghUF1JWDKMssoydWDVRebjlPePRwktLhrdWzXCq5xeBXdo4Cm9HGHnH2b6P1Nq93YjwPmimVjAx6kge32A== Completed in 157ms
2274 timing metavuln:cache:put:security-advisory:readdirp:O7WXRupQt48LJyZ17mA/uSHYfhYyK7sMYMihjKrTsH3mKxobKArK3CCtifRFqfhAMZFOU4AsOtouYzz86OtBxQ== Completed in 5ms
2275 timing metavuln:calculate:security-advisory:readdirp:GSQ5ghUF1JWDKMssoydWDVRebjlPePRwktLhrdWzXCq5xeBXdo4Cm9HGHnH2b6P1Nq93YjwPmimVjAx6kge32A== Completed in 156ms
2276 http fetch GET 200 https://registry.npmjs.org/jest-util 157ms (cache miss)
2277 timing metavuln:packument:jest-util Completed in 160ms
2278 timing metavuln:load:security-advisory:jest-util:GSQ5ghUF1JWDKMssoydWDVRebjlPePRwktLhrdWzXCq5xeBXdo4Cm9HGHnH2b6P1Nq93YjwPmimVjAx6kge32A== Completed in 3ms
2279 timing metavuln:cache:put:security-advisory:jest-util:KGKm1hRPkMsSUasN2N6Z4GOHO8fGbGKIZEcikjWe+ZJ1RAIPIVxN9cUA65sJrFgXSWWgIhEnMkk8RB6TBUus9A== Completed in 3ms
2280 timing metavuln:calculate:security-advisory:jest-util:GSQ5ghUF1JWDKMssoydWDVRebjlPePRwktLhrdWzXCq5xeBXdo4Cm9HGHnH2b6P1Nq93YjwPmimVjAx6kge32A== Completed in 166ms
2281 timing metavuln:cache:get:security-advisory:pug:Bod8uHjOpAFcodGsdvWZubJRAED6zypMgl3ly6hCbBJ4kIFKsF2l0fd9HBsYkM1DJmjCj+BxWBZMHfDPYyrFRQ== Completed in 0ms
2282 timing metavuln:load:security-advisory:pug:jYtA+ua4XfswkuObBtnwWn2fYvQUK4ca+Iv1+bqgs4mXRLiX4zUdwwNSawL0T4CvKtEq8q6TFgvFydQ8OKg+/Q== Completed in 1ms
2283 timing metavuln:cache:put:security-advisory:pug:Bod8uHjOpAFcodGsdvWZubJRAED6zypMgl3ly6hCbBJ4kIFKsF2l0fd9HBsYkM1DJmjCj+BxWBZMHfDPYyrFRQ== Completed in 3ms
2284 timing metavuln:calculate:security-advisory:pug:jYtA+ua4XfswkuObBtnwWn2fYvQUK4ca+Iv1+bqgs4mXRLiX4zUdwwNSawL0T4CvKtEq8q6TFgvFydQ8OKg+/Q== Completed in 5ms
2285 timing metavuln:cache:get:security-advisory:terser-webpack-plugin:329sgNMopuugPFiEvSVitHHehdTr5nHB47XwDe3JfAo+J6Nc9SQhgI2F9XPbnv2SVTzEoWYsaJ8lBj3HmQYXeg== Completed in 0ms
2286 http fetch GET 200 https://registry.npmjs.org/terser-webpack-plugin 118ms (cache miss)
2287 timing metavuln:packument:terser-webpack-plugin Completed in 120ms
2288 timing metavuln:load:security-advisory:terser-webpack-plugin:VNhzhjSQJJPSfVWQUXMpEy6hsW23faurQllLlGbSJ7QrUHjncb9PKDTQYw8APRVBzMug+7YJc5EWXV6SYvPIiw== Completed in 2ms
2289 timing metavuln:cache:put:security-advisory:terser-webpack-plugin:329sgNMopuugPFiEvSVitHHehdTr5nHB47XwDe3JfAo+J6Nc9SQhgI2F9XPbnv2SVTzEoWYsaJ8lBj3HmQYXeg== Completed in 4ms
2290 timing metavuln:calculate:security-advisory:terser-webpack-plugin:VNhzhjSQJJPSfVWQUXMpEy6hsW23faurQllLlGbSJ7QrUHjncb9PKDTQYw8APRVBzMug+7YJc5EWXV6SYvPIiw== Completed in 126ms
2291 timing metavuln:cache:get:security-advisory:node-gyp:l/WeQkAPWJ0/mHENc58u9JNvnzqgqXWhnfEbUs8zhmL1UmoofkwGw4482B1GnFfApFQ5hXpUDaLf7UIPw6jpww== Completed in 2ms
2292 timing metavuln:cache:get:security-advisory:cacache:xvJIWB5/FY/DmZpxvmgqyq49qJv5ggEb6QVj3OY5ousoMlm27iLo5bVkFK9lSFNIWe3eU5heX0nWjs8DbT01mg== Completed in 2ms
2293 timing metavuln:load:security-advisory:cacache:qPQeYPFDBIedTWfYK3sbnScF6Ha7ouTs+wgndnz4PT5P+/K+GBD4epoPcYpXlu6AC7gSJlCJTJeuKbYAFoK9PA== Completed in 3ms
2294 timing metavuln:cache:get:security-advisory:sqlite3:d9OlV91FQiPngyARVJjb2c1N1Zd+BlUG/6hW/AboVLzuuz9zlq5RBmHPTvImBXKQlYn4hJ5/GOcjonk0bZFabg== Completed in 4ms
2295 timing metavuln:cache:get:security-advisory:pacote:YEGC2tr63UMpFVgVz0cNuFV3bU8S49mLN9fSXNf8TSeZFIG2IIlfze6ewtj1AcnmZfEVnbmO+QJdA95V6mwuNA== Completed in 4ms
2296 timing metavuln:cache:put:security-advisory:cacache:xvJIWB5/FY/DmZpxvmgqyq49qJv5ggEb6QVj3OY5ousoMlm27iLo5bVkFK9lSFNIWe3eU5heX0nWjs8DbT01mg== Completed in 5ms
2297 timing metavuln:calculate:security-advisory:cacache:qPQeYPFDBIedTWfYK3sbnScF6Ha7ouTs+wgndnz4PT5P+/K+GBD4epoPcYpXlu6AC7gSJlCJTJeuKbYAFoK9PA== Completed in 10ms
2298 http fetch GET 200 https://registry.npmjs.org/sqlite3 58ms (cache miss)
2299 timing metavuln:packument:sqlite3 Completed in 60ms
2300 timing metavuln:load:security-advisory:sqlite3:qPQeYPFDBIedTWfYK3sbnScF6Ha7ouTs+wgndnz4PT5P+/K+GBD4epoPcYpXlu6AC7gSJlCJTJeuKbYAFoK9PA== Completed in 1ms
2301 timing metavuln:cache:put:security-advisory:sqlite3:d9OlV91FQiPngyARVJjb2c1N1Zd+BlUG/6hW/AboVLzuuz9zlq5RBmHPTvImBXKQlYn4hJ5/GOcjonk0bZFabg== Completed in 5ms
2302 timing metavuln:calculate:security-advisory:sqlite3:qPQeYPFDBIedTWfYK3sbnScF6Ha7ouTs+wgndnz4PT5P+/K+GBD4epoPcYpXlu6AC7gSJlCJTJeuKbYAFoK9PA== Completed in 66ms
2303 http fetch GET 200 https://registry.npmjs.org/pacote 74ms (cache miss)
2304 timing metavuln:packument:pacote Completed in 76ms
2305 timing metavuln:load:security-advisory:pacote:qPQeYPFDBIedTWfYK3sbnScF6Ha7ouTs+wgndnz4PT5P+/K+GBD4epoPcYpXlu6AC7gSJlCJTJeuKbYAFoK9PA== Completed in 8ms
2306 timing metavuln:cache:put:security-advisory:pacote:YEGC2tr63UMpFVgVz0cNuFV3bU8S49mLN9fSXNf8TSeZFIG2IIlfze6ewtj1AcnmZfEVnbmO+QJdA95V6mwuNA== Completed in 3ms
2307 timing metavuln:calculate:security-advisory:pacote:qPQeYPFDBIedTWfYK3sbnScF6Ha7ouTs+wgndnz4PT5P+/K+GBD4epoPcYpXlu6AC7gSJlCJTJeuKbYAFoK9PA== Completed in 87ms
2308 http fetch GET 200 https://registry.npmjs.org/node-gyp 88ms (cache miss)
2309 timing metavuln:packument:node-gyp Completed in 90ms
2310 timing metavuln:load:security-advisory:node-gyp:qPQeYPFDBIedTWfYK3sbnScF6Ha7ouTs+wgndnz4PT5P+/K+GBD4epoPcYpXlu6AC7gSJlCJTJeuKbYAFoK9PA== Completed in 3ms
2311 timing metavuln:cache:put:security-advisory:node-gyp:l/WeQkAPWJ0/mHENc58u9JNvnzqgqXWhnfEbUs8zhmL1UmoofkwGw4482B1GnFfApFQ5hXpUDaLf7UIPw6jpww== Completed in 2ms
2312 timing metavuln:calculate:security-advisory:node-gyp:qPQeYPFDBIedTWfYK3sbnScF6Ha7ouTs+wgndnz4PT5P+/K+GBD4epoPcYpXlu6AC7gSJlCJTJeuKbYAFoK9PA== Completed in 95ms
2313 timing metavuln:cache:get:security-advisory:prebuild-install:jRqqdHWbOREw15H5SdurWE62CscvPSSYzDYeqtuoOjAS5T4a/EWVlt/5yu0vDTLEYuFXij3+w7qsCx2Gdyt/0A== Completed in 1ms
2314 http fetch GET 200 https://registry.npmjs.org/prebuild-install 44ms (cache miss)
2315 timing metavuln:packument:prebuild-install Completed in 46ms
2316 timing metavuln:load:security-advisory:prebuild-install:cvuUIK3mvYU/u7TShVqDjuuoWy7Jgl2iyysqZzndeGLLwvbCDiePQ/rot9wwSNqpYc8yRaszF/7dU1Uelp1dUw== Completed in 1ms
2317 timing metavuln:cache:put:security-advisory:prebuild-install:jRqqdHWbOREw15H5SdurWE62CscvPSSYzDYeqtuoOjAS5T4a/EWVlt/5yu0vDTLEYuFXij3+w7qsCx2Gdyt/0A== Completed in 2ms
2318 timing metavuln:calculate:security-advisory:prebuild-install:cvuUIK3mvYU/u7TShVqDjuuoWy7Jgl2iyysqZzndeGLLwvbCDiePQ/rot9wwSNqpYc8yRaszF/7dU1Uelp1dUw== Completed in 49ms
2319 timing metavuln:cache:get:security-advisory:sequelize:WP/J+bn63vzyhlFPu4gR5kILxEgdoa3SkHTx4OxjNEQkXzXPPFWVnAe7UrJ7qQH9YqkETnZXjCoBObFPCIcNYg== Completed in 0ms
2320 timing metavuln:load:security-advisory:sequelize:IkyJOqfhkev0E9tRX4zbgkqtsxJX67cd4upO2f1EheDpncnx522qyf9oLyXwjDcWGeZOQHSqJUAh/kUyYH60qQ== Completed in 19ms
2321 timing metavuln:cache:put:security-advisory:sequelize:WP/J+bn63vzyhlFPu4gR5kILxEgdoa3SkHTx4OxjNEQkXzXPPFWVnAe7UrJ7qQH9YqkETnZXjCoBObFPCIcNYg== Completed in 3ms
2322 timing metavuln:calculate:security-advisory:sequelize:IkyJOqfhkev0E9tRX4zbgkqtsxJX67cd4upO2f1EheDpncnx522qyf9oLyXwjDcWGeZOQHSqJUAh/kUyYH60qQ== Completed in 22ms
2323 timing metavuln:cache:get:security-advisory:@webpack-cli/configtest:b4m8NuooYTIA52NRofpykXKsNJXhI/hZokfJmZK3eMyZ91+Gy7N4DTPkKnSOjHMTDNtz3tKcpUaQlXgYolFajw== Completed in 2ms
2324 timing metavuln:cache:get:security-advisory:@webpack-cli/info:4Ds6078ZextuCWT6jXrsLa2Pd6hu32g4nY8H0+T8m+aNKVhEB+52Q1eUKB1D7t/Yrw589oA8B9wCx3mYH5Czxg== Completed in 1ms
2325 timing metavuln:cache:get:security-advisory:css-loader:Ow76q8hhhU3MvyLxgnm1y/zYo7Fm99dr11gKzfApuH8ncvHl4guATrwKI/IqfjYipYNSdQJKvS0ecZLpxoiVmQ== Completed in 1ms
2326 timing metavuln:cache:get:security-advisory:@webpack-cli/serve:P+MTiTWti/cexrtrDQJD8+RBcrtMy6Jp7vN92Es/wHBog8SMX86eBjTDijQuCnC+gyaCX0FrEqKPYrcWHqsQUA== Completed in 2ms
2327 timing metavuln:cache:get:security-advisory:mini-css-extract-plugin:G55y4j6io8Q0QytwZFEND0SCeOlZDD4Vj1H2U/A+S3fJbvRCbCyz3KTSkkMgsfR41LScHaNAhK7X/sWIKBGcAw== Completed in 2ms
2328 timing metavuln:cache:get:security-advisory:style-loader://zsLE/rNXdfMckNmpQNmCoWkrP2Nf7A28LGm4q43CiVrFNuxtrmx0tN+1t0mRm8jyGzzBYXQ9oXn2Zl71qHDA== Completed in 1ms
2329 timing metavuln:cache:get:security-advisory:terser-webpack-plugin:OYMC0geGD8QKOno0urEqU4CzSfBbjPVdXorYRugje09dSj0v95b22iyrJDHHzhuhDvgdM+pkY+8LIQ1bjQveVw== Completed in 1ms
2330 timing metavuln:load:security-advisory:terser-webpack-plugin:IzHFkMfHDC+SV3IL23ZHngntgLDUgyESA9Ge8Mh5rKNVcDpaWLuTZIcoUJg4/bAH+BQlnDzJ4nLfJCy6fOIM0A== Completed in 3ms
2331 timing metavuln:cache:get:security-advisory:webpack-cli:NppzCdkvi81KMTMlBTFbaCoFY8gtVck+ljspUq01iJFvWJ0Elli7ukXQBmz7c1UtSEy7ZuJxrJ2UZIkY/mZfhg== Completed in 4ms
2332 timing metavuln:load:security-advisory:webpack-cli:IzHFkMfHDC+SV3IL23ZHngntgLDUgyESA9Ge8Mh5rKNVcDpaWLuTZIcoUJg4/bAH+BQlnDzJ4nLfJCy6fOIM0A== Completed in 9ms
2333 timing metavuln:cache:put:security-advisory:webpack-cli:NppzCdkvi81KMTMlBTFbaCoFY8gtVck+ljspUq01iJFvWJ0Elli7ukXQBmz7c1UtSEy7ZuJxrJ2UZIkY/mZfhg== Completed in 4ms
2334 timing metavuln:calculate:security-advisory:webpack-cli:IzHFkMfHDC+SV3IL23ZHngntgLDUgyESA9Ge8Mh5rKNVcDpaWLuTZIcoUJg4/bAH+BQlnDzJ4nLfJCy6fOIM0A== Completed in 17ms
2335 timing metavuln:cache:put:security-advisory:terser-webpack-plugin:OYMC0geGD8QKOno0urEqU4CzSfBbjPVdXorYRugje09dSj0v95b22iyrJDHHzhuhDvgdM+pkY+8LIQ1bjQveVw== Completed in 13ms
2336 timing metavuln:calculate:security-advisory:terser-webpack-plugin:IzHFkMfHDC+SV3IL23ZHngntgLDUgyESA9Ge8Mh5rKNVcDpaWLuTZIcoUJg4/bAH+BQlnDzJ4nLfJCy6fOIM0A== Completed in 17ms
2337 http fetch GET 200 https://registry.npmjs.org/@webpack-cli%2fconfigtest 166ms (cache miss)
2338 timing metavuln:packument:@webpack-cli/configtest Completed in 167ms
2339 timing metavuln:load:security-advisory:@webpack-cli/configtest:IzHFkMfHDC+SV3IL23ZHngntgLDUgyESA9Ge8Mh5rKNVcDpaWLuTZIcoUJg4/bAH+BQlnDzJ4nLfJCy6fOIM0A== Completed in 0ms
2340 http fetch GET 200 https://registry.npmjs.org/@webpack-cli%2finfo 169ms (cache miss)
2341 timing metavuln:packument:@webpack-cli/info Completed in 170ms
2342 timing metavuln:load:security-advisory:@webpack-cli/info:IzHFkMfHDC+SV3IL23ZHngntgLDUgyESA9Ge8Mh5rKNVcDpaWLuTZIcoUJg4/bAH+BQlnDzJ4nLfJCy6fOIM0A== Completed in 0ms
2343 http fetch GET 200 https://registry.npmjs.org/style-loader 170ms (cache miss)
2344 timing metavuln:packument:style-loader Completed in 171ms
2345 timing metavuln:load:security-advisory:style-loader:IzHFkMfHDC+SV3IL23ZHngntgLDUgyESA9Ge8Mh5rKNVcDpaWLuTZIcoUJg4/bAH+BQlnDzJ4nLfJCy6fOIM0A== Completed in 2ms
2346 http fetch GET 200 https://registry.npmjs.org/@webpack-cli%2fserve 175ms (cache miss)
2347 timing metavuln:packument:@webpack-cli/serve Completed in 176ms
2348 timing metavuln:load:security-advisory:@webpack-cli/serve:IzHFkMfHDC+SV3IL23ZHngntgLDUgyESA9Ge8Mh5rKNVcDpaWLuTZIcoUJg4/bAH+BQlnDzJ4nLfJCy6fOIM0A== Completed in 0ms
2349 http fetch GET 200 https://registry.npmjs.org/mini-css-extract-plugin 177ms (cache miss)
2350 timing metavuln:packument:mini-css-extract-plugin Completed in 180ms
2351 timing metavuln:load:security-advisory:mini-css-extract-plugin:IzHFkMfHDC+SV3IL23ZHngntgLDUgyESA9Ge8Mh5rKNVcDpaWLuTZIcoUJg4/bAH+BQlnDzJ4nLfJCy6fOIM0A== Completed in 3ms
2352 timing metavuln:cache:put:security-advisory:@webpack-cli/configtest:b4m8NuooYTIA52NRofpykXKsNJXhI/hZokfJmZK3eMyZ91+Gy7N4DTPkKnSOjHMTDNtz3tKcpUaQlXgYolFajw== Completed in 18ms
2353 timing metavuln:calculate:security-advisory:@webpack-cli/configtest:IzHFkMfHDC+SV3IL23ZHngntgLDUgyESA9Ge8Mh5rKNVcDpaWLuTZIcoUJg4/bAH+BQlnDzJ4nLfJCy6fOIM0A== Completed in 186ms
2354 http fetch GET 200 https://registry.npmjs.org/css-loader 185ms (cache miss)
2355 timing metavuln:packument:css-loader Completed in 186ms
2356 timing metavuln:load:security-advisory:css-loader:IzHFkMfHDC+SV3IL23ZHngntgLDUgyESA9Ge8Mh5rKNVcDpaWLuTZIcoUJg4/bAH+BQlnDzJ4nLfJCy6fOIM0A== Completed in 2ms
2357 timing metavuln:cache:put:security-advisory:style-loader://zsLE/rNXdfMckNmpQNmCoWkrP2Nf7A28LGm4q43CiVrFNuxtrmx0tN+1t0mRm8jyGzzBYXQ9oXn2Zl71qHDA== Completed in 16ms
2358 timing metavuln:calculate:security-advisory:style-loader:IzHFkMfHDC+SV3IL23ZHngntgLDUgyESA9Ge8Mh5rKNVcDpaWLuTZIcoUJg4/bAH+BQlnDzJ4nLfJCy6fOIM0A== Completed in 189ms
2359 timing metavuln:cache:put:security-advisory:@webpack-cli/info:4Ds6078ZextuCWT6jXrsLa2Pd6hu32g4nY8H0+T8m+aNKVhEB+52Q1eUKB1D7t/Yrw589oA8B9wCx3mYH5Czxg== Completed in 20ms
2360 timing metavuln:calculate:security-advisory:@webpack-cli/info:IzHFkMfHDC+SV3IL23ZHngntgLDUgyESA9Ge8Mh5rKNVcDpaWLuTZIcoUJg4/bAH+BQlnDzJ4nLfJCy6fOIM0A== Completed in 190ms
2361 timing metavuln:cache:put:security-advisory:@webpack-cli/serve:P+MTiTWti/cexrtrDQJD8+RBcrtMy6Jp7vN92Es/wHBog8SMX86eBjTDijQuCnC+gyaCX0FrEqKPYrcWHqsQUA== Completed in 14ms
2362 timing metavuln:calculate:security-advisory:@webpack-cli/serve:IzHFkMfHDC+SV3IL23ZHngntgLDUgyESA9Ge8Mh5rKNVcDpaWLuTZIcoUJg4/bAH+BQlnDzJ4nLfJCy6fOIM0A== Completed in 190ms
2363 timing metavuln:cache:put:security-advisory:mini-css-extract-plugin:G55y4j6io8Q0QytwZFEND0SCeOlZDD4Vj1H2U/A+S3fJbvRCbCyz3KTSkkMgsfR41LScHaNAhK7X/sWIKBGcAw== Completed in 8ms
2364 timing metavuln:calculate:security-advisory:mini-css-extract-plugin:IzHFkMfHDC+SV3IL23ZHngntgLDUgyESA9Ge8Mh5rKNVcDpaWLuTZIcoUJg4/bAH+BQlnDzJ4nLfJCy6fOIM0A== Completed in 191ms
2365 timing metavuln:cache:put:security-advisory:css-loader:Ow76q8hhhU3MvyLxgnm1y/zYo7Fm99dr11gKzfApuH8ncvHl4guATrwKI/IqfjYipYNSdQJKvS0ecZLpxoiVmQ== Completed in 4ms
2366 timing metavuln:calculate:security-advisory:css-loader:IzHFkMfHDC+SV3IL23ZHngntgLDUgyESA9Ge8Mh5rKNVcDpaWLuTZIcoUJg4/bAH+BQlnDzJ4nLfJCy6fOIM0A== Completed in 192ms
2367 timing metavuln:cache:get:security-advisory:make-fetch-happen:JS1eDAsaQnkSC/rAJ1kHDn4UjWqf1f7567HyV/oKSVvssuR/kR60hXTseVc1ROXD8kOdIPeD9ut6fRzIhPTZuw== Completed in 1ms
2368 http fetch GET 200 https://registry.npmjs.org/expand-template/-/expand-template-2.0.3.tgz 11067ms attempt #2 (cache miss)
2369 timing reifyNode:node_modules/expand-template Completed in 11536ms
2370 http fetch GET 200 https://registry.npmjs.org/esrecurse/-/esrecurse-4.3.0.tgz 11067ms attempt #2 (cache miss)
2371 timing reifyNode:node_modules/esrecurse Completed in 11537ms
2372 http fetch GET 200 https://registry.npmjs.org/estraverse/-/estraverse-5.3.0.tgz 11066ms attempt #2 (cache miss)
2373 timing reifyNode:node_modules/estraverse Completed in 11537ms
2374 http fetch GET 200 https://registry.npmjs.org/event-emitter/-/event-emitter-0.3.5.tgz 11068ms attempt #2 (cache miss)
2375 http fetch GET 200 https://registry.npmjs.org/make-fetch-happen 296ms (cache miss)
2376 timing metavuln:packument:make-fetch-happen Completed in 297ms
2377 timing metavuln:load:security-advisory:make-fetch-happen:yWh+WsUCdzVUoHJ+ukHX3VBWHgc+bzFCiNYaEHuuvW29uVMpISqXUxRqbG/B55MQ8eiu9zSwUnABxh5qJf1U0w== Completed in 1ms
2378 http fetch GET 200 https://registry.npmjs.org/execa/-/execa-5.1.1.tgz 11078ms attempt #2 (cache miss)
2379 timing reifyNode:node_modules/execa Completed in 11547ms
2380 timing metavuln:cache:put:security-advisory:make-fetch-happen:JS1eDAsaQnkSC/rAJ1kHDn4UjWqf1f7567HyV/oKSVvssuR/kR60hXTseVc1ROXD8kOdIPeD9ut6fRzIhPTZuw== Completed in 12ms
2381 timing metavuln:calculate:security-advisory:make-fetch-happen:yWh+WsUCdzVUoHJ+ukHX3VBWHgc+bzFCiNYaEHuuvW29uVMpISqXUxRqbG/B55MQ8eiu9zSwUnABxh5qJf1U0w== Completed in 310ms
2382 timing reifyNode:node_modules/event-emitter Completed in 11553ms
2383 timing metavuln:cache:get:security-advisory:js-beautify:mVGwaR1hJpSySFGv5ENPLe2MXyLsuhCYccBRXwHzfIZ1FRuXcQpYf7sIInN7YhD/b7MqhQlEML2TlWJFU2xw9w== Completed in 1ms
2384 timing metavuln:load:security-advisory:js-beautify:/pief47seGDBHnUOHcdf4vh8S5av/gmYGMH6T5uy3DhJchX5AykoNsEcl2U0K2kYnXDy3Q1HW14AEdN7s+Mmhw== Completed in 2ms
2385 http fetch GET 200 https://registry.npmjs.org/events/-/events-3.3.0.tgz 11096ms attempt #2 (cache miss)
2386 timing reifyNode:node_modules/events Completed in 11573ms
2387 http fetch GET 200 https://registry.npmjs.org/exponential-backoff/-/exponential-backoff-3.1.1.tgz 11106ms attempt #2 (cache miss)
2388 http fetch GET 200 https://registry.npmjs.org/esprima/-/esprima-4.0.1.tgz 11105ms attempt #2 (cache miss)
2389 timing reifyNode:node_modules/esprima Completed in 11576ms
2390 timing metavuln:cache:put:security-advisory:js-beautify:mVGwaR1hJpSySFGv5ENPLe2MXyLsuhCYccBRXwHzfIZ1FRuXcQpYf7sIInN7YhD/b7MqhQlEML2TlWJFU2xw9w== Completed in 21ms
2391 timing metavuln:calculate:security-advisory:js-beautify:/pief47seGDBHnUOHcdf4vh8S5av/gmYGMH6T5uy3DhJchX5AykoNsEcl2U0K2kYnXDy3Q1HW14AEdN7s+Mmhw== Completed in 24ms
2392 timing metavuln:cache:get:security-advisory:fastify-error-page:jFLobgupm1ygdOxTlUvCIArNYaFGGKBaaLAoJ8OKqbKNtBGSdJkKNTpzczRFYEIoK/2FzNs3+s9I4+12F+M70A== Completed in 2ms
2393 http fetch GET 200 https://registry.npmjs.org/event-target-shim/-/event-target-shim-5.0.1.tgz 11113ms attempt #2 (cache miss)
2394 timing reifyNode:node_modules/event-target-shim Completed in 11584ms
2395 http fetch GET 200 https://registry.npmjs.org/expect/-/expect-29.7.0.tgz 11115ms attempt #2 (cache miss)
2396 http fetch GET 200 https://registry.npmjs.org/exit/-/exit-0.1.2.tgz 11116ms attempt #2 (cache miss)
2397 timing reifyNode:node_modules/expect Completed in 11585ms
2398 timing reifyNode:node_modules/exit Completed in 11586ms
2399 timing reifyNode:node_modules/exponential-backoff Completed in 11590ms
2400 http fetch GET 200 https://registry.npmjs.org/esniff/-/esniff-2.0.1.tgz 11120ms attempt #2 (cache miss)
2401 timing reifyNode:node_modules/esniff Completed in 11592ms
2402 http fetch GET 200 https://registry.npmjs.org/find-up/-/find-up-4.1.0.tgz 11066ms attempt #2 (cache miss)
2403 timing reifyNode:node_modules/@istanbuljs/load-nyc-config/node_modules/find-up Completed in 11603ms
2404 http fetch GET 200 https://registry.npmjs.org/find-up/-/find-up-4.1.0.tgz 11199ms attempt #2 (cache miss)
2405 timing reifyNode:node_modules/pkg-dir/node_modules/find-up Completed in 11763ms
2406 http fetch GET 200 https://registry.npmjs.org/cliui/-/cliui-7.0.4.tgz 11208ms attempt #2 (cache miss)
2407 timing reifyNode:node_modules/sequelize-cli/node_modules/cliui Completed in 11780ms
2408 http fetch GET 200 https://registry.npmjs.org/mimic-response/-/mimic-response-3.1.0.tgz 11212ms attempt #2 (cache miss)
2409 timing reifyNode:node_modules/decompress-response/node_modules/mimic-response Completed in 11753ms
2410 http fetch GET 200 https://registry.npmjs.org/cacache/-/cacache-16.1.3.tgz 11215ms attempt #2 (cache miss)
2411 timing reifyNode:node_modules/node-gyp/node_modules/cacache Completed in 11773ms
2412 http fetch GET 200 https://registry.npmjs.org/@babel/helper-simple-access/-/helper-simple-access-7.22.5.tgz 11225ms attempt #2 (cache miss)
2413 timing reifyNode:node_modules/@babel/helper-simple-access Completed in 11739ms
2414 http fetch GET 200 https://registry.npmjs.org/@nodelib/fs.scandir/-/fs.scandir-2.1.5.tgz 11231ms attempt #2 (cache miss)
2415 timing reifyNode:node_modules/@nodelib/fs.scandir Completed in 11745ms
2416 http fetch GET 200 https://registry.npmjs.org/camelcase/-/camelcase-7.0.0.tgz 11214ms attempt #2 (cache miss)
2417 timing reifyNode:node_modules/boxen/node_modules/camelcase Completed in 11753ms
2418 http fetch GET 200 https://registry.npmjs.org/minipass-fetch/-/minipass-fetch-1.4.1.tgz 11715ms attempt #2 (cache miss)
2419 http fetch GET 200 https://registry.npmjs.org/@babel/helper-validator-option/-/helper-validator-option-7.23.5.tgz 11741ms attempt #2 (cache miss)
2420 timing reifyNode:node_modules/@babel/helper-validator-option Completed in 12255ms
2421 http fetch GET 200 https://registry.npmjs.org/dir-glob/-/dir-glob-3.0.1.tgz 11906ms attempt #2 (cache miss)
2422 timing reifyNode:node_modules/dir-glob Completed in 12391ms
2423 timing reifyNode:node_modules/sqlite3/node_modules/minipass-fetch Completed in 12439ms
2424 http fetch GET 200 https://registry.npmjs.org/babel-preset-jest/-/babel-preset-jest-29.6.3.tgz 11897ms attempt #2 (cache miss)
2425 timing reifyNode:node_modules/babel-preset-jest Completed in 12401ms
2426 http fetch GET 200 https://registry.npmjs.org/error-ex/-/error-ex-1.3.2.tgz 11934ms attempt #2 (cache miss)
2427 timing reifyNode:node_modules/error-ex Completed in 12415ms
2428 http fetch GET 200 https://registry.npmjs.org/char-regex/-/char-regex-1.0.2.tgz 11909ms attempt #2 (cache miss)
2429 timing reifyNode:node_modules/char-regex Completed in 12413ms
2430 http fetch GET 200 https://registry.npmjs.org/eslint-scope/-/eslint-scope-5.1.1.tgz 11923ms attempt #2 (cache miss)
2431 http fetch GET 200 https://registry.npmjs.org/crypto-random-string/-/crypto-random-string-4.0.0.tgz 11962ms attempt #2 (cache miss)
2432 timing reifyNode:node_modules/crypto-random-string Completed in 12457ms
2433 http fetch GET 200 https://registry.npmjs.org/chrome-trace-event/-/chrome-trace-event-1.0.3.tgz 11971ms attempt #2 (cache miss)
2434 timing reifyNode:node_modules/chrome-trace-event Completed in 12475ms
2435 http fetch GET 200 https://registry.npmjs.org/camelcase/-/camelcase-5.3.1.tgz 11972ms attempt #2 (cache miss)
2436 timing reifyNode:node_modules/camelcase Completed in 12477ms
2437 http fetch GET 200 https://registry.npmjs.org/detect-newline/-/detect-newline-3.1.0.tgz 12019ms attempt #2 (cache miss)
2438 timing reifyNode:node_modules/detect-newline Completed in 12507ms
2439 http fetch GET 200 https://registry.npmjs.org/pg-connection-string/-/pg-connection-string-2.6.4.tgz 11976ms attempt #2 (cache miss)
2440 timing reifyNode:node_modules/pg/node_modules/pg-connection-string Completed in 12539ms
2441 timing reifyNode:node_modules/webpack/node_modules/eslint-scope Completed in 12559ms
2442 http fetch GET 200 https://registry.npmjs.org/colorette/-/colorette-2.0.19.tgz 12018ms attempt #2 (cache miss)
2443 timing reifyNode:node_modules/colorette Completed in 12516ms
2444 http fetch GET 200 https://registry.npmjs.org/console-control-strings/-/console-control-strings-1.1.0.tgz 12022ms attempt #2 (cache miss)
2445 timing reifyNode:node_modules/console-control-strings Completed in 12517ms
2446 http fetch GET 200 https://registry.npmjs.org/delegates/-/delegates-1.0.0.tgz 12035ms attempt #2 (cache miss)
2447 timing reifyNode:node_modules/delegates Completed in 12521ms
2448 http fetch GET 200 https://registry.npmjs.org/defer-to-connect/-/defer-to-connect-2.0.1.tgz 12044ms attempt #2 (cache miss)
2449 timing reifyNode:node_modules/defer-to-connect Completed in 12532ms
2450 http fetch GET 200 https://registry.npmjs.org/dot-prop/-/dot-prop-6.0.1.tgz 12049ms attempt #2 (cache miss)
2451 timing reifyNode:node_modules/dot-prop Completed in 12534ms
2452 http fetch GET 200 https://registry.npmjs.org/eastasianwidth/-/eastasianwidth-0.2.0.tgz 12052ms attempt #2 (cache miss)
2453 timing reifyNode:node_modules/eastasianwidth Completed in 12535ms
2454 http fetch GET 200 https://registry.npmjs.org/decompress-response/-/decompress-response-6.0.0.tgz 12043ms attempt #2 (cache miss)
2455 timing reifyNode:node_modules/decompress-response Completed in 12535ms
2456 http fetch GET 200 https://registry.npmjs.org/unique-filename/-/unique-filename-2.0.1.tgz 11997ms attempt #2 (cache miss)
2457 timing reifyNode:node_modules/node-gyp/node_modules/unique-filename Completed in 12556ms
2458 http fetch GET 200 https://registry.npmjs.org/escape-string-regexp/-/escape-string-regexp-1.0.5.tgz 12069ms attempt #2 (cache miss)
2459 timing reifyNode:node_modules/escape-string-regexp Completed in 12540ms
2460 http fetch GET 200 https://registry.npmjs.org/diff-sequences/-/diff-sequences-29.6.3.tgz 12063ms attempt #2 (cache miss)
2461 timing reifyNode:node_modules/diff-sequences Completed in 12548ms
2462 http fetch GET 200 https://registry.npmjs.org/define-data-property/-/define-data-property-1.1.4.tgz 12062ms attempt #2 (cache miss)
2463 timing reifyNode:node_modules/define-data-property Completed in 12550ms
2464 http fetch GET 200 https://registry.npmjs.org/clone-response/-/clone-response-1.0.3.tgz 12054ms attempt #2 (cache miss)
2465 timing reifyNode:node_modules/clone-response Completed in 12553ms
2466 http fetch GET 200 https://registry.npmjs.org/escape-goat/-/escape-goat-4.0.0.tgz 12085ms attempt #2 (cache miss)
2467 timing reifyNode:node_modules/escape-goat Completed in 12558ms
2468 http fetch GET 200 https://registry.npmjs.org/clone-deep/-/clone-deep-4.0.1.tgz 12049ms attempt #2 (cache miss)
2469 timing reifyNode:node_modules/clone-deep Completed in 12561ms
2470 http fetch GET 200 https://registry.npmjs.org/character-parser/-/character-parser-2.2.0.tgz 12057ms attempt #2 (cache miss)
2471 timing reifyNode:node_modules/character-parser Completed in 12561ms
2472 http fetch GET 200 https://registry.npmjs.org/convert-source-map/-/convert-source-map-2.0.0.tgz 12069ms attempt #2 (cache miss)
2473 timing reifyNode:node_modules/convert-source-map Completed in 12565ms
2474 http fetch GET 200 https://registry.npmjs.org/escalade/-/escalade-3.1.1.tgz 12093ms attempt #2 (cache miss)
2475 http fetch GET 200 https://registry.npmjs.org/deep-extend/-/deep-extend-0.6.0.tgz 12075ms attempt #2 (cache miss)
2476 timing reifyNode:node_modules/deep-extend Completed in 12567ms
2477 http fetch GET 200 https://registry.npmjs.org/commist/-/commist-3.0.0.tgz 12070ms attempt #2 (cache miss)
2478 http fetch GET 200 https://registry.npmjs.org/deepmerge/-/deepmerge-4.3.1.tgz 12094ms attempt #2 (cache miss)
2479 timing reifyNode:node_modules/deepmerge Completed in 12586ms
2480 http fetch GET 200 https://registry.npmjs.org/es-object-atoms/-/es-object-atoms-1.0.0.tgz 12077ms attempt #2 (cache miss)
2481 http fetch GET 200 https://registry.npmjs.org/data-view-byte-length/-/data-view-byte-length-1.0.1.tgz 12093ms attempt #2 (cache miss)
2482 timing reifyNode:node_modules/escalade Completed in 12591ms
2483 http fetch GET 200 https://registry.npmjs.org/escape-html/-/escape-html-1.0.3.tgz 12120ms attempt #2 (cache miss)
2484 timing reifyNode:node_modules/escape-html Completed in 12592ms
2485 http fetch GET 200 https://registry.npmjs.org/editorconfig/-/editorconfig-1.0.4.tgz 12115ms attempt #2 (cache miss)
2486 timing reifyNode:node_modules/editorconfig Completed in 12598ms
2487 http fetch GET 200 https://registry.npmjs.org/cross-spawn/-/cross-spawn-7.0.3.tgz 12103ms attempt #2 (cache miss)
2488 timing reifyNode:node_modules/cross-spawn Completed in 12597ms
2489 timing reifyNode:node_modules/commist Completed in 12597ms
2490 http fetch GET 200 https://registry.npmjs.org/color-name/-/color-name-1.1.3.tgz 12043ms attempt #2 (cache miss)
2491 timing reifyNode:node_modules/@babel/highlight/node_modules/color-name Completed in 12585ms
2492 http fetch GET 200 https://registry.npmjs.org/supports-color/-/supports-color-5.5.0.tgz 12045ms attempt #2 (cache miss)
2493 timing reifyNode:node_modules/@babel/highlight/node_modules/supports-color Completed in 12586ms
2494 http fetch GET 200 https://registry.npmjs.org/clean-stack/-/clean-stack-2.2.0.tgz 12099ms attempt #2 (cache miss)
2495 timing reifyNode:node_modules/clean-stack Completed in 12601ms
2496 http fetch GET 200 https://registry.npmjs.org/abstract-logging/-/abstract-logging-2.0.1.tgz 12091ms attempt #2 (cache miss)
2497 timing reifyNode:node_modules/abstract-logging Completed in 12598ms
2498 http fetch GET 200 https://registry.npmjs.org/doctypes/-/doctypes-1.1.0.tgz 12121ms attempt #2 (cache miss)
2499 timing reifyNode:node_modules/doctypes Completed in 12605ms
2500 http fetch GET 200 https://registry.npmjs.org/emoji-regex/-/emoji-regex-8.0.0.tgz 12130ms attempt #2 (cache miss)
2501 http fetch GET 200 https://registry.npmjs.org/d/-/d-1.0.2.tgz 12123ms attempt #2 (cache miss)
2502 timing reifyNode:node_modules/d Completed in 12617ms
2503 http fetch GET 200 https://registry.npmjs.org/callsites/-/callsites-3.1.0.tgz 12113ms attempt #2 (cache miss)
2504 timing reifyNode:node_modules/callsites Completed in 12618ms
2505 http fetch GET 200 https://registry.npmjs.org/deep-is/-/deep-is-0.1.4.tgz 12130ms attempt #2 (cache miss)
2506 http fetch GET 200 https://registry.npmjs.org/end-of-stream/-/end-of-stream-1.4.4.tgz 12140ms attempt #2 (cache miss)
2507 timing reifyNode:node_modules/end-of-stream Completed in 12623ms
2508 http fetch GET 200 https://registry.npmjs.org/chownr/-/chownr-2.0.0.tgz 12118ms attempt #2 (cache miss)
2509 timing reifyNode:node_modules/chownr Completed in 12621ms
2510 timing reifyNode:node_modules/es-object-atoms Completed in 12627ms
2511 timing reifyNode:node_modules/data-view-byte-length Completed in 12625ms
2512 http fetch GET 200 https://registry.npmjs.org/ci-info/-/ci-info-3.3.2.tgz 12123ms attempt #2 (cache miss)
2513 timing reifyNode:node_modules/ci-info Completed in 12624ms
2514 http fetch GET 200 https://registry.npmjs.org/define-properties/-/define-properties-1.2.1.tgz 12141ms attempt #2 (cache miss)
2515 timing reifyNode:node_modules/define-properties Completed in 12627ms
2516 http fetch GET 200 https://registry.npmjs.org/@lukeed/ms/-/ms-2.0.2.tgz 12103ms attempt #2 (cache miss)
2517 timing reifyNode:node_modules/@lukeed/ms Completed in 12616ms
2518 http fetch GET 200 https://registry.npmjs.org/@webassemblyjs/helper-wasm-section/-/helper-wasm-section-1.12.1.tgz 12116ms attempt #2 (cache miss)
2519 http fetch GET 200 https://registry.npmjs.org/concat-map/-/concat-map-0.0.1.tgz 12133ms attempt #2 (cache miss)
2520 timing reifyNode:node_modules/concat-map Completed in 12629ms
2521 http fetch GET 200 https://registry.npmjs.org/which/-/which-3.0.1.tgz 12082ms attempt #2 (cache miss)
2522 timing reifyNode:node_modules/@npmcli/git/node_modules/which Completed in 12621ms
2523 http fetch GET 200 https://registry.npmjs.org/fastify-error-page 1059ms (cache miss)
2524 timing metavuln:packument:fastify-error-page Completed in 1059ms
2525 timing metavuln:load:security-advisory:fastify-error-page:GCj7wAVwXmpdpHsZ3FBltk4ddq703nJZceXkq77o3f+gaNLubEhWMdGOuTbsQUIPAj4PXvzoyIJlnaLab4wWyA== Completed in 0ms
2526 http fetch GET 200 https://registry.npmjs.org/find-up/-/find-up-3.0.0.tgz 12096ms attempt #2 (cache miss)
2527 timing reifyNode:node_modules/pkg-up/node_modules/find-up Completed in 12660ms
2528 http fetch GET 200 https://registry.npmjs.org/configstore/-/configstore-6.0.0.tgz 12137ms attempt #2 (cache miss)
2529 timing reifyNode:node_modules/configstore Completed in 12634ms
2530 http fetch GET 200 https://registry.npmjs.org/encoding/-/encoding-0.1.13.tgz 12153ms attempt #2 (cache miss)
2531 timing reifyNode:node_modules/encoding Completed in 12637ms
2532 http fetch GET 200 https://registry.npmjs.org/@types/istanbul-lib-coverage/-/istanbul-lib-coverage-2.0.6.tgz 12120ms attempt #2 (cache miss)
2533 timing reifyNode:node_modules/@types/istanbul-lib-coverage Completed in 12628ms
2534 http fetch GET 200 https://registry.npmjs.org/cli-boxes/-/cli-boxes-3.0.0.tgz 12134ms attempt #2 (cache miss)
2535 timing reifyNode:node_modules/cli-boxes Completed in 12635ms
2536 http fetch GET 200 https://registry.npmjs.org/unique-filename/-/unique-filename-3.0.0.tgz 12096ms attempt #2 (cache miss)
2537 timing reifyNode:node_modules/cacache/node_modules/unique-filename Completed in 12635ms
2538 timing reifyNode:node_modules/emoji-regex Completed in 12640ms
2539 timing reifyNode:node_modules/deep-is Completed in 12647ms
2540 http fetch GET 200 https://registry.npmjs.org/dottie/-/dottie-2.0.6.tgz 12164ms attempt #2 (cache miss)
2541 timing reifyNode:node_modules/dottie Completed in 12648ms
2542 http fetch GET 200 https://registry.npmjs.org/ini/-/ini-1.3.8.tgz 12109ms attempt #2 (cache miss)
2543 timing reifyNode:node_modules/config-chain/node_modules/ini Completed in 12649ms
2544 http fetch GET 200 https://registry.npmjs.org/interpret/-/interpret-3.1.1.tgz 12120ms attempt #2 (cache miss)
2545 timing reifyNode:node_modules/webpack-cli/node_modules/interpret Completed in 12693ms
2546 http fetch GET 200 https://registry.npmjs.org/@babel/plugin-syntax-jsx/-/plugin-syntax-jsx-7.24.1.tgz 12122ms attempt #2 (cache miss)
2547 timing reifyNode:node_modules/@babel/plugin-syntax-jsx Completed in 12638ms
2548 http fetch GET 200 https://registry.npmjs.org/strip-ansi/-/strip-ansi-7.1.0.tgz 12114ms attempt #2 (cache miss)
2549 timing reifyNode:node_modules/npm-check-updates/node_modules/strip-ansi Completed in 12673ms
2550 http fetch GET 200 https://registry.npmjs.org/depd/-/depd-2.0.0.tgz 12172ms attempt #2 (cache miss)
2551 timing reifyNode:node_modules/depd Completed in 12658ms
2552 timing reifyNode:node_modules/@webassemblyjs/helper-wasm-section Completed in 12651ms
2553 http fetch GET 200 https://registry.npmjs.org/es-errors/-/es-errors-1.3.0.tgz 12189ms attempt #2 (cache miss)
2554 http fetch GET 200 https://registry.npmjs.org/cookie/-/cookie-0.6.0.tgz 12172ms attempt #2 (cache miss)
2555 timing reifyNode:node_modules/cookie Completed in 12668ms
2556 http fetch GET 200 https://registry.npmjs.org/data-view-buffer/-/data-view-buffer-1.0.1.tgz 12175ms attempt #2 (cache miss)
2557 timing reifyNode:node_modules/data-view-buffer Completed in 12669ms
2558 http fetch GET 200 https://registry.npmjs.org/data-view-byte-offset/-/data-view-byte-offset-1.0.0.tgz 12177ms attempt #2 (cache miss)
2559 timing reifyNode:node_modules/data-view-byte-offset Completed in 12670ms
2560 http fetch GET 200 https://registry.npmjs.org/es6-weak-map/-/es6-weak-map-2.0.3.tgz 12204ms attempt #2 (cache miss)
2561 timing reifyNode:node_modules/es6-weak-map Completed in 12680ms
2562 http fetch GET 200 https://registry.npmjs.org/which/-/which-3.0.1.tgz 12126ms attempt #2 (cache miss)
2563 timing reifyNode:node_modules/@npmcli/promise-spawn/node_modules/which Completed in 12670ms
2564 http fetch GET 200 https://registry.npmjs.org/which/-/which-3.0.1.tgz 12133ms attempt #2 (cache miss)
2565 timing reifyNode:node_modules/@npmcli/run-script/node_modules/which Completed in 12671ms
2566 timing reifyNode:node_modules/es-errors Completed in 12685ms
2567 http fetch GET 200 https://registry.npmjs.org/@gar/promisify/-/promisify-1.1.3.tgz 12159ms attempt #2 (cache miss)
2568 timing reifyNode:node_modules/@gar/promisify Completed in 12674ms
2569 http fetch GET 200 https://registry.npmjs.org/has-flag/-/has-flag-3.0.0.tgz 12130ms attempt #2 (cache miss)
2570 timing reifyNode:node_modules/@babel/highlight/node_modules/has-flag Completed in 12671ms
2571 http fetch GET 200 https://registry.npmjs.org/@types/responselike/-/responselike-1.0.0.tgz 12173ms attempt #2 (cache miss)
2572 timing reifyNode:node_modules/@types/responselike Completed in 12679ms
2573 http fetch GET 200 https://registry.npmjs.org/ini/-/ini-1.3.8.tgz 12155ms attempt #2 (cache miss)
2574 timing reifyNode:node_modules/rc/node_modules/ini Completed in 12722ms
2575 http fetch GET 200 https://registry.npmjs.org/strip-ansi/-/strip-ansi-7.1.0.tgz 12137ms attempt #2 (cache miss)
2576 timing reifyNode:node_modules/@isaacs/cliui/node_modules/strip-ansi Completed in 12680ms
2577 http fetch GET 200 https://registry.npmjs.org/@jest/fake-timers/-/fake-timers-29.7.0.tgz 12167ms attempt #2 (cache miss)
2578 timing reifyNode:node_modules/@jest/fake-timers Completed in 12682ms
2579 http fetch GET 200 https://registry.npmjs.org/constantinople/-/constantinople-4.0.1.tgz 12200ms attempt #2 (cache miss)
2580 timing reifyNode:node_modules/constantinople Completed in 12697ms
2581 http fetch GET 200 https://registry.npmjs.org/call-bind/-/call-bind-1.0.7.tgz 12191ms attempt #2 (cache miss)
2582 timing reifyNode:node_modules/call-bind Completed in 12696ms
2583 http fetch GET 200 https://registry.npmjs.org/dateformat/-/dateformat-4.6.3.tgz 12208ms attempt #2 (cache miss)
2584 timing reifyNode:node_modules/dateformat Completed in 12700ms
2585 http fetch GET 200 https://registry.npmjs.org/dedent/-/dedent-1.5.3.tgz 12211ms attempt #2 (cache miss)
2586 timing reifyNode:node_modules/dedent Completed in 12702ms
2587 http fetch GET 200 https://registry.npmjs.org/@tootallnate/once/-/once-1.1.2.tgz 12172ms attempt #2 (cache miss)
2588 timing reifyNode:node_modules/sqlite3/node_modules/@tootallnate/once Completed in 12739ms
2589 http fetch GET 200 https://registry.npmjs.org/array-buffer-byte-length/-/array-buffer-byte-length-1.0.1.tgz 12195ms attempt #2 (cache miss)
2590 timing reifyNode:node_modules/array-buffer-byte-length Completed in 12701ms
2591 http fetch GET 200 https://registry.npmjs.org/ansi-styles/-/ansi-styles-3.2.1.tgz 12149ms attempt #2 (cache miss)
2592 timing reifyNode:node_modules/@babel/highlight/node_modules/ansi-styles Completed in 12692ms
2593 http fetch GET 200 https://registry.npmjs.org/@types/babel__generator/-/babel__generator-7.6.8.tgz 12189ms attempt #2 (cache miss)
2594 timing reifyNode:node_modules/@types/babel__generator Completed in 12700ms
2595 http fetch GET 200 https://registry.npmjs.org/close-with-grace/-/close-with-grace-1.1.0.tgz 12215ms attempt #2 (cache miss)
2596 timing reifyNode:node_modules/close-with-grace Completed in 12712ms
2597 http fetch GET 200 https://registry.npmjs.org/babel-plugin-istanbul/-/babel-plugin-istanbul-6.1.1.tgz 12206ms attempt #2 (cache miss)
2598 timing reifyNode:node_modules/babel-plugin-istanbul Completed in 12710ms
2599 http fetch GET 200 https://registry.npmjs.org/@nodelib/fs.stat/-/fs.stat-2.0.5.tgz 12191ms attempt #2 (cache miss)
2600 http fetch GET 200 https://registry.npmjs.org/@npmcli/promise-spawn/-/promise-spawn-6.0.2.tgz 12195ms attempt #2 (cache miss)
2601 timing reifyNode:node_modules/@npmcli/promise-spawn Completed in 12707ms
2602 http fetch GET 200 https://registry.npmjs.org/debug/-/debug-4.3.4.tgz 12252ms attempt #2 (cache miss)
2603 timing reifyNode:node_modules/debug Completed in 12745ms
2604 http fetch GET 200 https://registry.npmjs.org/cli-table3/-/cli-table3-0.6.4.tgz 12249ms attempt #2 (cache miss)
2605 timing reifyNode:node_modules/cli-table3 Completed in 12747ms
2606 http fetch GET 200 https://registry.npmjs.org/fastify-plugin/-/fastify-plugin-4.2.0.tgz 12192ms attempt #2 (cache miss)
2607 http fetch GET 200 https://registry.npmjs.org/@types/estree/-/estree-1.0.5.tgz 12233ms attempt #2 (cache miss)
2608 timing reifyNode:node_modules/@types/estree Completed in 12741ms
2609 http fetch GET 200 https://registry.npmjs.org/@fastify/fast-json-stringify-compiler/-/fast-json-stringify-compiler-4.3.0.tgz 12223ms attempt #2 (cache miss)
2610 http fetch GET 200 https://registry.npmjs.org/emittery/-/emittery-0.13.1.tgz 12269ms attempt #2 (cache miss)
2611 timing reifyNode:node_modules/emittery Completed in 12753ms
2612 http fetch GET 200 https://registry.npmjs.org/chalk/-/chalk-2.4.2.tgz 12195ms attempt #2 (cache miss)
2613 timing reifyNode:node_modules/@babel/highlight/node_modules/chalk Completed in 12736ms
2614 http fetch GET 200 https://registry.npmjs.org/chalk/-/chalk-4.1.2.tgz 12249ms attempt #2 (cache miss)
2615 timing reifyNode:node_modules/chalk Completed in 12753ms
2616 http fetch GET 200 https://registry.npmjs.org/@types/semver-utils/-/semver-utils-1.1.3.tgz 12243ms attempt #2 (cache miss)
2617 timing reifyNode:node_modules/@types/semver-utils Completed in 12749ms
2618 http fetch GET 200 https://registry.npmjs.org/color-convert/-/color-convert-1.9.3.tgz 12201ms attempt #2 (cache miss)
2619 timing reifyNode:node_modules/@babel/highlight/node_modules/color-convert Completed in 12744ms
2620 http fetch GET 200 https://registry.npmjs.org/globals/-/globals-11.12.0.tgz 12202ms attempt #2 (cache miss)
2621 timing reifyNode:node_modules/@babel/traverse/node_modules/globals Completed in 12746ms
2622 http fetch GET 200 https://registry.npmjs.org/@sigstore/bundle/-/bundle-1.1.0.tgz 12240ms attempt #2 (cache miss)
2623 timing reifyNode:node_modules/@fastify/fast-json-stringify-compiler Completed in 12749ms
2624 timing reifyNode:node_modules/@nodelib/fs.stat Completed in 12753ms
2625 http fetch GET 200 https://registry.npmjs.org/@jridgewell/resolve-uri/-/resolve-uri-3.1.2.tgz 12241ms attempt #2 (cache miss)
2626 timing reifyNode:node_modules/@jridgewell/resolve-uri Completed in 12755ms
2627 timing reifyNode:node_modules/@fastify/static/node_modules/fastify-plugin Completed in 12754ms
2628 http fetch GET 200 https://registry.npmjs.org/depd/-/depd-1.1.2.tgz 12225ms attempt #2 (cache miss)
2629 http fetch GET 200 https://registry.npmjs.org/es6-iterator/-/es6-iterator-2.0.3.tgz 12300ms attempt #2 (cache miss)
2630 timing reifyNode:node_modules/@sigstore/bundle Completed in 12764ms
2631 http fetch GET 200 https://registry.npmjs.org/es-to-primitive/-/es-to-primitive-1.2.1.tgz 12300ms attempt #2 (cache miss)
2632 http fetch GET 200 https://registry.npmjs.org/doctrine/-/doctrine-3.0.0.tgz 12291ms attempt #2 (cache miss)
2633 timing reifyNode:node_modules/doctrine Completed in 12777ms
2634 timing reifyNode:node_modules/es6-iterator Completed in 12782ms
2635 http fetch GET 200 https://registry.npmjs.org/@ampproject/remapping/-/remapping-2.3.0.tgz 12249ms attempt #2 (cache miss)
2636 timing reifyNode:node_modules/agentkeepalive/node_modules/depd Completed in 12776ms
2637 timing reifyNode:node_modules/es-to-primitive Completed in 12785ms
2638 http fetch GET 200 https://registry.npmjs.org/eslint-module-utils/-/eslint-module-utils-2.8.1.tgz 12316ms attempt #2 (cache miss)
2639 http fetch GET 200 https://registry.npmjs.org/array.prototype.findlastindex/-/array.prototype.findlastindex-1.2.5.tgz 12276ms attempt #2 (cache miss)
2640 timing reifyNode:node_modules/array.prototype.findlastindex Completed in 12782ms
2641 http fetch GET 200 https://registry.npmjs.org/globals/-/globals-14.0.0.tgz 12230ms attempt #2 (cache miss)
2642 timing reifyNode:node_modules/@eslint/eslintrc/node_modules/globals Completed in 12775ms
2643 timing reifyNode:node_modules/@ampproject/remapping Completed in 12773ms
2644 timing metavuln:cache:put:security-advisory:fastify-error-page:jFLobgupm1ygdOxTlUvCIArNYaFGGKBaaLAoJ8OKqbKNtBGSdJkKNTpzczRFYEIoK/2FzNs3+s9I4+12F+M70A== Completed in 158ms
2645 timing metavuln:calculate:security-advisory:fastify-error-page:GCj7wAVwXmpdpHsZ3FBltk4ddq703nJZceXkq77o3f+gaNLubEhWMdGOuTbsQUIPAj4PXvzoyIJlnaLab4wWyA== Completed in 1219ms
2646 timing metavuln:cache:get:security-advisory:fastify:lycCXiLX7WYkPGWyOZfK/x2MyEabGa58Yp0NN6fq6Yb6R/bh9aYOAn3zOTXTfsMH3UEP1cjjw4Kj5YdQJT91Fg== Completed in 5ms
2647 timing metavuln:load:security-advisory:fastify:UfYeYMGFnlVOh6z1dqFizSqjGi7YyyQMRc3JQ1VnZ/OBVx1zGC6e+b6mEKG/IaRMMtjP5WJ2749QJ6iB38mozA== Completed in 10ms
2648 http fetch GET 200 https://registry.npmjs.org/@npmcli/run-script/-/run-script-6.0.2.tgz 12285ms attempt #2 (cache miss)
2649 timing reifyNode:node_modules/@npmcli/run-script Completed in 12797ms
2650 timing reifyNode:node_modules/eslint-module-utils Completed in 12813ms
2651 http fetch GET 200 https://registry.npmjs.org/@types/babel__traverse/-/babel__traverse-7.20.5.tgz 12291ms attempt #2 (cache miss)
2652 timing reifyNode:node_modules/@types/babel__traverse Completed in 12801ms
2653 http fetch GET 200 https://registry.npmjs.org/istanbul-lib-instrument/-/istanbul-lib-instrument-5.2.1.tgz 12268ms attempt #2 (cache miss)
2654 timing reifyNode:node_modules/babel-plugin-istanbul/node_modules/istanbul-lib-instrument Completed in 12807ms
2655 http fetch GET 200 https://registry.npmjs.org/@jest/types/-/types-29.6.3.tgz 12290ms attempt #2 (cache miss)
2656 timing reifyNode:node_modules/@jest/types Completed in 12804ms
2657 http fetch GET 200 https://registry.npmjs.org/@pnpm/network.ca-file/-/network.ca-file-1.0.1.tgz 12295ms attempt #2 (cache miss)
2658 http fetch GET 200 https://registry.npmjs.org/chokidar/-/chokidar-3.5.3.tgz 12312ms attempt #2 (cache miss)
2659 timing reifyNode:node_modules/chokidar Completed in 12815ms
2660 http fetch GET 200 https://registry.npmjs.org/fastify-plugin/-/fastify-plugin-4.2.0.tgz 12262ms attempt #2 (cache miss)
2661 http fetch GET 200 https://registry.npmjs.org/es-module-lexer/-/es-module-lexer-1.5.0.tgz 12343ms attempt #2 (cache miss)
2662 timing reifyNode:node_modules/es-module-lexer Completed in 12822ms
2663 http fetch GET 200 https://registry.npmjs.org/@types/jest/-/jest-29.5.12.tgz 12311ms attempt #2 (cache miss)
2664 timing reifyNode:node_modules/@types/jest Completed in 12818ms
2665 timing reifyNode:node_modules/@pnpm/network.ca-file Completed in 12819ms
2666 timing reifyNode:node_modules/@fastify/view/node_modules/fastify-plugin Completed in 12817ms
2667 http fetch GET 200 https://registry.npmjs.org/chalk/-/chalk-5.3.0.tgz 12306ms attempt #2 (cache miss)
2668 timing reifyNode:node_modules/npm-check-updates/node_modules/chalk Completed in 12865ms
2669 http fetch GET 200 https://registry.npmjs.org/cli-color/-/cli-color-2.0.4.tgz 12345ms attempt #2 (cache miss)
2670 timing reifyNode:node_modules/cli-color Completed in 12844ms
2671 http fetch GET 200 https://registry.npmjs.org/make-fetch-happen/-/make-fetch-happen-9.1.0.tgz 12317ms attempt #2 (cache miss)
2672 timing reifyNode:node_modules/sqlite3/node_modules/make-fetch-happen Completed in 12884ms
2673 http fetch GET 200 https://registry.npmjs.org/@nodelib/fs.walk/-/fs.walk-1.2.8.tgz 12332ms attempt #2 (cache miss)
2674 http fetch GET 200 https://registry.npmjs.org/yargs-parser/-/yargs-parser-20.2.9.tgz 12328ms attempt #2 (cache miss)
2675 timing reifyNode:node_modules/sequelize-cli/node_modules/yargs-parser Completed in 12896ms
2676 timing reifyNode:node_modules/@nodelib/fs.walk Completed in 12853ms
2677 http fetch GET 200 https://registry.npmjs.org/cjs-module-lexer/-/cjs-module-lexer-1.2.3.tgz 12361ms attempt #2 (cache miss)
2678 timing reifyNode:node_modules/cjs-module-lexer Completed in 12863ms
2679 timing metavuln:cache:put:security-advisory:fastify:lycCXiLX7WYkPGWyOZfK/x2MyEabGa58Yp0NN6fq6Yb6R/bh9aYOAn3zOTXTfsMH3UEP1cjjw4Kj5YdQJT91Fg== Completed in 60ms
2680 timing metavuln:calculate:security-advisory:fastify:UfYeYMGFnlVOh6z1dqFizSqjGi7YyyQMRc3JQ1VnZ/OBVx1zGC6e+b6mEKG/IaRMMtjP5WJ2749QJ6iB38mozA== Completed in 75ms
2681 timing metavuln:cache:get:security-advisory:socks-proxy-agent:O35lPVDdakgt3PlMJ9Zvn535r+Rq41+Bl/9fFt/aDDpWq0oHeg7o+DHqp/GCXtD2sFx/QS2MkwRqg1u8nOKHkQ== Completed in 6ms
2682 http fetch GET 200 https://registry.npmjs.org/electron-to-chromium/-/electron-to-chromium-1.4.746.tgz 12393ms attempt #2 (cache miss)
2683 timing reifyNode:node_modules/electron-to-chromium Completed in 12879ms
2684 http fetch GET 200 https://registry.npmjs.org/envinfo/-/envinfo-7.12.0.tgz 12405ms attempt #2 (cache miss)
2685 timing reifyNode:node_modules/envinfo Completed in 12887ms
2686 http fetch GET 200 https://registry.npmjs.org/@tufjs/models/-/models-1.0.4.tgz 12383ms attempt #2 (cache miss)
2687 timing reifyNode:node_modules/@tufjs/models Completed in 12895ms
2688 http fetch GET 200 https://registry.npmjs.org/esm/-/esm-3.2.25.tgz 12438ms attempt #2 (cache miss)
2689 timing reifyNode:node_modules/esm Completed in 12910ms
2690 http fetch GET 200 https://registry.npmjs.org/@fastify/cookie/-/cookie-9.3.1.tgz 12380ms attempt #2 (cache miss)
2691 http fetch GET 200 https://registry.npmjs.org/argparse/-/argparse-1.0.10.tgz 12362ms attempt #2 (cache miss)
2692 timing reifyNode:node_modules/@istanbuljs/load-nyc-config/node_modules/argparse Completed in 12900ms
2693 http fetch GET 200 https://registry.npmjs.org/css-loader/-/css-loader-7.1.1.tgz 12403ms attempt #2 (cache miss)
2694 timing reifyNode:node_modules/css-loader Completed in 12915ms
2695 timing reifyNode:node_modules/@fastify/cookie Completed in 12904ms
2696 http fetch GET 200 https://registry.npmjs.org/entities/-/entities-3.0.1.tgz 12450ms attempt #2 (cache miss)
2697 timing reifyNode:node_modules/entities Completed in 12933ms
2698 http fetch GET 200 https://registry.npmjs.org/@jest/core/-/core-29.7.0.tgz 12445ms attempt #2 (cache miss)
2699 timing reifyNode:node_modules/@jest/core Completed in 12960ms
2700 http fetch GET 200 https://registry.npmjs.org/type-fest/-/type-fest-0.21.3.tgz 12429ms attempt #2 (cache miss)
2701 timing reifyNode:node_modules/ansi-escapes/node_modules/type-fest Completed in 12971ms
2702 http fetch GET 200 https://registry.npmjs.org/fast-glob/-/fast-glob-3.2.11.tgz 12482ms attempt #2 (cache miss)
2703 timing reifyNode:node_modules/fast-glob Completed in 12987ms
2704 http fetch GET 200 https://registry.npmjs.org/enhanced-resolve/-/enhanced-resolve-5.16.0.tgz 12520ms attempt #2 (cache miss)
2705 timing reifyNode:node_modules/enhanced-resolve Completed in 13002ms
2706 http fetch GET 200 https://registry.npmjs.org/concurrently/-/concurrently-8.2.2.tgz 12508ms attempt #2 (cache miss)
2707 timing reifyNode:node_modules/concurrently Completed in 13004ms
2708 http fetch GET 200 https://registry.npmjs.org/minimatch/-/minimatch-9.0.1.tgz 12483ms attempt #2 (cache miss)
2709 http fetch GET 200 https://registry.npmjs.org/yargs/-/yargs-16.2.0.tgz 12490ms attempt #2 (cache miss)
2710 timing reifyNode:node_modules/sequelize-cli/node_modules/yargs Completed in 13059ms
2711 http fetch GET 200 https://registry.npmjs.org/@fastify/send/-/send-2.1.0.tgz 12498ms attempt #2 (cache miss)
2712 http fetch GET 200 https://registry.npmjs.org/esquery/-/esquery-1.5.0.tgz 12561ms attempt #2 (cache miss)
2713 timing reifyNode:node_modules/esquery Completed in 13032ms
2714 timing reifyNode:node_modules/editorconfig/node_modules/minimatch Completed in 13028ms
2715 timing reifyNode:node_modules/@fastify/send Completed in 13017ms
2716 http fetch GET 200 https://registry.npmjs.org/js-yaml/-/js-yaml-3.14.1.tgz 12482ms attempt #2 (cache miss)
2717 timing reifyNode:node_modules/@istanbuljs/load-nyc-config/node_modules/js-yaml Completed in 13020ms
2718 http fetch GET 200 https://registry.npmjs.org/socks-proxy-agent 166ms (cache miss)
2719 timing metavuln:packument:socks-proxy-agent Completed in 167ms
2720 timing metavuln:load:security-advisory:socks-proxy-agent:re7e5WgYC0N2yCcyKEpIVOef1b0RSDx7Y0SpqokON2S0og4NBc+basQ12t25Rom7giF5cYm2S3iMuCSJlhszhQ== Completed in 1ms
2721 http fetch GET 200 https://registry.npmjs.org/type-fest/-/type-fest-2.19.0.tgz 12507ms attempt #2 (cache miss)
2722 timing reifyNode:node_modules/boxen/node_modules/type-fest Completed in 13047ms
2723 timing metavuln:cache:put:security-advisory:socks-proxy-agent:O35lPVDdakgt3PlMJ9Zvn535r+Rq41+Bl/9fFt/aDDpWq0oHeg7o+DHqp/GCXtD2sFx/QS2MkwRqg1u8nOKHkQ== Completed in 18ms
2724 timing metavuln:calculate:security-advisory:socks-proxy-agent:re7e5WgYC0N2yCcyKEpIVOef1b0RSDx7Y0SpqokON2S0og4NBc+basQ12t25Rom7giF5cYm2S3iMuCSJlhszhQ== Completed in 186ms
2725 timing metavuln:cache:get:security-advisory:webpack:JftYdshFur//E5T4X92eMr+3ntXPZDJ+GCIeFNjvSdMva59Eynz8k2kYRNBgeLJzm3dzvTSVXqU5Xweef/OxdQ== Completed in 1ms
2726 timing metavuln:load:security-advisory:webpack:329sgNMopuugPFiEvSVitHHehdTr5nHB47XwDe3JfAo+J6Nc9SQhgI2F9XPbnv2SVTzEoWYsaJ8lBj3HmQYXeg== Completed in 12ms
2727 http fetch GET 200 https://registry.npmjs.org/rimraf/-/rimraf-5.0.5.tgz 12547ms attempt #2 (cache miss)
2728 timing metavuln:cache:put:security-advisory:webpack:JftYdshFur//E5T4X92eMr+3ntXPZDJ+GCIeFNjvSdMva59Eynz8k2kYRNBgeLJzm3dzvTSVXqU5Xweef/OxdQ== Completed in 16ms
2729 timing metavuln:calculate:security-advisory:webpack:329sgNMopuugPFiEvSVitHHehdTr5nHB47XwDe3JfAo+J6Nc9SQhgI2F9XPbnv2SVTzEoWYsaJ8lBj3HmQYXeg== Completed in 30ms
2730 timing metavuln:cache:get:security-advisory:make-fetch-happen:i9EWLQURMjAySZXCi5WtA8NzwiONkym6qMEPsUX+uPSg1yz1bg479ufVR/tOdZWMzNzCglMBtyw+v486D3ACDQ== Completed in 0ms
2731 timing metavuln:load:security-advisory:make-fetch-happen:xvJIWB5/FY/DmZpxvmgqyq49qJv5ggEb6QVj3OY5ousoMlm27iLo5bVkFK9lSFNIWe3eU5heX0nWjs8DbT01mg== Completed in 3ms
2732 timing metavuln:cache:get:security-advisory:pacote:OtnJdJ42a1bInL8GrqOWym4puwNQ7oh2bGqAOg0E5uptu0OSRW4gjuYFOkEEYOvjetc1WkglEEM0U0Bgv6+wAw== Completed in 3ms
2733 timing metavuln:load:security-advisory:pacote:xvJIWB5/FY/DmZpxvmgqyq49qJv5ggEb6QVj3OY5ousoMlm27iLo5bVkFK9lSFNIWe3eU5heX0nWjs8DbT01mg== Completed in 3ms
2734 timing reifyNode:node_modules/npm-check-updates/node_modules/rimraf Completed in 13115ms
2735 http fetch GET 200 https://registry.npmjs.org/find-my-way/-/find-my-way-8.1.0.tgz 12601ms attempt #2 (cache miss)
2736 timing reifyNode:node_modules/find-my-way Completed in 13103ms
2737 timing metavuln:cache:put:security-advisory:pacote:OtnJdJ42a1bInL8GrqOWym4puwNQ7oh2bGqAOg0E5uptu0OSRW4gjuYFOkEEYOvjetc1WkglEEM0U0Bgv6+wAw== Completed in 10ms
2738 timing metavuln:calculate:security-advisory:pacote:xvJIWB5/FY/DmZpxvmgqyq49qJv5ggEb6QVj3OY5ousoMlm27iLo5bVkFK9lSFNIWe3eU5heX0nWjs8DbT01mg== Completed in 16ms
2739 timing metavuln:cache:put:security-advisory:make-fetch-happen:i9EWLQURMjAySZXCi5WtA8NzwiONkym6qMEPsUX+uPSg1yz1bg479ufVR/tOdZWMzNzCglMBtyw+v486D3ACDQ== Completed in 13ms
2740 timing metavuln:calculate:security-advisory:make-fetch-happen:xvJIWB5/FY/DmZpxvmgqyq49qJv5ggEb6QVj3OY5ousoMlm27iLo5bVkFK9lSFNIWe3eU5heX0nWjs8DbT01mg== Completed in 16ms
2741 timing metavuln:cache:get:security-advisory:npm-check-updates:3a1dSTSz2mQ0SY5QLKCAVyecBp16P1w6TZ0LEKSvcyuL2frIaamAAWnvTNhDy7T5umx7WmeE1h7mvHxaJVxZ7Q== Completed in 1ms
2742 timing metavuln:load:security-advisory:npm-check-updates:YEGC2tr63UMpFVgVz0cNuFV3bU8S49mLN9fSXNf8TSeZFIG2IIlfze6ewtj1AcnmZfEVnbmO+QJdA95V6mwuNA== Completed in 12ms
2743 http fetch GET 200 https://registry.npmjs.org/db-errors/-/db-errors-0.2.3.tgz 12634ms attempt #2 (cache miss)
2744 timing reifyNode:node_modules/db-errors Completed in 13127ms
2745 timing metavuln:cache:put:security-advisory:npm-check-updates:3a1dSTSz2mQ0SY5QLKCAVyecBp16P1w6TZ0LEKSvcyuL2frIaamAAWnvTNhDy7T5umx7WmeE1h7mvHxaJVxZ7Q== Completed in 11ms
2746 timing metavuln:calculate:security-advisory:npm-check-updates:YEGC2tr63UMpFVgVz0cNuFV3bU8S49mLN9fSXNf8TSeZFIG2IIlfze6ewtj1AcnmZfEVnbmO+QJdA95V6mwuNA== Completed in 24ms
2747 timing metavuln:cache:get:security-advisory:@npmcli/run-script:iGTtwNhtzJqD6NRQrZd/d/zEGMzgSqpgcRI1vjqHKnRzGZno56l+gHAbYs0XRY+CB7swkVDTEWOkDAMckkToXA== Completed in 1ms
2748 timing metavuln:cache:get:security-advisory:sqlite3:/EyvdRGvNSmIfPvDagXmxhNg0I3IVs11DoQPmZbPhEN8VqxbrAo8DVoBrE8H0mBolYmeaGyEYJxfj/d4+SoOrA== Completed in 1ms
2749 timing metavuln:load:security-advisory:sqlite3:l/WeQkAPWJ0/mHENc58u9JNvnzqgqXWhnfEbUs8zhmL1UmoofkwGw4482B1GnFfApFQ5hXpUDaLf7UIPw6jpww== Completed in 1ms
2750 timing metavuln:cache:put:security-advisory:sqlite3:/EyvdRGvNSmIfPvDagXmxhNg0I3IVs11DoQPmZbPhEN8VqxbrAo8DVoBrE8H0mBolYmeaGyEYJxfj/d4+SoOrA== Completed in 9ms
2751 timing metavuln:calculate:security-advisory:sqlite3:l/WeQkAPWJ0/mHENc58u9JNvnzqgqXWhnfEbUs8zhmL1UmoofkwGw4482B1GnFfApFQ5hXpUDaLf7UIPw6jpww== Completed in 11ms
2752 http fetch GET 200 https://registry.npmjs.org/@fastify/static/-/static-7.0.3.tgz 12630ms attempt #2 (cache miss)
2753 timing reifyNode:node_modules/@fastify/static Completed in 13148ms
2754 http fetch GET 200 https://registry.npmjs.org/eslint-plugin-import/-/eslint-plugin-import-2.29.1.tgz 12703ms attempt #2 (cache miss)
2755 timing reifyNode:node_modules/eslint-plugin-import Completed in 13177ms
2756 http fetch GET 200 https://registry.npmjs.org/@npmcli%2frun-script 163ms (cache miss)
2757 timing metavuln:packument:@npmcli/run-script Completed in 164ms
2758 timing metavuln:load:security-advisory:@npmcli/run-script:l/WeQkAPWJ0/mHENc58u9JNvnzqgqXWhnfEbUs8zhmL1UmoofkwGw4482B1GnFfApFQ5hXpUDaLf7UIPw6jpww== Completed in 2ms
2759 timing metavuln:cache:put:security-advisory:@npmcli/run-script:iGTtwNhtzJqD6NRQrZd/d/zEGMzgSqpgcRI1vjqHKnRzGZno56l+gHAbYs0XRY+CB7swkVDTEWOkDAMckkToXA== Completed in 8ms
2760 timing metavuln:calculate:security-advisory:@npmcli/run-script:l/WeQkAPWJ0/mHENc58u9JNvnzqgqXWhnfEbUs8zhmL1UmoofkwGw4482B1GnFfApFQ5hXpUDaLf7UIPw6jpww== Completed in 174ms
2761 timing metavuln:cache:get:security-advisory:@sigstore/sign:gxeN9h00LM5324/XxET8P0+GPZEVKHCdf+jOHSaCvQTLuwSUluPl5uo7ZHXFYjW2xwkD7P6pMpFE+UgpP/tPDQ== Completed in 2ms
2762 timing metavuln:cache:get:security-advisory:npm-check-updates:9ZRWZwbw/kFW4we/s9ZytIhCXNFSAtoN7r1b3HEN9Kt59xN3AvUqmYBYR13EWY5MjgGjI7RT4j6hN3VaZWfu5A== Completed in 2ms
2763 timing metavuln:load:security-advisory:npm-check-updates:JS1eDAsaQnkSC/rAJ1kHDn4UjWqf1f7567HyV/oKSVvssuR/kR60hXTseVc1ROXD8kOdIPeD9ut6fRzIhPTZuw== Completed in 6ms
2764 timing metavuln:cache:get:security-advisory:npm-registry-fetch:jTwU2ocpa2F1Gl6F6mIoiNLWDiThBDO4pDtOU839jhOJFWGWbQ781jfDqHY9xg8lvUgrdB971fXo+xQMKn4YyA== Completed in 8ms
2765 timing metavuln:cache:get:security-advisory:sigstore:Rv00qatMGdIbV25G7szwdziZdJnK334VQAYuhSzYU7wgGrEPcJjdhEHJyYLLow9hkmU78uZlSl1x+iswPUipEA== Completed in 9ms
2766 timing metavuln:cache:get:security-advisory:tuf-js:07lmlzsGh7j8O54vxohIVSrz884DHxq1pgHvyRzJJID2IkcWbDjN2Pjip45kGl8EGRCU2GSAK+Y4MwRE4fdABw== Completed in 8ms
2767 timing metavuln:cache:get:security-advisory:node-gyp:5rq91deMwL71Py6PvBs4DPzl2PiTOCJMC2TwWfC0r34chaVidbfSvH06scEnLlTST/lclYYq9vacE3hoHCmR5g== Completed in 8ms
2768 timing metavuln:load:security-advisory:node-gyp:JS1eDAsaQnkSC/rAJ1kHDn4UjWqf1f7567HyV/oKSVvssuR/kR60hXTseVc1ROXD8kOdIPeD9ut6fRzIhPTZuw== Completed in 1ms
2769 timing metavuln:cache:put:security-advisory:npm-check-updates:9ZRWZwbw/kFW4we/s9ZytIhCXNFSAtoN7r1b3HEN9Kt59xN3AvUqmYBYR13EWY5MjgGjI7RT4j6hN3VaZWfu5A== Completed in 9ms
2770 timing metavuln:calculate:security-advisory:npm-check-updates:JS1eDAsaQnkSC/rAJ1kHDn4UjWqf1f7567HyV/oKSVvssuR/kR60hXTseVc1ROXD8kOdIPeD9ut6fRzIhPTZuw== Completed in 17ms
2771 timing metavuln:cache:put:security-advisory:node-gyp:5rq91deMwL71Py6PvBs4DPzl2PiTOCJMC2TwWfC0r34chaVidbfSvH06scEnLlTST/lclYYq9vacE3hoHCmR5g== Completed in 8ms
2772 timing metavuln:calculate:security-advisory:node-gyp:JS1eDAsaQnkSC/rAJ1kHDn4UjWqf1f7567HyV/oKSVvssuR/kR60hXTseVc1ROXD8kOdIPeD9ut6fRzIhPTZuw== Completed in 17ms
2773 http fetch GET 200 https://registry.npmjs.org/eslint/-/eslint-8.57.0.tgz 12867ms attempt #2 (cache miss)
2774 timing reifyNode:node_modules/eslint Completed in 13340ms
2775 http fetch GET 200 https://registry.npmjs.org/@sigstore%2fsign 78ms (cache miss)
2776 timing metavuln:packument:@sigstore/sign Completed in 78ms
2777 timing metavuln:load:security-advisory:@sigstore/sign:JS1eDAsaQnkSC/rAJ1kHDn4UjWqf1f7567HyV/oKSVvssuR/kR60hXTseVc1ROXD8kOdIPeD9ut6fRzIhPTZuw== Completed in 1ms
2778 timing metavuln:cache:put:security-advisory:@sigstore/sign:gxeN9h00LM5324/XxET8P0+GPZEVKHCdf+jOHSaCvQTLuwSUluPl5uo7ZHXFYjW2xwkD7P6pMpFE+UgpP/tPDQ== Completed in 3ms
2779 timing metavuln:calculate:security-advisory:@sigstore/sign:JS1eDAsaQnkSC/rAJ1kHDn4UjWqf1f7567HyV/oKSVvssuR/kR60hXTseVc1ROXD8kOdIPeD9ut6fRzIhPTZuw== Completed in 82ms
2780 http fetch GET 200 https://registry.npmjs.org/npm-registry-fetch 175ms (cache miss)
2781 timing metavuln:packument:npm-registry-fetch Completed in 176ms
2782 timing metavuln:load:security-advisory:npm-registry-fetch:JS1eDAsaQnkSC/rAJ1kHDn4UjWqf1f7567HyV/oKSVvssuR/kR60hXTseVc1ROXD8kOdIPeD9ut6fRzIhPTZuw== Completed in 2ms
2783 http fetch GET 200 https://registry.npmjs.org/sigstore 180ms (cache miss)
2784 timing metavuln:packument:sigstore Completed in 182ms
2785 timing metavuln:load:security-advisory:sigstore:JS1eDAsaQnkSC/rAJ1kHDn4UjWqf1f7567HyV/oKSVvssuR/kR60hXTseVc1ROXD8kOdIPeD9ut6fRzIhPTZuw== Completed in 0ms
2786 timing metavuln:cache:put:security-advisory:npm-registry-fetch:jTwU2ocpa2F1Gl6F6mIoiNLWDiThBDO4pDtOU839jhOJFWGWbQ781jfDqHY9xg8lvUgrdB971fXo+xQMKn4YyA== Completed in 5ms
2787 timing metavuln:calculate:security-advisory:npm-registry-fetch:JS1eDAsaQnkSC/rAJ1kHDn4UjWqf1f7567HyV/oKSVvssuR/kR60hXTseVc1ROXD8kOdIPeD9ut6fRzIhPTZuw== Completed in 183ms
2788 timing metavuln:cache:put:security-advisory:sigstore:Rv00qatMGdIbV25G7szwdziZdJnK334VQAYuhSzYU7wgGrEPcJjdhEHJyYLLow9hkmU78uZlSl1x+iswPUipEA== Completed in 3ms
2789 timing metavuln:calculate:security-advisory:sigstore:JS1eDAsaQnkSC/rAJ1kHDn4UjWqf1f7567HyV/oKSVvssuR/kR60hXTseVc1ROXD8kOdIPeD9ut6fRzIhPTZuw== Completed in 185ms
2790 http fetch GET 200 https://registry.npmjs.org/tuf-js 250ms (cache miss)
2791 timing metavuln:packument:tuf-js Completed in 250ms
2792 timing metavuln:load:security-advisory:tuf-js:JS1eDAsaQnkSC/rAJ1kHDn4UjWqf1f7567HyV/oKSVvssuR/kR60hXTseVc1ROXD8kOdIPeD9ut6fRzIhPTZuw== Completed in 1ms
2793 timing metavuln:cache:put:security-advisory:tuf-js:07lmlzsGh7j8O54vxohIVSrz884DHxq1pgHvyRzJJID2IkcWbDjN2Pjip45kGl8EGRCU2GSAK+Y4MwRE4fdABw== Completed in 3ms
2794 timing metavuln:calculate:security-advisory:tuf-js:JS1eDAsaQnkSC/rAJ1kHDn4UjWqf1f7567HyV/oKSVvssuR/kR60hXTseVc1ROXD8kOdIPeD9ut6fRzIhPTZuw== Completed in 254ms
2795 timing metavuln:cache:get:security-advisory:pacote:MS+9ca68tdxeElO9akLXw7yb5VApoczfnQKLx1EukwgWla9k04iPl4Po3r/HJQy/+Wzz5cv0LVQSH7FloSCQcg== Completed in 1ms
2796 timing metavuln:load:security-advisory:pacote:iGTtwNhtzJqD6NRQrZd/d/zEGMzgSqpgcRI1vjqHKnRzGZno56l+gHAbYs0XRY+CB7swkVDTEWOkDAMckkToXA== Completed in 3ms
2797 timing metavuln:cache:put:security-advisory:pacote:MS+9ca68tdxeElO9akLXw7yb5VApoczfnQKLx1EukwgWla9k04iPl4Po3r/HJQy/+Wzz5cv0LVQSH7FloSCQcg== Completed in 3ms
2798 timing metavuln:calculate:security-advisory:pacote:iGTtwNhtzJqD6NRQrZd/d/zEGMzgSqpgcRI1vjqHKnRzGZno56l+gHAbYs0XRY+CB7swkVDTEWOkDAMckkToXA== Completed in 7ms
2799 timing metavuln:cache:get:security-advisory:sigstore:TTD5fb9jAE8DIab5gcqzyJoyo1QthZOxUdxKWxcX4c1NN+KR8ZAYyk91KVmVtN3vwxc/Rl8anvp4MXaW8DFomw== Completed in 1ms
2800 timing metavuln:load:security-advisory:sigstore:gxeN9h00LM5324/XxET8P0+GPZEVKHCdf+jOHSaCvQTLuwSUluPl5uo7ZHXFYjW2xwkD7P6pMpFE+UgpP/tPDQ== Completed in 0ms
2801 timing metavuln:cache:put:security-advisory:sigstore:TTD5fb9jAE8DIab5gcqzyJoyo1QthZOxUdxKWxcX4c1NN+KR8ZAYyk91KVmVtN3vwxc/Rl8anvp4MXaW8DFomw== Completed in 5ms
2802 timing metavuln:calculate:security-advisory:sigstore:gxeN9h00LM5324/XxET8P0+GPZEVKHCdf+jOHSaCvQTLuwSUluPl5uo7ZHXFYjW2xwkD7P6pMpFE+UgpP/tPDQ== Completed in 6ms
2803 timing metavuln:cache:get:security-advisory:pacote:v/Wx+No8lTTUx3pt5UDycUsDr2SLqMOux7aARyHYmfvOWFlLhIlCtj0dfcTvwDc78teR/Q4TYiE2HqwCDqNPyg== Completed in 0ms
2804 timing metavuln:load:security-advisory:pacote:jTwU2ocpa2F1Gl6F6mIoiNLWDiThBDO4pDtOU839jhOJFWGWbQ781jfDqHY9xg8lvUgrdB971fXo+xQMKn4YyA== Completed in 4ms
2805 timing metavuln:cache:put:security-advisory:pacote:v/Wx+No8lTTUx3pt5UDycUsDr2SLqMOux7aARyHYmfvOWFlLhIlCtj0dfcTvwDc78teR/Q4TYiE2HqwCDqNPyg== Completed in 3ms
2806 timing metavuln:calculate:security-advisory:pacote:jTwU2ocpa2F1Gl6F6mIoiNLWDiThBDO4pDtOU839jhOJFWGWbQ781jfDqHY9xg8lvUgrdB971fXo+xQMKn4YyA== Completed in 7ms
2807 timing metavuln:cache:get:security-advisory:pacote:9p0F/JB+ald0XE4A7i1a/J68dZA4eV/2xfPPwuDNCTRuQ9iRoL97wQ2TNV2RvVonwghss2KN+WWxhQFIo3nB7g== Completed in 1ms
2808 timing metavuln:load:security-advisory:pacote:Rv00qatMGdIbV25G7szwdziZdJnK334VQAYuhSzYU7wgGrEPcJjdhEHJyYLLow9hkmU78uZlSl1x+iswPUipEA== Completed in 1ms
2809 timing metavuln:cache:put:security-advisory:pacote:9p0F/JB+ald0XE4A7i1a/J68dZA4eV/2xfPPwuDNCTRuQ9iRoL97wQ2TNV2RvVonwghss2KN+WWxhQFIo3nB7g== Completed in 3ms
2810 timing metavuln:calculate:security-advisory:pacote:Rv00qatMGdIbV25G7szwdziZdJnK334VQAYuhSzYU7wgGrEPcJjdhEHJyYLLow9hkmU78uZlSl1x+iswPUipEA== Completed in 5ms
2811 timing metavuln:cache:get:security-advisory:@sigstore/tuf:tI8a4sAvv4Ex9yO/NvwE3cq49Endh6zBwFEmLoalWUEBC1CvqIeHrPgpHu15xRlRF6+kuKPkgtJz5rV72bTJVA== Completed in 1ms
2812 http fetch GET 200 https://registry.npmjs.org/@sigstore%2ftuf 61ms (cache miss)
2813 timing metavuln:packument:@sigstore/tuf Completed in 61ms
2814 timing metavuln:load:security-advisory:@sigstore/tuf:07lmlzsGh7j8O54vxohIVSrz884DHxq1pgHvyRzJJID2IkcWbDjN2Pjip45kGl8EGRCU2GSAK+Y4MwRE4fdABw== Completed in 1ms
2815 timing metavuln:cache:put:security-advisory:@sigstore/tuf:tI8a4sAvv4Ex9yO/NvwE3cq49Endh6zBwFEmLoalWUEBC1CvqIeHrPgpHu15xRlRF6+kuKPkgtJz5rV72bTJVA== Completed in 3ms
2816 timing metavuln:calculate:security-advisory:@sigstore/tuf:07lmlzsGh7j8O54vxohIVSrz884DHxq1pgHvyRzJJID2IkcWbDjN2Pjip45kGl8EGRCU2GSAK+Y4MwRE4fdABw== Completed in 66ms
2817 timing metavuln:cache:get:security-advisory:sigstore:7IifTNyOdt0CxKAKn+2Sq3kwLn+9cfQ8/8XqUTlCD3qGzs48032kNWKtvJaSsdko3uk1EEASP6faivANpvrrSg== Completed in 0ms
2818 timing metavuln:load:security-advisory:sigstore:tI8a4sAvv4Ex9yO/NvwE3cq49Endh6zBwFEmLoalWUEBC1CvqIeHrPgpHu15xRlRF6+kuKPkgtJz5rV72bTJVA== Completed in 0ms
2819 timing metavuln:cache:put:security-advisory:sigstore:7IifTNyOdt0CxKAKn+2Sq3kwLn+9cfQ8/8XqUTlCD3qGzs48032kNWKtvJaSsdko3uk1EEASP6faivANpvrrSg== Completed in 4ms
2820 timing metavuln:calculate:security-advisory:sigstore:tI8a4sAvv4Ex9yO/NvwE3cq49Endh6zBwFEmLoalWUEBC1CvqIeHrPgpHu15xRlRF6+kuKPkgtJz5rV72bTJVA== Completed in 4ms
2821 timing auditReport:init Completed in 12120ms
2822 timing reify:audit Completed in 13711ms
2823 http fetch GET 200 https://registry.npmjs.org/date-fns/-/date-fns-2.30.0.tgz 15855ms attempt #2 (cache miss)
2824 timing reifyNode:node_modules/date-fns Completed in 16348ms
2825 timing reify:unpack Completed in 16394ms
2826 timing reify:unretire Completed in 0ms
2827 timing build:queue Completed in 30ms
2828 timing build:link:node_modules/jest-cli Completed in 3ms
2829 timing build:link:node_modules/@babel/parser Completed in 41ms
2830 timing build:link:node_modules/@babel/core/node_modules/semver Completed in 44ms
2831 timing build:link:node_modules/@babel/helper-compilation-targets/node_modules/semver Completed in 44ms
2832 timing build:link:node_modules/@istanbuljs/load-nyc-config/node_modules/js-yaml Completed in 44ms
2833 timing build:link:node_modules/@npmcli/git/node_modules/which Completed in 44ms
2834 timing build:link:node_modules/@npmcli/promise-spawn/node_modules/which Completed in 44ms
2835 timing build:link:node_modules/babel-plugin-istanbul/node_modules/semver Completed in 45ms
2836 timing build:link:node_modules/fastify-cli/node_modules/pino-pretty Completed in 45ms
2837 timing build:link:node_modules/@npmcli/run-script/node_modules/which Completed in 45ms
2838 timing build:link:node_modules/fastify-objectionjs/node_modules/knex Completed in 45ms
2839 timing build:link:node_modules/eslint-plugin-import/node_modules/semver Completed in 45ms
2840 timing build:link:node_modules/node-gyp/node_modules/nopt Completed in 44ms
2841 timing build:link:node_modules/is-expression/node_modules/acorn Completed in 45ms
2842 timing build:link:node_modules/eslint-config-airbnb-base/node_modules/semver Completed in 45ms
2843 timing build:link:node_modules/js-beautify/node_modules/nopt Completed in 44ms
2844 timing build:link:node_modules/npm-check-updates/node_modules/rimraf Completed in 44ms
2845 timing build:link:node_modules/tsconfig-paths/node_modules/json5 Completed in 44ms
2846 timing build:link:node_modules/browserslist Completed in 48ms
2847 timing build:link:node_modules/sqlite3/node_modules/node-gyp Completed in 44ms
2848 timing build:link:node_modules/eslint Completed in 47ms
2849 timing build:link:node_modules/glob Completed in 47ms
2850 timing build:link:node_modules/generify Completed in 47ms
2851 timing build:link:node_modules/@fastify/secure-session Completed in 48ms
2852 timing build:link:node_modules/fastify-cli Completed in 47ms
2853 timing build:link:node_modules/jest Completed in 47ms
2854 timing build:link:node_modules/is-docker Completed in 47ms
2855 timing build:link:node_modules/is-ci Completed in 47ms
2856 timing build:link:node_modules/import-local Completed in 47ms
2857 timing build:link:node_modules/jsesc Completed in 47ms
2858 timing build:link:node_modules/js-beautify Completed in 47ms
2859 timing build:link:node_modules/js-yaml Completed in 47ms
2860 timing build:link:node_modules/knex Completed in 47ms
2861 timing build:link:node_modules/mime Completed in 47ms
2862 timing build:link:node_modules/json5 Completed in 47ms
2863 timing build:link:node_modules/color-support Completed in 48ms
2864 timing build:link:node_modules/mustache Completed in 47ms
2865 timing build:link:node_modules/markdown-it Completed in 47ms
2866 timing build:link:node_modules/create-jest Completed in 48ms
2867 timing build:link:node_modules/envinfo Completed in 48ms
2868 timing build:link:node_modules/pacote Completed in 47ms
2869 timing build:link:node_modules/nanoid Completed in 47ms
2870 timing build:link:node_modules/nopt Completed in 47ms
2871 timing build:link:node_modules/pino-pretty Completed in 47ms
2872 timing build:link:node_modules/npm-check-updates Completed in 47ms
2873 timing build:link:node_modules/pino Completed in 47ms
2874 timing build:link:node_modules/parse-github-url Completed in 47ms
2875 timing build:link:node_modules/prebuild-install Completed in 47ms
2876 timing build:link:node_modules/resolve Completed in 47ms
2877 timing build:link:node_modules/semver Completed in 46ms
2878 timing build:link:node_modules/rimraf Completed in 46ms
2879 timing build:link:node_modules/mkdirp Completed in 48ms
2880 timing build:link:node_modules/sequelize-cli Completed in 46ms
2881 timing build:link:node_modules/sigstore Completed in 46ms
2882 timing build:link:node_modules/tree-kill Completed in 46ms
2883 timing build:link:node_modules/uuid Completed in 46ms
2884 timing build:link:node_modules/webpack Completed in 46ms
2885 timing build:link:node_modules/terser Completed in 46ms
2886 timing build:link:node_modules/update-browserslist-db Completed in 46ms
2887 timing build:link:node_modules/webpack-cli Completed in 46ms
2888 timing build:link:node_modules/editorconfig Completed in 48ms
2889 timing build:link:node_modules/which Completed in 46ms
2890 timing build:link:node_modules/esprima Completed in 48ms
2891 timing build:link:node_modules/node-gyp-build Completed in 47ms
2892 timing build:link:node_modules/concurrently Completed in 49ms
2893 timing build:link:node_modules/node-gyp Completed in 47ms
2894 timing build:link:node_modules/@npmcli/installed-package-contents Completed in 49ms
2895 timing build:link:node_modules/rc Completed in 47ms
2896 timing build:link:node_modules/acorn Completed in 49ms
2897 timing build:link:node_modules/cssesc Completed in 49ms
2898 timing build:link Completed in 49ms
2899 info run @vscode/sqlite3@5.1.2 install node_modules/@vscode/sqlite3 node-gyp rebuild
2900 info run better-sqlite3@8.7.0 install node_modules/better-sqlite3 prebuild-install || node-gyp rebuild --release
2901 info run sodium-native@4.1.1 install node_modules/sodium-native node-gyp-build
2902 info run sqlite3@5.1.7 install node_modules/sqlite3 prebuild-install -r napi || node-gyp rebuild
2903 info run sodium-native@4.1.1 install { code: 0, signal: null }
2904 timing build:run:install:node_modules/sodium-native Completed in 61ms
2905 info run better-sqlite3@8.7.0 install { code: 0, signal: null }
2906 timing build:run:install:node_modules/better-sqlite3 Completed in 1491ms
2907 info run sqlite3@5.1.7 install { code: 0, signal: null }
2908 timing build:run:install:node_modules/sqlite3 Completed in 1522ms
2909 info run @vscode/sqlite3@5.1.2 install { code: 0, signal: null }
2910 timing build:run:install:node_modules/@vscode/sqlite3 Completed in 46909ms
2911 timing build:run:install Completed in 46910ms
2912 info run es5-ext@0.10.64 postinstall node_modules/es5-ext  node -e "try{require('./_postinstall')}catch(e){}" || exit 0
2913 info run es5-ext@0.10.64 postinstall { code: 0, signal: null }
2914 timing build:run:postinstall:node_modules/es5-ext Completed in 42ms
2915 timing build:run:postinstall Completed in 42ms
2916 timing build:deps Completed in 47031ms
2917 timing build Completed in 47031ms
2918 timing reify:build Completed in 47033ms
2919 timing reify:trash Completed in 3ms
2920 timing reify:save Completed in 174ms
2921 timing reify Completed in 64298ms
2922 silly ADD node_modules/youch
2923 silly ADD node_modules/youch/node_modules/cookie
2924 silly ADD node_modules/yocto-queue
2925 silly ADD node_modules/yargs-parser
2926 silly ADD node_modules/yargs
2927 silly ADD node_modules/yallist
2928 silly ADD node_modules/y18n
2929 silly ADD node_modules/xtend
2930 silly ADD node_modules/xdg-basedir
2931 silly ADD node_modules/write-file-atomic
2932 silly ADD node_modules/wrappy
2933 silly ADD node_modules/wrap-ansi-cjs
2934 silly ADD node_modules/wrap-ansi
2935 silly ADD node_modules/wrap-ansi/node_modules/strip-ansi
2936 silly ADD node_modules/wrap-ansi/node_modules/string-width
2937 silly ADD node_modules/wrap-ansi/node_modules/emoji-regex
2938 silly ADD node_modules/wrap-ansi/node_modules/ansi-styles
2939 silly ADD node_modules/wrap-ansi/node_modules/ansi-regex
2940 silly ADD node_modules/wkx
2941 silly ADD node_modules/with
2942 silly ADD node_modules/wildcard
2943 silly ADD node_modules/widest-line
2944 silly ADD node_modules/widest-line/node_modules/strip-ansi
2945 silly ADD node_modules/widest-line/node_modules/string-width
2946 silly ADD node_modules/widest-line/node_modules/emoji-regex
2947 silly ADD node_modules/widest-line/node_modules/ansi-regex
2948 silly ADD node_modules/wide-align
2949 silly ADD node_modules/which-typed-array
2950 silly ADD node_modules/which-boxed-primitive
2951 silly ADD node_modules/which
2952 silly ADD node_modules/webpack-sources
2953 silly ADD node_modules/webpack-merge
2954 silly ADD node_modules/webpack-cli
2955 silly ADD node_modules/webpack-cli/node_modules/interpret
2956 silly ADD node_modules/webpack
2957 silly ADD node_modules/webpack/node_modules/schema-utils
2958 silly ADD node_modules/webpack/node_modules/graceful-fs
2959 silly ADD node_modules/webpack/node_modules/estraverse
2960 silly ADD node_modules/webpack/node_modules/eslint-scope
2961 silly ADD node_modules/watchpack
2962 silly ADD node_modules/walker
2963 silly ADD node_modules/void-elements
2964 silly ADD node_modules/vary
2965 silly ADD node_modules/validator
2966 silly ADD node_modules/validate-npm-package-name
2967 silly ADD node_modules/validate-npm-package-license
2968 silly ADD node_modules/v8-to-istanbul
2969 silly ADD node_modules/uuid
2970 silly ADD node_modules/util-deprecate
2971 silly ADD node_modules/uri-js
2972 silly ADD node_modules/update-notifier
2973 silly ADD node_modules/update-notifier/node_modules/chalk
2974 silly ADD node_modules/update-browserslist-db
2975 silly ADD node_modules/untildify
2976 silly ADD node_modules/universalify
2977 silly ADD node_modules/unique-string
2978 silly ADD node_modules/unique-slug
2979 silly ADD node_modules/unique-filename
2980 silly ADD node_modules/undici-types
2981 silly ADD node_modules/unbox-primitive
2982 silly ADD node_modules/umzug
2983 silly ADD node_modules/uc.micro
2984 silly ADD node_modules/typedarray-to-buffer
2985 silly ADD node_modules/typed-array-length
2986 silly ADD node_modules/typed-array-byte-offset
2987 silly ADD node_modules/typed-array-byte-length
2988 silly ADD node_modules/typed-array-buffer
2989 silly ADD node_modules/type-is
2990 silly ADD node_modules/type-fest
2991 silly ADD node_modules/type-detect
2992 silly ADD node_modules/type-check
2993 silly ADD node_modules/type
2994 silly ADD node_modules/tunnel-agent
2995 silly ADD node_modules/tuf-js
2996 silly ADD node_modules/tslib
2997 silly ADD node_modules/tsconfig-paths
2998 silly ADD node_modules/tsconfig-paths/node_modules/strip-bom
2999 silly ADD node_modules/tsconfig-paths/node_modules/json5
3000 silly ADD node_modules/tree-kill
3001 silly ADD node_modules/toposort-class
3002 silly ADD node_modules/token-stream
3003 silly ADD node_modules/toidentifier
3004 silly ADD node_modules/toad-cache
3005 silly ADD node_modules/to-regex-range
3006 silly ADD node_modules/to-fast-properties
3007 silly ADD node_modules/tmpl
3008 silly ADD node_modules/timers-ext
3009 silly ADD node_modules/tildify
3010 silly ADD node_modules/thread-stream
3011 silly ADD node_modules/text-table
3012 silly ADD node_modules/test-exclude
3013 silly ADD node_modules/test-exclude/node_modules/glob
3014 silly ADD node_modules/terser-webpack-plugin
3015 silly ADD node_modules/terser-webpack-plugin/node_modules/supports-color
3016 silly ADD node_modules/terser-webpack-plugin/node_modules/schema-utils
3017 silly ADD node_modules/terser-webpack-plugin/node_modules/jest-worker
3018 silly ADD node_modules/terser
3019 silly ADD node_modules/terser/node_modules/source-map-support
3020 silly ADD node_modules/terser/node_modules/commander
3021 silly ADD node_modules/tarn
3022 silly ADD node_modules/tar-stream
3023 silly ADD node_modules/tar-fs
3024 silly ADD node_modules/tar-fs/node_modules/chownr
3025 silly ADD node_modules/tar
3026 silly ADD node_modules/tapable
3027 silly ADD node_modules/supports-preserve-symlinks-flag
3028 silly ADD node_modules/supports-color
3029 silly ADD node_modules/style-loader
3030 silly ADD node_modules/strip-json-comments
3031 silly ADD node_modules/strip-final-newline
3032 silly ADD node_modules/strip-bom
3033 silly ADD node_modules/strip-ansi-cjs
3034 silly ADD node_modules/strip-ansi
3035 silly ADD node_modules/string.prototype.trimstart
3036 silly ADD node_modules/string.prototype.trimend
3037 silly ADD node_modules/string.prototype.trim
3038 silly ADD node_modules/string-width-cjs
3039 silly ADD node_modules/string-width
3040 silly ADD node_modules/string-length
3041 silly ADD node_modules/string_decoder
3042 silly ADD node_modules/statuses
3043 silly ADD node_modules/stack-utils
3044 silly ADD node_modules/stack-utils/node_modules/escape-string-regexp
3045 silly ADD node_modules/stack-trace
3046 silly ADD node_modules/ssri
3047 silly ADD node_modules/ssri/node_modules/minipass
3048 silly ADD node_modules/sqlite3
3049 silly ADD node_modules/sqlite3/node_modules/ssri
3050 silly ADD node_modules/sqlite3/node_modules/socks-proxy-agent
3051 silly ADD node_modules/sqlite3/node_modules/node-gyp
3052 silly ADD node_modules/sqlite3/node_modules/node-addon-api
3053 silly ADD node_modules/sqlite3/node_modules/minipass-fetch
3054 silly ADD node_modules/sqlite3/node_modules/make-fetch-happen
3055 silly ADD node_modules/sqlite3/node_modules/lru-cache
3056 silly ADD node_modules/sqlite3/node_modules/http-proxy-agent
3057 silly ADD node_modules/sqlite3/node_modules/glob
3058 silly ADD node_modules/sqlite3/node_modules/cacache
3059 silly ADD node_modules/sqlite3/node_modules/@tootallnate/once
3060 silly ADD node_modules/sqlite3/node_modules/@npmcli/move-file
3061 silly ADD node_modules/sqlite3/node_modules/@npmcli/fs
3062 silly ADD node_modules/sprintf-js
3063 silly ADD node_modules/split2
3064 silly ADD node_modules/spdx-license-ids
3065 silly ADD node_modules/spdx-expression-parse
3066 silly ADD node_modules/spdx-exceptions
3067 silly ADD node_modules/spdx-correct
3068 silly ADD node_modules/spawn-please
3069 silly ADD node_modules/spawn-command
3070 silly ADD node_modules/source-map-support
3071 silly ADD node_modules/source-map-js
3072 silly ADD node_modules/source-map
3073 silly ADD node_modules/sonic-boom
3074 silly ADD node_modules/sodium-native
3075 silly ADD node_modules/socks-proxy-agent
3076 silly ADD node_modules/socks
3077 silly ADD node_modules/smart-buffer
3078 silly ADD node_modules/slash
3079 silly ADD node_modules/sisteransi
3080 silly ADD node_modules/simple-get
3081 silly ADD node_modules/simple-concat
3082 silly ADD node_modules/sigstore
3083 silly ADD node_modules/signal-exit
3084 silly ADD node_modules/side-channel
3085 silly ADD node_modules/shell-quote
3086 silly ADD node_modules/shebang-regex
3087 silly ADD node_modules/shebang-command
3088 silly ADD node_modules/shallow-clone
3089 silly ADD node_modules/setprototypeof
3090 silly ADD node_modules/set-function-name
3091 silly ADD node_modules/set-function-length
3092 silly ADD node_modules/set-cookie-parser
3093 silly ADD node_modules/set-blocking
3094 silly ADD node_modules/serialize-javascript
3095 silly ADD node_modules/sequelize-pool
3096 silly ADD node_modules/sequelize-cli
3097 silly ADD node_modules/sequelize-cli/node_modules/yargs-parser
3098 silly ADD node_modules/sequelize-cli/node_modules/yargs
3099 silly ADD node_modules/sequelize-cli/node_modules/wrap-ansi
3100 silly ADD node_modules/sequelize-cli/node_modules/cliui
3101 silly ADD node_modules/sequelize
3102 silly ADD node_modules/semver-utils
3103 silly ADD node_modules/semver-diff
3104 silly ADD node_modules/semver
3105 silly ADD node_modules/semver/node_modules/lru-cache
3106 silly ADD node_modules/secure-json-parse
3107 silly ADD node_modules/schema-utils
3108 silly ADD node_modules/schema-utils/node_modules/json-schema-traverse
3109 silly ADD node_modules/schema-utils/node_modules/ajv-keywords
3110 silly ADD node_modules/schema-utils/node_modules/ajv
3111 silly ADD node_modules/safer-buffer
3112 silly ADD node_modules/safe-stable-stringify
3113 silly ADD node_modules/safe-regex2
3114 silly ADD node_modules/safe-regex-test
3115 silly ADD node_modules/safe-buffer
3116 silly ADD node_modules/safe-array-concat
3117 silly ADD node_modules/rxjs
3118 silly ADD node_modules/run-parallel
3119 silly ADD node_modules/rimraf
3120 silly ADD node_modules/rimraf/node_modules/glob
3121 silly ADD node_modules/rfdc
3122 silly ADD node_modules/reusify
3123 silly ADD node_modules/retry-as-promised
3124 silly ADD node_modules/retry
3125 silly ADD node_modules/ret
3126 silly ADD node_modules/responselike
3127 silly ADD node_modules/responselike/node_modules/lowercase-keys
3128 silly ADD node_modules/resolve.exports
3129 silly ADD node_modules/resolve-from
3130 silly ADD node_modules/resolve-cwd
3131 silly ADD node_modules/resolve-alpn
3132 silly ADD node_modules/resolve
3133 silly ADD node_modules/require-from-string
3134 silly ADD node_modules/require-directory
3135 silly ADD node_modules/remote-git-tags
3136 silly ADD node_modules/registry-url
3137 silly ADD node_modules/registry-auth-token
3138 silly ADD node_modules/regexp.prototype.flags
3139 silly ADD node_modules/regenerator-runtime
3140 silly ADD node_modules/rechoir
3141 silly ADD node_modules/real-require
3142 silly ADD node_modules/readdirp
3143 silly ADD node_modules/readable-stream
3144 silly ADD node_modules/read-package-json-fast
3145 silly ADD node_modules/read-package-json-fast/node_modules/json-parse-even-better-errors
3146 silly ADD node_modules/read-package-json
3147 silly ADD node_modules/read-package-json/node_modules/json-parse-even-better-errors
3148 silly ADD node_modules/react-is
3149 silly ADD node_modules/rc-config-loader
3150 silly ADD node_modules/rc
3151 silly ADD node_modules/rc/node_modules/strip-json-comments
3152 silly ADD node_modules/rc/node_modules/ini
3153 silly ADD node_modules/randombytes
3154 silly ADD node_modules/quick-lru
3155 silly ADD node_modules/quick-format-unescaped
3156 silly ADD node_modules/queue-microtask
3157 silly ADD node_modules/qs
3158 silly ADD node_modules/pure-rand
3159 silly ADD node_modules/pupa
3160 silly ADD node_modules/punycode
3161 silly ADD node_modules/pump
3162 silly ADD node_modules/pug-walk
3163 silly ADD node_modules/pug-strip-comments
3164 silly ADD node_modules/pug-runtime
3165 silly ADD node_modules/pug-parser
3166 silly ADD node_modules/pug-load
3167 silly ADD node_modules/pug-linker
3168 silly ADD node_modules/pug-lexer
3169 silly ADD node_modules/pug-filters
3170 silly ADD node_modules/pug-error
3171 silly ADD node_modules/pug-code-gen
3172 silly ADD node_modules/pug-attrs
3173 silly ADD node_modules/pug
3174 silly ADD node_modules/proxy-addr
3175 silly ADD node_modules/proto-list
3176 silly ADD node_modules/prompts-ncu
3177 silly ADD node_modules/prompts-ncu/node_modules/kleur
3178 silly ADD node_modules/prompts
3179 silly ADD node_modules/promise-retry
3180 silly ADD node_modules/promise-inflight
3181 silly ADD node_modules/promise
3182 silly ADD node_modules/progress
3183 silly ADD node_modules/process-warning
3184 silly ADD node_modules/process
3185 silly ADD node_modules/proc-log
3186 silly ADD node_modules/pretty-format
3187 silly ADD node_modules/pretty-format/node_modules/ansi-styles
3188 silly ADD node_modules/prelude-ls
3189 silly ADD node_modules/prebuild-install
3190 silly ADD node_modules/postgres-interval
3191 silly ADD node_modules/postgres-date
3192 silly ADD node_modules/postgres-bytea
3193 silly ADD node_modules/postgres-array
3194 silly ADD node_modules/postcss-value-parser
3195 silly ADD node_modules/postcss-selector-parser
3196 silly ADD node_modules/postcss-modules-values
3197 silly ADD node_modules/postcss-modules-scope
3198 silly ADD node_modules/postcss-modules-local-by-default
3199 silly ADD node_modules/postcss-modules-extract-imports
3200 silly ADD node_modules/postcss
3201 silly ADD node_modules/possible-typed-array-names
3202 silly ADD node_modules/pkg-up
3203 silly ADD node_modules/pkg-up/node_modules/path-exists
3204 silly ADD node_modules/pkg-up/node_modules/p-locate
3205 silly ADD node_modules/pkg-up/node_modules/p-limit
3206 silly ADD node_modules/pkg-up/node_modules/locate-path
3207 silly ADD node_modules/pkg-up/node_modules/find-up
3208 silly ADD node_modules/pkg-dir
3209 silly ADD node_modules/pkg-dir/node_modules/p-locate
3210 silly ADD node_modules/pkg-dir/node_modules/p-limit
3211 silly ADD node_modules/pkg-dir/node_modules/locate-path
3212 silly ADD node_modules/pkg-dir/node_modules/find-up
3213 silly ADD node_modules/pirates
3214 silly ADD node_modules/pino-std-serializers
3215 silly ADD node_modules/pino-pretty
3216 silly ADD node_modules/pino-pretty/node_modules/readable-stream
3217 silly ADD node_modules/pino-pretty/node_modules/help-me
3218 silly ADD node_modules/pino-pretty/node_modules/buffer
3219 silly ADD node_modules/pino-abstract-transport
3220 silly ADD node_modules/pino-abstract-transport/node_modules/split2
3221 silly ADD node_modules/pino-abstract-transport/node_modules/readable-stream
3222 silly ADD node_modules/pino-abstract-transport/node_modules/buffer
3223 silly ADD node_modules/pino
3224 silly ADD node_modules/picomatch
3225 silly ADD node_modules/picocolors
3226 silly ADD node_modules/pgpass
3227 silly ADD node_modules/pgpass/node_modules/split2
3228 silly ADD node_modules/pg-types
3229 silly ADD node_modules/pg-protocol
3230 silly ADD node_modules/pg-pool
3231 silly ADD node_modules/pg-int8
3232 silly ADD node_modules/pg-connection-string
3233 silly ADD node_modules/pg-cloudflare
3234 silly ADD node_modules/pg
3235 silly ADD node_modules/pg/node_modules/pg-connection-string
3236 silly ADD node_modules/path-type
3237 silly ADD node_modules/path-to-regexp
3238 silly ADD node_modules/path-scurry
3239 silly ADD node_modules/path-scurry/node_modules/minipass
3240 silly ADD node_modules/path-scurry/node_modules/lru-cache
3241 silly ADD node_modules/path-parse
3242 silly ADD node_modules/path-key
3243 silly ADD node_modules/path-is-absolute
3244 silly ADD node_modules/path-exists
3245 silly ADD node_modules/parse-json
3246 silly ADD node_modules/parse-github-url
3247 silly ADD node_modules/parent-module
3248 silly ADD node_modules/pacote
3249 silly ADD node_modules/pacote/node_modules/minipass
3250 silly ADD node_modules/pacote/node_modules/fs-minipass
3251 silly ADD node_modules/pacote/node_modules/fs-minipass/node_modules/minipass
3252 silly ADD node_modules/package-json
3253 silly ADD node_modules/p-try
3254 silly ADD node_modules/p-map
3255 silly ADD node_modules/p-locate
3256 silly ADD node_modules/p-limit
3257 silly ADD node_modules/p-cancelable
3258 silly ADD node_modules/optionator
3259 silly ADD node_modules/onetime
3260 silly ADD node_modules/once
3261 silly ADD node_modules/on-exit-leak-free
3262 silly ADD node_modules/objection-unique
3263 silly ADD node_modules/objection
3264 silly ADD node_modules/objection/node_modules/json-schema-traverse
3265 silly ADD node_modules/objection/node_modules/ajv
3266 silly ADD node_modules/object.values
3267 silly ADD node_modules/object.groupby
3268 silly ADD node_modules/object.fromentries
3269 silly ADD node_modules/object.entries
3270 silly ADD node_modules/object.assign
3271 silly ADD node_modules/object-keys
3272 silly ADD node_modules/object-inspect
3273 silly ADD node_modules/object-assign
3274 silly ADD node_modules/npmlog
3275 silly ADD node_modules/npm-run-path
3276 silly ADD node_modules/npm-registry-fetch
3277 silly ADD node_modules/npm-registry-fetch/node_modules/minipass
3278 silly ADD node_modules/npm-pick-manifest
3279 silly ADD node_modules/npm-packlist
3280 silly ADD node_modules/npm-package-arg
3281 silly ADD node_modules/npm-package-arg/node_modules/lru-cache
3282 silly ADD node_modules/npm-package-arg/node_modules/hosted-git-info
3283 silly ADD node_modules/npm-normalize-package-bin
3284 silly ADD node_modules/npm-install-checks
3285 silly ADD node_modules/npm-check-updates
3286 silly ADD node_modules/npm-check-updates/node_modules/strip-json-comments
3287 silly ADD node_modules/npm-check-updates/node_modules/strip-ansi
3288 silly ADD node_modules/npm-check-updates/node_modules/source-map-support
3289 silly ADD node_modules/npm-check-updates/node_modules/rimraf
3290 silly ADD node_modules/npm-check-updates/node_modules/minimatch
3291 silly ADD node_modules/npm-check-updates/node_modules/ini
3292 silly ADD node_modules/npm-check-updates/node_modules/chalk
3293 silly ADD node_modules/npm-check-updates/node_modules/brace-expansion
3294 silly ADD node_modules/npm-check-updates/node_modules/ansi-regex
3295 silly ADD node_modules/npm-bundled
3296 silly ADD node_modules/normalize-url
3297 silly ADD node_modules/normalize-path
3298 silly ADD node_modules/normalize-package-data
3299 silly ADD node_modules/normalize-package-data/node_modules/lru-cache
3300 silly ADD node_modules/normalize-package-data/node_modules/hosted-git-info
3301 silly ADD node_modules/nopt
3302 silly ADD node_modules/node-releases
3303 silly ADD node_modules/node-int64
3304 silly ADD node_modules/node-gyp-build
3305 silly ADD node_modules/node-gyp
3306 silly ADD node_modules/node-gyp/node_modules/unique-slug
3307 silly ADD node_modules/node-gyp/node_modules/unique-filename
3308 silly ADD node_modules/node-gyp/node_modules/ssri
3309 silly ADD node_modules/node-gyp/node_modules/nopt
3310 silly ADD node_modules/node-gyp/node_modules/minipass-fetch
3311 silly ADD node_modules/node-gyp/node_modules/make-fetch-happen
3312 silly ADD node_modules/node-gyp/node_modules/lru-cache
3313 silly ADD node_modules/node-gyp/node_modules/glob
3314 silly ADD node_modules/node-gyp/node_modules/cacache
3315 silly ADD node_modules/node-gyp/node_modules/cacache/node_modules/minimatch
3316 silly ADD node_modules/node-gyp/node_modules/cacache/node_modules/glob
3317 silly ADD node_modules/node-gyp/node_modules/brace-expansion
3318 silly ADD node_modules/node-gyp/node_modules/@npmcli/fs
3319 silly ADD node_modules/node-addon-api
3320 silly ADD node_modules/node-abi
3321 silly ADD node_modules/next-tick
3322 silly ADD node_modules/neo-async
3323 silly ADD node_modules/negotiator
3324 silly ADD node_modules/natural-compare
3325 silly ADD node_modules/napi-build-utils
3326 silly ADD node_modules/nanoid
3327 silly ADD node_modules/mustache
3328 silly ADD node_modules/ms
3329 silly ADD node_modules/moment-timezone
3330 silly ADD node_modules/moment
3331 silly ADD node_modules/mkdirp-classic
3332 silly ADD node_modules/mkdirp
3333 silly ADD node_modules/minizlib
3334 silly ADD node_modules/minipass-sized
3335 silly ADD node_modules/minipass-pipeline
3336 silly ADD node_modules/minipass-json-stream
3337 silly ADD node_modules/minipass-flush
3338 silly ADD node_modules/minipass-fetch
3339 silly ADD node_modules/minipass-fetch/node_modules/minipass
3340 silly ADD node_modules/minipass-collect
3341 silly ADD node_modules/minipass
3342 silly ADD node_modules/minimist
3343 silly ADD node_modules/minimatch
3344 silly ADD node_modules/mini-css-extract-plugin
3345 silly ADD node_modules/mimic-response
3346 silly ADD node_modules/mimic-fn
3347 silly ADD node_modules/mime-types
3348 silly ADD node_modules/mime-db
3349 silly ADD node_modules/mime
3350 silly ADD node_modules/micromatch
3351 silly ADD node_modules/merge2
3352 silly ADD node_modules/merge-stream
3353 silly ADD node_modules/memoizee
3354 silly ADD node_modules/media-typer
3355 silly ADD node_modules/mdurl
3356 silly ADD node_modules/markdown-it
3357 silly ADD node_modules/makeerror
3358 silly ADD node_modules/make-promises-safe
3359 silly ADD node_modules/make-fetch-happen
3360 silly ADD node_modules/make-fetch-happen/node_modules/minipass
3361 silly ADD node_modules/make-fetch-happen/node_modules/lru-cache
3362 silly ADD node_modules/make-dir
3363 silly ADD node_modules/lru-queue
3364 silly ADD node_modules/lru-cache
3365 silly ADD node_modules/lru-cache/node_modules/yallist
3366 silly ADD node_modules/lowercase-keys
3367 silly ADD node_modules/lodash.merge
3368 silly ADD node_modules/lodash.isempty
3369 silly ADD node_modules/lodash.compact
3370 silly ADD node_modules/lodash.castarray
3371 silly ADD node_modules/lodash
3372 silly ADD node_modules/locate-path
3373 silly ADD node_modules/loader-runner
3374 silly ADD node_modules/linkify-it
3375 silly ADD node_modules/lines-and-columns
3376 silly ADD node_modules/light-my-request
3377 silly ADD node_modules/levn
3378 silly ADD node_modules/leven
3379 silly ADD node_modules/latest-version
3380 silly ADD node_modules/knex
3381 silly ADD node_modules/kleur
3382 silly ADD node_modules/kind-of
3383 silly ADD node_modules/keyv
3384 silly ADD node_modules/jstransformer-markdown-it
3385 silly ADD node_modules/jstransformer
3386 silly ADD node_modules/jsonparse
3387 silly ADD node_modules/jsonlines
3388 silly ADD node_modules/jsonfile
3389 silly ADD node_modules/json5
3390 silly ADD node_modules/json-stable-stringify-without-jsonify
3391 silly ADD node_modules/json-schema-traverse
3392 silly ADD node_modules/json-schema-ref-resolver
3393 silly ADD node_modules/json-parse-helpfulerror
3394 silly ADD node_modules/json-parse-even-better-errors
3395 silly ADD node_modules/json-buffer
3396 silly ADD node_modules/jsesc
3397 silly ADD node_modules/js-yaml
3398 silly ADD node_modules/js-tokens
3399 silly ADD node_modules/js-stringify
3400 silly ADD node_modules/js-cookie
3401 silly ADD node_modules/js-beautify
3402 silly ADD node_modules/js-beautify/node_modules/nopt
3403 silly ADD node_modules/js-beautify/node_modules/abbrev
3404 silly ADD node_modules/jquery
3405 silly ADD node_modules/joycon
3406 silly ADD node_modules/jju
3407 silly ADD node_modules/jest-worker
3408 silly ADD node_modules/jest-worker/node_modules/supports-color
3409 silly ADD node_modules/jest-watcher
3410 silly ADD node_modules/jest-validate
3411 silly ADD node_modules/jest-validate/node_modules/camelcase
3412 silly ADD node_modules/jest-util
3413 silly ADD node_modules/jest-snapshot
3414 silly ADD node_modules/jest-runtime
3415 silly ADD node_modules/jest-runtime/node_modules/glob
3416 silly ADD node_modules/jest-runner
3417 silly ADD node_modules/jest-resolve-dependencies
3418 silly ADD node_modules/jest-resolve
3419 silly ADD node_modules/jest-regex-util
3420 silly ADD node_modules/jest-pnp-resolver
3421 silly ADD node_modules/jest-mock
3422 silly ADD node_modules/jest-message-util
3423 silly ADD node_modules/jest-matcher-utils
3424 silly ADD node_modules/jest-leak-detector
3425 silly ADD node_modules/jest-haste-map
3426 silly ADD node_modules/jest-get-type
3427 silly ADD node_modules/jest-environment-node
3428 silly ADD node_modules/jest-each
3429 silly ADD node_modules/jest-docblock
3430 silly ADD node_modules/jest-diff
3431 silly ADD node_modules/jest-config
3432 silly ADD node_modules/jest-config/node_modules/glob
3433 silly ADD node_modules/jest-cli
3434 silly ADD node_modules/jest-circus
3435 silly ADD node_modules/jest-changed-files
3436 silly ADD node_modules/jest
3437 silly ADD node_modules/jackspeak
3438 silly ADD node_modules/istanbul-reports
3439 silly ADD node_modules/istanbul-lib-source-maps
3440 silly ADD node_modules/istanbul-lib-report
3441 silly ADD node_modules/istanbul-lib-instrument
3442 silly ADD node_modules/istanbul-lib-coverage
3443 silly ADD node_modules/isobject
3444 silly ADD node_modules/isexe
3445 silly ADD node_modules/isbinaryfile
3446 silly ADD node_modules/isarray
3447 silly ADD node_modules/is-yarn-global
3448 silly ADD node_modules/is-weakref
3449 silly ADD node_modules/is-typedarray
3450 silly ADD node_modules/is-typed-array
3451 silly ADD node_modules/is-symbol
3452 silly ADD node_modules/is-string
3453 silly ADD node_modules/is-stream
3454 silly ADD node_modules/is-shared-array-buffer
3455 silly ADD node_modules/is-regex
3456 silly ADD node_modules/is-promise
3457 silly ADD node_modules/is-plain-object
3458 silly ADD node_modules/is-path-inside
3459 silly ADD node_modules/is-obj
3460 silly ADD node_modules/is-number-object
3461 silly ADD node_modules/is-number
3462 silly ADD node_modules/is-npm
3463 silly ADD node_modules/is-negative-zero
3464 silly ADD node_modules/is-lambda
3465 silly ADD node_modules/is-installed-globally
3466 silly ADD node_modules/is-glob
3467 silly ADD node_modules/is-generator-fn
3468 silly ADD node_modules/is-fullwidth-code-point
3469 silly ADD node_modules/is-extglob
3470 silly ADD node_modules/is-expression
3471 silly ADD node_modules/is-expression/node_modules/acorn
3472 silly ADD node_modules/is-docker
3473 silly ADD node_modules/is-date-object
3474 silly ADD node_modules/is-data-view
3475 silly ADD node_modules/is-core-module
3476 silly ADD node_modules/is-ci
3477 silly ADD node_modules/is-callable
3478 silly ADD node_modules/is-boolean-object
3479 silly ADD node_modules/is-binary-path
3480 silly ADD node_modules/is-bigint
3481 silly ADD node_modules/is-arrayish
3482 silly ADD node_modules/is-array-buffer
3483 silly ADD node_modules/ipaddr.js
3484 silly ADD node_modules/ip
3485 silly ADD node_modules/interpret
3486 silly ADD node_modules/internal-slot
3487 silly ADD node_modules/ini
3488 silly ADD node_modules/inherits
3489 silly ADD node_modules/inflight
3490 silly ADD node_modules/inflection
3491 silly ADD node_modules/infer-owner
3492 silly ADD node_modules/indent-string
3493 silly ADD node_modules/imurmurhash
3494 silly ADD node_modules/import-local
3495 silly ADD node_modules/import-lazy
3496 silly ADD node_modules/import-fresh
3497 silly ADD node_modules/import-fresh/node_modules/resolve-from
3498 silly ADD node_modules/ignore-walk
3499 silly ADD node_modules/ignore-walk/node_modules/minimatch
3500 silly ADD node_modules/ignore-walk/node_modules/brace-expansion
3501 silly ADD node_modules/ignore
3502 silly ADD node_modules/ieee754
3503 silly ADD node_modules/icss-utils
3504 silly ADD node_modules/iconv-lite
3505 silly ADD node_modules/i18next
3506 silly ADD node_modules/humanize-ms
3507 silly ADD node_modules/human-signals
3508 silly ADD node_modules/https-proxy-agent
3509 silly ADD node_modules/http2-wrapper
3510 silly ADD node_modules/http-proxy-agent
3511 silly ADD node_modules/http-errors
3512 silly ADD node_modules/http-cache-semantics
3513 silly ADD node_modules/html-escaper
3514 silly ADD node_modules/hosted-git-info
3515 silly ADD node_modules/hosted-git-info/node_modules/lru-cache
3516 silly ADD node_modules/help-me
3517 silly ADD node_modules/help-me/node_modules/minimatch
3518 silly ADD node_modules/help-me/node_modules/glob
3519 silly ADD node_modules/help-me/node_modules/brace-expansion
3520 silly ADD node_modules/hasown
3521 silly ADD node_modules/hashlru
3522 silly ADD node_modules/has-yarn
3523 silly ADD node_modules/has-unicode
3524 silly ADD node_modules/has-tostringtag
3525 silly ADD node_modules/has-symbols
3526 silly ADD node_modules/has-proto
3527 silly ADD node_modules/has-property-descriptors
3528 silly ADD node_modules/has-flag
3529 silly ADD node_modules/has-bigints
3530 silly ADD node_modules/graphemer
3531 silly ADD node_modules/graceful-fs
3532 silly ADD node_modules/got
3533 silly ADD node_modules/gopd
3534 silly ADD node_modules/globby
3535 silly ADD node_modules/globalthis
3536 silly ADD node_modules/globals
3537 silly ADD node_modules/global-dirs
3538 silly ADD node_modules/glob-to-regexp
3539 silly ADD node_modules/glob-parent
3540 silly ADD node_modules/glob
3541 silly ADD node_modules/glob/node_modules/minipass
3542 silly ADD node_modules/glob/node_modules/minimatch
3543 silly ADD node_modules/glob/node_modules/brace-expansion
3544 silly ADD node_modules/github-from-package
3545 silly ADD node_modules/getopts
3546 silly ADD node_modules/get-symbol-description
3547 silly ADD node_modules/get-stream
3548 silly ADD node_modules/get-stdin
3549 silly ADD node_modules/get-package-type
3550 silly ADD node_modules/get-intrinsic
3551 silly ADD node_modules/get-caller-file
3552 silly ADD node_modules/gensync
3553 silly ADD node_modules/generify
3554 silly ADD node_modules/gauge
3555 silly ADD node_modules/functions-have-names
3556 silly ADD node_modules/function.prototype.name
3557 silly ADD node_modules/function-bind
3558 silly ADD
3559 silly ADD node_modules/fs.realpath
3560 silly ADD node_modules/fs-minipass
3561 silly ADD node_modules/fs-extra
3562 silly ADD node_modules/fs-constants
3563 silly ADD node_modules/fp-and-or
3564 silly ADD node_modules/forwarded
3565 silly ADD node_modules/form-data-encoder
3566 silly ADD node_modules/foreground-child
3567 silly ADD node_modules/foreground-child/node_modules/signal-exit
3568 silly ADD node_modules/for-each
3569 silly ADD node_modules/flatted
3570 silly ADD node_modules/flat-cache
3571 silly ADD node_modules/find-up
3572 silly ADD node_modules/find-my-way
3573 silly ADD node_modules/fill-range
3574 silly ADD node_modules/file-uri-to-path
3575 silly ADD node_modules/file-entry-cache
3576 silly ADD node_modules/fb-watchman
3577 silly ADD node_modules/fastq
3578 silly ADD node_modules/fastify-reverse-routes
3579 silly ADD node_modules/fastify-plugin
3580 silly ADD node_modules/fastify-objectionjs
3581 silly ADD node_modules/fastify-objectionjs/node_modules/pg-connection-string
3582 silly ADD node_modules/fastify-objectionjs/node_modules/knex
3583 silly ADD node_modules/fastify-objectionjs/node_modules/fastify-plugin
3584 silly ADD node_modules/fastify-method-override
3585 silly ADD node_modules/fastify-method-override/node_modules/fastify-plugin
3586 silly ADD node_modules/fastify-error-page
3587 silly ADD node_modules/fastify-error-page/node_modules/fastify-plugin
3588 silly ADD node_modules/fastify-cli
3589 silly ADD node_modules/fastify-cli/node_modules/readable-stream
3590 silly ADD node_modules/fastify-cli/node_modules/pino-pretty
3591 silly ADD node_modules/fastify-cli/node_modules/pino-pretty/node_modules/help-me
3592 silly ADD node_modules/fastify-cli/node_modules/fastify-plugin
3593 silly ADD node_modules/fastify-cli/node_modules/buffer
3594 silly ADD node_modules/fastify
3595 silly ADD node_modules/fastest-levenshtein
3596 silly ADD node_modules/fast-uri
3597 silly ADD node_modules/fast-safe-stringify
3598 silly ADD node_modules/fast-redact
3599 silly ADD node_modules/fast-querystring
3600 silly ADD node_modules/fast-memoize
3601 silly ADD node_modules/fast-levenshtein
3602 silly ADD node_modules/fast-json-stringify
3603 silly ADD node_modules/fast-json-stringify/node_modules/json-schema-traverse
3604 silly ADD node_modules/fast-json-stringify/node_modules/ajv-formats
3605 silly ADD node_modules/fast-json-stringify/node_modules/ajv
3606 silly ADD node_modules/fast-json-stable-stringify
3607 silly ADD node_modules/fast-glob
3608 silly ADD node_modules/fast-glob/node_modules/glob-parent
3609 silly ADD node_modules/fast-deep-equal
3610 silly ADD node_modules/fast-decode-uri-component
3611 silly ADD node_modules/fast-copy
3612 silly ADD node_modules/fast-content-type-parse
3613 silly ADD node_modules/ext
3614 silly ADD node_modules/exponential-backoff
3615 silly ADD node_modules/expect
3616 silly ADD node_modules/expand-template
3617 silly ADD node_modules/exit
3618 silly ADD node_modules/execa
3619 silly ADD node_modules/events
3620 silly ADD node_modules/event-target-shim
3621 silly ADD node_modules/event-emitter
3622 silly ADD node_modules/esutils
3623 silly ADD node_modules/estraverse
3624 silly ADD node_modules/esrecurse
3625 silly ADD node_modules/esquery
3626 silly ADD node_modules/esprima
3627 silly ADD node_modules/espree
3628 silly ADD node_modules/espree/node_modules/eslint-visitor-keys
3629 silly ADD node_modules/esniff
3630 silly ADD node_modules/esm
3631 silly ADD node_modules/eslint-visitor-keys
3632 silly ADD node_modules/eslint-scope
3633 silly ADD node_modules/eslint-plugin-import
3634 silly ADD node_modules/eslint-plugin-import/node_modules/semver
3635 silly ADD node_modules/eslint-plugin-import/node_modules/doctrine
3636 silly ADD node_modules/eslint-plugin-import/node_modules/debug
3637 silly ADD node_modules/eslint-module-utils
3638 silly ADD node_modules/eslint-module-utils/node_modules/debug
3639 silly ADD node_modules/eslint-import-resolver-node
3640 silly ADD node_modules/eslint-import-resolver-node/node_modules/debug
3641 silly ADD node_modules/eslint-config-airbnb-base
3642 silly ADD node_modules/eslint-config-airbnb-base/node_modules/semver
3643 silly ADD node_modules/eslint
3644 silly ADD node_modules/eslint/node_modules/globals
3645 silly ADD node_modules/eslint/node_modules/espree
3646 silly ADD node_modules/eslint/node_modules/escape-string-regexp
3647 silly ADD node_modules/eslint/node_modules/@eslint/js
3648 silly ADD node_modules/eslint/node_modules/@eslint/eslintrc
3649 silly ADD node_modules/escape-string-regexp
3650 silly ADD node_modules/escape-html
3651 silly ADD node_modules/escape-goat
3652 silly ADD node_modules/escalade
3653 silly ADD node_modules/es6-weak-map
3654 silly ADD node_modules/es6-symbol
3655 silly ADD node_modules/es6-iterator
3656 silly ADD node_modules/es5-ext
3657 silly ADD node_modules/es-to-primitive
3658 silly ADD node_modules/es-shim-unscopables
3659 silly ADD node_modules/es-set-tostringtag
3660 silly ADD node_modules/es-object-atoms
3661 silly ADD node_modules/es-module-lexer
3662 silly ADD node_modules/es-errors
3663 silly ADD node_modules/es-define-property
3664 silly ADD node_modules/es-abstract
3665 silly ADD node_modules/error-ex
3666 silly ADD node_modules/err-code
3667 silly ADD node_modules/envinfo
3668 silly ADD node_modules/env-paths
3669 silly ADD node_modules/entities
3670 silly ADD node_modules/enhanced-resolve
3671 silly ADD node_modules/end-of-stream
3672 silly ADD node_modules/encoding
3673 silly ADD node_modules/emoji-regex
3674 silly ADD node_modules/emittery
3675 silly ADD node_modules/electron-to-chromium
3676 silly ADD node_modules/editorconfig
3677 silly ADD node_modules/editorconfig/node_modules/minimatch
3678 silly ADD node_modules/editorconfig/node_modules/brace-expansion
3679 silly ADD node_modules/eastasianwidth
3680 silly ADD node_modules/dottie
3681 silly ADD node_modules/dotenv
3682 silly ADD node_modules/dot-prop
3683 silly ADD node_modules/doctypes
3684 silly ADD node_modules/doctrine
3685 silly ADD node_modules/dir-glob
3686 silly ADD node_modules/diff-sequences
3687 silly ADD node_modules/detect-newline
3688 silly ADD node_modules/detect-libc
3689 silly ADD node_modules/depd
3690 silly ADD node_modules/delegates
3691 silly ADD node_modules/define-properties
3692 silly ADD node_modules/define-data-property
3693 silly ADD node_modules/defer-to-connect
3694 silly ADD node_modules/deepmerge
3695 silly ADD node_modules/deep-is
3696 silly ADD node_modules/deep-extend
3697 silly ADD node_modules/dedent
3698 silly ADD node_modules/decompress-response
3699 silly ADD node_modules/decompress-response/node_modules/mimic-response
3700 silly ADD node_modules/debug
3701 silly ADD node_modules/debug/node_modules/ms
3702 silly ADD node_modules/db-errors
3703 silly ADD node_modules/dateformat
3704 silly ADD node_modules/date-fns
3705 silly ADD node_modules/data-view-byte-offset
3706 silly ADD node_modules/data-view-byte-length
3707 silly ADD node_modules/data-view-buffer
3708 silly ADD node_modules/d
3709 silly ADD node_modules/cssesc
3710 silly ADD node_modules/css-loader
3711 silly ADD node_modules/crypto-random-string
3712 silly ADD node_modules/crypto-random-string/node_modules/type-fest
3713 silly ADD node_modules/cross-spawn
3714 silly ADD node_modules/create-jest
3715 silly ADD node_modules/cookie-signature
3716 silly ADD node_modules/cookie
3717 silly ADD node_modules/convert-source-map
3718 silly ADD node_modules/content-disposition
3719 silly ADD node_modules/constantinople
3720 silly ADD node_modules/console-control-strings
3721 silly ADD node_modules/confusing-browser-globals
3722 silly ADD node_modules/configstore
3723 silly ADD node_modules/configstore/node_modules/write-file-atomic
3724 silly ADD node_modules/config-chain
3725 silly ADD node_modules/config-chain/node_modules/ini
3726 silly ADD node_modules/concurrently
3727 silly ADD node_modules/concurrently/node_modules/supports-color
3728 silly ADD node_modules/concat-map
3729 silly ADD node_modules/commist
3730 silly ADD node_modules/commander
3731 silly ADD node_modules/colorette
3732 silly ADD node_modules/color-support
3733 silly ADD node_modules/color-name
3734 silly ADD node_modules/color-convert
3735 silly ADD node_modules/collect-v8-coverage
3736 silly ADD node_modules/co
3737 silly ADD node_modules/close-with-grace
3738 silly ADD node_modules/clone-response
3739 silly ADD node_modules/clone-deep
3740 silly ADD node_modules/cliui
3741 silly ADD node_modules/cliui/node_modules/wrap-ansi
3742 silly ADD node_modules/cli-table3
3743 silly ADD node_modules/cli-color
3744 silly ADD node_modules/cli-boxes
3745 silly ADD node_modules/clean-stack
3746 silly ADD node_modules/cjs-module-lexer
3747 silly ADD node_modules/ci-info
3748 silly ADD node_modules/chrome-trace-event
3749 silly ADD node_modules/chownr
3750 silly ADD node_modules/chokidar
3751 silly ADD node_modules/chokidar/node_modules/glob-parent
3752 silly ADD node_modules/character-parser
3753 silly ADD node_modules/char-regex
3754 silly ADD node_modules/chalk
3755 silly ADD node_modules/caniuse-lite
3756 silly ADD node_modules/camelcase
3757 silly ADD node_modules/callsites
3758 silly ADD node_modules/call-bind
3759 silly ADD node_modules/cacheable-request
3760 silly ADD node_modules/cacheable-request/node_modules/lowercase-keys
3761 silly ADD node_modules/cacheable-request/node_modules/get-stream
3762 silly ADD node_modules/cacheable-lookup
3763 silly ADD node_modules/cacache
3764 silly ADD node_modules/cacache/node_modules/unique-slug
3765 silly ADD node_modules/cacache/node_modules/unique-filename
3766 silly ADD node_modules/cacache/node_modules/minipass
3767 silly ADD node_modules/cacache/node_modules/lru-cache
3768 silly ADD node_modules/cacache/node_modules/fs-minipass
3769 silly ADD node_modules/builtins
3770 silly ADD node_modules/buffer-from
3771 silly ADD node_modules/buffer
3772 silly ADD node_modules/bser
3773 silly ADD node_modules/browserslist
3774 silly ADD node_modules/braces
3775 silly ADD node_modules/brace-expansion
3776 silly ADD node_modules/boxen
3777 silly ADD node_modules/boxen/node_modules/type-fest
3778 silly ADD node_modules/boxen/node_modules/strip-ansi
3779 silly ADD node_modules/boxen/node_modules/string-width
3780 silly ADD node_modules/boxen/node_modules/emoji-regex
3781 silly ADD node_modules/boxen/node_modules/chalk
3782 silly ADD node_modules/boxen/node_modules/camelcase
3783 silly ADD node_modules/boxen/node_modules/ansi-regex
3784 silly ADD node_modules/bootstrap
3785 silly ADD node_modules/bluebird
3786 silly ADD node_modules/bl
3787 silly ADD node_modules/bindings
3788 silly ADD node_modules/binary-extensions
3789 silly ADD node_modules/better-sqlite3
3790 silly ADD node_modules/base64-js
3791 silly ADD node_modules/balanced-match
3792 silly ADD node_modules/babel-walk
3793 silly ADD node_modules/babel-preset-jest
3794 silly ADD node_modules/babel-preset-current-node-syntax
3795 silly ADD node_modules/babel-plugin-jest-hoist
3796 silly ADD node_modules/babel-plugin-istanbul
3797 silly ADD node_modules/babel-plugin-istanbul/node_modules/semver
3798 silly ADD node_modules/babel-plugin-istanbul/node_modules/istanbul-lib-instrument
3799 silly ADD node_modules/babel-jest
3800 silly ADD node_modules/avvio
3801 silly ADD node_modules/available-typed-arrays
3802 silly ADD node_modules/atomic-sleep
3803 silly ADD node_modules/at-least-node
3804 silly ADD node_modules/assert-never
3805 silly ADD node_modules/asap
3806 silly ADD node_modules/arraybuffer.prototype.slice
3807 silly ADD node_modules/array.prototype.flatmap
3808 silly ADD node_modules/array.prototype.flat
3809 silly ADD node_modules/array.prototype.findlastindex
3810 silly ADD node_modules/array-union
3811 silly ADD node_modules/array-includes
3812 silly ADD node_modules/array-buffer-byte-length
3813 silly ADD node_modules/argparse
3814 silly ADD node_modules/are-we-there-yet
3815 silly ADD node_modules/archy
3816 silly ADD node_modules/aproba
3817 silly ADD node_modules/anymatch
3818 silly ADD node_modules/ansi-styles
3819 silly ADD node_modules/ansi-regex
3820 silly ADD node_modules/ansi-escapes
3821 silly ADD node_modules/ansi-escapes/node_modules/type-fest
3822 silly ADD node_modules/ansi-align
3823 silly ADD node_modules/ajv-keywords
3824 silly ADD node_modules/ajv-formats
3825 silly ADD node_modules/ajv-formats/node_modules/json-schema-traverse
3826 silly ADD node_modules/ajv-formats/node_modules/ajv
3827 silly ADD node_modules/ajv
3828 silly ADD node_modules/aggregate-error
3829 silly ADD node_modules/agentkeepalive
3830 silly ADD node_modules/agentkeepalive/node_modules/depd
3831 silly ADD node_modules/agent-base
3832 silly ADD node_modules/acorn-jsx
3833 silly ADD node_modules/acorn-import-assertions
3834 silly ADD node_modules/acorn
3835 silly ADD node_modules/abstract-logging
3836 silly ADD node_modules/abort-controller
3837 silly ADD node_modules/abbrev
3838 silly ADD node_modules/@xtuc/long
3839 silly ADD node_modules/@xtuc/ieee754
3840 silly ADD node_modules/@webpack-cli/serve
3841 silly ADD node_modules/@webpack-cli/info
3842 silly ADD node_modules/@webpack-cli/configtest
3843 silly ADD node_modules/@webassemblyjs/wast-printer
3844 silly ADD node_modules/@webassemblyjs/wasm-parser
3845 silly ADD node_modules/@webassemblyjs/wasm-opt
3846 silly ADD node_modules/@webassemblyjs/wasm-gen
3847 silly ADD node_modules/@webassemblyjs/wasm-edit
3848 silly ADD node_modules/@webassemblyjs/utf8
3849 silly ADD node_modules/@webassemblyjs/leb128
3850 silly ADD node_modules/@webassemblyjs/ieee754
3851 silly ADD node_modules/@webassemblyjs/helper-wasm-section
3852 silly ADD node_modules/@webassemblyjs/helper-wasm-bytecode
3853 silly ADD node_modules/@webassemblyjs/helper-numbers
3854 silly ADD node_modules/@webassemblyjs/helper-buffer
3855 silly ADD node_modules/@webassemblyjs/helper-api-error
3856 silly ADD node_modules/@webassemblyjs/floating-point-hex-parser
3857 silly ADD node_modules/@webassemblyjs/ast
3858 silly ADD node_modules/@vscode/sqlite3
3859 silly ADD node_modules/@ungap/structured-clone
3860 silly ADD node_modules/@types/yargs-parser
3861 silly ADD node_modules/@types/yargs
3862 silly ADD node_modules/@types/validator
3863 silly ADD node_modules/@types/stack-utils
3864 silly ADD node_modules/@types/stack-trace
3865 silly ADD node_modules/@types/semver-utils
3866 silly ADD node_modules/@types/responselike
3867 silly ADD node_modules/@types/node
3868 silly ADD node_modules/@types/ms
3869 silly ADD node_modules/@types/keyv
3870 silly ADD node_modules/@types/json5
3871 silly ADD node_modules/@types/json-schema
3872 silly ADD node_modules/@types/jest
3873 silly ADD node_modules/@types/istanbul-reports
3874 silly ADD node_modules/@types/istanbul-lib-report
3875 silly ADD node_modules/@types/istanbul-lib-coverage
3876 silly ADD node_modules/@types/http-cache-semantics
3877 silly ADD node_modules/@types/graceful-fs
3878 silly ADD node_modules/@types/estree
3879 silly ADD node_modules/@types/eslint-scope
3880 silly ADD node_modules/@types/eslint
3881 silly ADD node_modules/@types/debug
3882 silly ADD node_modules/@types/cacheable-request
3883 silly ADD node_modules/@types/babel__traverse
3884 silly ADD node_modules/@types/babel__template
3885 silly ADD node_modules/@types/babel__generator
3886 silly ADD node_modules/@types/babel__core
3887 silly ADD node_modules/@tufjs/models
3888 silly ADD node_modules/@tufjs/models/node_modules/minimatch
3889 silly ADD node_modules/@tufjs/models/node_modules/brace-expansion
3890 silly ADD node_modules/@tufjs/canonical-json
3891 silly ADD node_modules/@tootallnate/once
3892 silly ADD node_modules/@szmarczak/http-timer
3893 silly ADD node_modules/@sinonjs/fake-timers
3894 silly ADD node_modules/@sinonjs/commons
3895 silly ADD node_modules/@sindresorhus/is
3896 silly ADD node_modules/@sinclair/typebox
3897 silly ADD node_modules/@sigstore/tuf
3898 silly ADD node_modules/@sigstore/sign
3899 silly ADD node_modules/@sigstore/protobuf-specs
3900 silly ADD node_modules/@sigstore/bundle
3901 silly ADD node_modules/@rails/ujs
3902 silly ADD node_modules/@popperjs/core
3903 silly ADD node_modules/@pnpm/npm-conf
3904 silly ADD node_modules/@pnpm/network.ca-file
3905 silly ADD node_modules/@pkgjs/parseargs
3906 silly ADD node_modules/@one-ini/wasm
3907 silly ADD node_modules/@npmcli/run-script
3908 silly ADD node_modules/@npmcli/run-script/node_modules/which
3909 silly ADD node_modules/@npmcli/promise-spawn
3910 silly ADD node_modules/@npmcli/promise-spawn/node_modules/which
3911 silly ADD node_modules/@npmcli/node-gyp
3912 silly ADD node_modules/@npmcli/move-file
3913 silly ADD node_modules/@npmcli/installed-package-contents
3914 silly ADD node_modules/@npmcli/git
3915 silly ADD node_modules/@npmcli/git/node_modules/which
3916 silly ADD node_modules/@npmcli/git/node_modules/lru-cache
3917 silly ADD node_modules/@npmcli/fs
3918 silly ADD node_modules/@nodelib/fs.walk
3919 silly ADD node_modules/@nodelib/fs.stat
3920 silly ADD node_modules/@nodelib/fs.scandir
3921 silly ADD node_modules/@lukeed/ms
3922 silly ADD node_modules/@jridgewell/trace-mapping
3923 silly ADD node_modules/@jridgewell/sourcemap-codec
3924 silly ADD node_modules/@jridgewell/source-map
3925 silly ADD node_modules/@jridgewell/set-array
3926 silly ADD node_modules/@jridgewell/resolve-uri
3927 silly ADD node_modules/@jridgewell/gen-mapping
3928 silly ADD node_modules/@jest/types
3929 silly ADD node_modules/@jest/transform
3930 silly ADD node_modules/@jest/test-sequencer
3931 silly ADD node_modules/@jest/test-result
3932 silly ADD node_modules/@jest/source-map
3933 silly ADD node_modules/@jest/schemas
3934 silly ADD node_modules/@jest/reporters
3935 silly ADD node_modules/@jest/reporters/node_modules/glob
3936 silly ADD node_modules/@jest/globals
3937 silly ADD node_modules/@jest/fake-timers
3938 silly ADD node_modules/@jest/expect-utils
3939 silly ADD node_modules/@jest/expect
3940 silly ADD node_modules/@jest/environment
3941 silly ADD node_modules/@jest/core
3942 silly ADD node_modules/@jest/console
3943 silly ADD node_modules/@istanbuljs/schema
3944 silly ADD node_modules/@istanbuljs/load-nyc-config
3945 silly ADD node_modules/@istanbuljs/load-nyc-config/node_modules/p-locate
3946 silly ADD node_modules/@istanbuljs/load-nyc-config/node_modules/p-limit
3947 silly ADD node_modules/@istanbuljs/load-nyc-config/node_modules/locate-path
3948 silly ADD node_modules/@istanbuljs/load-nyc-config/node_modules/js-yaml
3949 silly ADD node_modules/@istanbuljs/load-nyc-config/node_modules/find-up
3950 silly ADD node_modules/@istanbuljs/load-nyc-config/node_modules/argparse
3951 silly ADD node_modules/@isaacs/cliui
3952 silly ADD node_modules/@isaacs/cliui/node_modules/strip-ansi
3953 silly ADD node_modules/@isaacs/cliui/node_modules/string-width
3954 silly ADD node_modules/@isaacs/cliui/node_modules/emoji-regex
3955 silly ADD node_modules/@isaacs/cliui/node_modules/ansi-regex
3956 silly ADD node_modules/@humanwhocodes/object-schema
3957 silly ADD node_modules/@humanwhocodes/module-importer
3958 silly ADD node_modules/@humanwhocodes/config-array
3959 silly ADD node_modules/@gar/promisify
3960 silly ADD node_modules/@fastify/view
3961 silly ADD node_modules/@fastify/view/node_modules/fastify-plugin
3962 silly ADD node_modules/@fastify/static
3963 silly ADD node_modules/@fastify/static/node_modules/fastify-plugin
3964 silly ADD node_modules/@fastify/sensible
3965 silly ADD node_modules/@fastify/sensible/node_modules/fastify-plugin
3966 silly ADD node_modules/@fastify/send
3967 silly ADD node_modules/@fastify/secure-session
3968 silly ADD node_modules/@fastify/secure-session/node_modules/fastify-plugin
3969 silly ADD node_modules/@fastify/merge-json-schemas
3970 silly ADD node_modules/@fastify/formbody
3971 silly ADD node_modules/@fastify/formbody/node_modules/fastify-plugin
3972 silly ADD node_modules/@fastify/flash
3973 silly ADD node_modules/@fastify/flash/node_modules/fastify-plugin
3974 silly ADD node_modules/@fastify/fast-json-stringify-compiler
3975 silly ADD node_modules/@fastify/error
3976 silly ADD node_modules/@fastify/deepmerge
3977 silly ADD node_modules/@fastify/cookie
3978 silly ADD node_modules/@fastify/cookie/node_modules/fastify-plugin
3979 silly ADD node_modules/@fastify/ajv-compiler
3980 silly ADD node_modules/@fastify/ajv-compiler/node_modules/json-schema-traverse
3981 silly ADD node_modules/@fastify/ajv-compiler/node_modules/ajv
3982 silly ADD node_modules/@fastify/accept-negotiator
3983 silly ADD node_modules/@eslint/js
3984 silly ADD node_modules/@eslint/eslintrc
3985 silly ADD node_modules/@eslint/eslintrc/node_modules/globals
3986 silly ADD node_modules/@eslint-community/regexpp
3987 silly ADD node_modules/@eslint-community/eslint-utils
3988 silly ADD node_modules/@discoveryjs/json-ext
3989 silly ADD node_modules/@colors/colors
3990 silly ADD node_modules/@bcoe/v8-coverage
3991 silly ADD node_modules/@babel/types
3992 silly ADD node_modules/@babel/traverse
3993 silly ADD node_modules/@babel/traverse/node_modules/globals
3994 silly ADD node_modules/@babel/template
3995 silly ADD node_modules/@babel/runtime
3996 silly ADD node_modules/@babel/plugin-syntax-typescript
3997 silly ADD node_modules/@babel/plugin-syntax-top-level-await
3998 silly ADD node_modules/@babel/plugin-syntax-optional-chaining
3999 silly ADD node_modules/@babel/plugin-syntax-optional-catch-binding
4000 silly ADD node_modules/@babel/plugin-syntax-object-rest-spread
4001 silly ADD node_modules/@babel/plugin-syntax-numeric-separator
4002 silly ADD node_modules/@babel/plugin-syntax-nullish-coalescing-operator
4003 silly ADD node_modules/@babel/plugin-syntax-logical-assignment-operators
4004 silly ADD node_modules/@babel/plugin-syntax-jsx
4005 silly ADD node_modules/@babel/plugin-syntax-json-strings
4006 silly ADD node_modules/@babel/plugin-syntax-import-meta
4007 silly ADD node_modules/@babel/plugin-syntax-class-properties
4008 silly ADD node_modules/@babel/plugin-syntax-bigint
4009 silly ADD node_modules/@babel/plugin-syntax-async-generators
4010 silly ADD node_modules/@babel/parser
4011 silly ADD node_modules/@babel/highlight
4012 silly ADD node_modules/@babel/highlight/node_modules/supports-color
4013 silly ADD node_modules/@babel/highlight/node_modules/has-flag
4014 silly ADD node_modules/@babel/highlight/node_modules/color-name
4015 silly ADD node_modules/@babel/highlight/node_modules/color-convert
4016 silly ADD node_modules/@babel/highlight/node_modules/chalk
4017 silly ADD node_modules/@babel/highlight/node_modules/ansi-styles
4018 silly ADD node_modules/@babel/helpers
4019 silly ADD node_modules/@babel/helper-validator-option
4020 silly ADD node_modules/@babel/helper-validator-identifier
4021 silly ADD node_modules/@babel/helper-string-parser
4022 silly ADD node_modules/@babel/helper-split-export-declaration
4023 silly ADD node_modules/@babel/helper-simple-access
4024 silly ADD node_modules/@babel/helper-plugin-utils
4025 silly ADD node_modules/@babel/helper-module-transforms
4026 silly ADD node_modules/@babel/helper-module-imports
4027 silly ADD node_modules/@babel/helper-hoist-variables
4028 silly ADD node_modules/@babel/helper-function-name
4029 silly ADD node_modules/@babel/helper-environment-visitor
4030 silly ADD node_modules/@babel/helper-compilation-targets
4031 silly ADD node_modules/@babel/helper-compilation-targets/node_modules/semver
4032 silly ADD node_modules/@babel/generator
4033 silly ADD node_modules/@babel/core
4034 silly ADD node_modules/@babel/core/node_modules/semver
4035 silly ADD node_modules/@babel/compat-data
4036 silly ADD node_modules/@babel/code-frame
4037 silly ADD node_modules/@ampproject/remapping
4038 silly ADD node_modules/@aashutoshrathi/word-wrap
4039 timing command:install Completed in 64370ms
4040 verbose exit 0
4041 timing npm Completed in 64452ms
4042 info ok
